ID,英文名稱,中文名稱,圖片,備註,更新日期
1489748,Executive Yuan,行政院,,,2012-11-26
1489749,Ministry of the Interior,內政部,,,2012-11-26
1489750,Ministry of Foreign Affairs,外交部,,,2012-11-26
1489751,Ministry of National Defense,國防部,,,2012-11-26
1489752,Ministry of Finance,財政部,,,2012-11-26
1489753,Ministry of Education,教育部,,,2012-11-26
1489754,Ministry of Justice,法務部,,,2012-11-26
1489755,Ministry of Economic Affairs,經濟部,,,2012-11-26
1489756,Ministry of Transportation and Communications,交通部,,,2012-11-26
1489757,Mongolian and Tibetan Affairs Commission,蒙藏委員會,,,2012-11-26
1489758,Overseas Compatriot Affairs Commission,僑務委員會,,94年5月4日會地字第0950005411號函復變更機關名稱,2012-11-26
1489759,Central Bank of the Republic of China,中央銀行,,,2012-11-26
1489760,"Directorate-General of Budget, Accounting and Statistics, Executive Yuan",行政院主計處,,,2012-11-26
1489761,"Central Personnel Administration, Executive Yuan",行政院人事行政局,,,2012-11-26
1489762,"Government Information Office, Executive Yuan",行政院新聞局,,,2012-11-26
1489763,"Department of Health, Executive Yuan",行政院衛生署,,,2012-11-26
1489764,"Environmental Protection Administration, Executive Yuan",行政院環境保護署,,,2012-11-26
1489765,National Palace Museum,國立故宮博物院,,,2012-11-26
1489766,"Mainland Affairs Council, Executive Yuan",行政院大陸委員會,,,2012-11-26
1489767,"Council for Economic Planning and Development, Executive Yuan",行政院經濟建設委員會,,,2012-11-26
1489768,"Veterans Affairs Commission, Executive Yuan",行政院國軍退除役官兵輔導委員會,,,2012-11-26
1489769,"National Youth Commission, Executive Yuan",行政院青年輔導委員會,,,2012-11-26
1489770,"Atomic Energy Council, Executive Yuan",行政院原子能委員會,,,2012-11-26
1489771,"National Science Council, Executive Yuan",行政院國家科學委員會,,,2012-11-26
1489772,"Research, Development and Evaluation Commission, Executive Yuan",行政院研究發展考核委員會,,,2012-11-26
1489773,"Council of Agriculture, Executive Yuan",行政院農業委員會,,,2012-11-26
1489774,"Council for Cultural Affairs, Executive Yuan",行政院文化建設委員會,,,2012-11-26
1489775,"Council of Labor Affairs, Executive Yuan",行政院勞工委員會,,,2012-11-26
1489776,"Fair Trade Commission, Executive Yuan",行政院公平交易委員會,,,2012-11-26
1489777,"Public Construction Commission, Executive Yuan",行政院公共工程委員會,,,2012-11-26
1489778,"Sports Affairs Council, Executive Yuan",行政院體育委員會,,960521會地字0960009671號函復同意變更。,2012-11-26
1489779,"Council of Indigenous Peoples, Executive Yuan",行政院原住民族委員會,,,2012-11-26
1489780,"Coast Guard Administration, Executive Yuan",行政院海岸巡防署,,,2012-11-26
1489781,"Consumer Protection Commission, Executive Yuan",行政院消費者保護委員會,,,2012-11-26
1489782,"Council for Hakka Affairs, Executive Yuan",行政院客家委員會,,,2012-11-26
1489783,Central Election Commission,中央選舉委員會,,,2012-11-26
1489784,"Financial Supervisory Commission, Executive Yuan",行政院金融監督管理委員會,,94.6.8會地字第0940010954號函復,2012-11-26
1489785,"Council for Aviation Safety, Executive Yuan",行政院飛航安全委員會,,,2012-11-26
1489786,National Communications Commission,國家通訊傳播委員會,,,2012-11-26
1489787,"The 921 Earthquake Post-Disaster Recover Commission, Executive Yuan",行政院九二一震災災後重建推動委員會,,921震災重建暫行條例950204廢止。,2012-11-26
1489788,Taiwan Provincial Government,臺灣省政府,,,2012-11-26
1489789,Fuchien Provincial Government,福建省政府,,,2012-11-26
1489790,Taiwan Provincial Consultative Council ,臺灣省諮議會,,,2012-11-26
1489791,"National Police Agency, Ministry of the Interior",內政部警政署,,,2012-11-26
1489792,"Architecture and Building Research Institute, Ministry of the Interior",內政部建築研究所,,,2012-11-26
1489793,Central Police University ,中央警察大學,,,2012-11-26
1489794,"Child Welfare Bureau, Ministry of the Interior",內政部兒童局,,,2012-11-26
1489795,"Conscription Agency, Ministry of the Interior",內政部役政署,,,2012-11-26
1489796,"National Fire Agency, Ministry of the Interior",內政部消防署,,,2012-11-26
1489797,"Construction and Planning Agency, Ministry of the Interior",內政部營建署,,,2012-11-26
1489798,"Land Readjustment Engineering Bureau, Ministry of the Interior",內政部土地重劃工程局,,,2012-11-26
1489799,"Land Survey Bureau , Ministry of the Interior",內政部土地測量局,,,2012-11-26
1489800,"Social Welfare Workers' Training Center, Ministry of the Interior",內政部社會福利工作人員研習中心,,,2012-11-26
1489801,"Changhua Nursing Home, Ministry of the Interior",內政部彰化老人養護中心,,地名音譯及拼音部份以院頒「中文音譯使用原則」為準。,2012-11-26
1489802,"Adolescents' Home  , Ministry of the Interior",內政部少年之家,,,2012-11-26
1489803,"Yunlin Education and Nursing Institute, Ministry of the Interior",內政部雲林教養院,,地名音譯及拼音部份以院頒「中文音譯使用原則」為準。,2012-11-26
1489804,"Nantou Education and Nursing Institute, Ministry of the Interior",內政部南投啟智教養院,,地名音譯及拼音部份以院頒「中文音譯使用原則」為準。,2012-11-26
1489805,"Tainan Education and Nursing Institute, Ministry of the Interior",內政部台南教養院,,地名音譯及拼音部份以院頒「中文音譯使用原則」為準。,2012-11-26
1489806,"Northern Region Children's Home, Ministry of the Interior",內政部北區兒童之家,,,2012-11-26
1489807,"Central Region Children's Home, Ministry of the Interior",內政部中區兒童之家,,,2012-11-26
1489808,"Southern Region Children's Home, Ministry of the Interior",內政部南區兒童之家,,,2012-11-26
1489809,"Penghu Senior Citizens' Home, Ministry of the Interior",內政部澎湖老人之家,,地名音譯及拼音部份以院頒「中文音譯使用原則」為準。,2012-11-26
1489810,"Nouthern Region Senior Citizens' Home, Ministry of the Interior",內政部北區老人之家,,,2012-11-26
1489811,"Central Region Senior Citizens' Home, Ministry of the Interior",內政部中區老人之家,,,2012-11-26
1489812,"Southern Region Senior Citizens' Home, Ministry of the Interior",內政部南區老人之家,,,2012-11-26
1489813,"Eastern Region Senior Citizens' Home, Ministry of the Interior",內政部東區老人之家,,,2012-11-26
1489814,"Yilan Education and Nursing Institute Provisional Office, Ministry of the Interior",內政部宜蘭教養院籌備處,,1.地名音譯及拼音部份以院頒「中文音譯使用原則」為準。2.古坑教養院籌備處比照。,2012-11-26
1489815,"National Immigration Agency, Ministry of the Interior",內政部入出國及移民署,,950614會綜字第0950011320號函復,2012-11-26
1489816,"Foreign Service Institute, Ministry of Foreign Affairs",外交部外交領事人員講習所,,,2012-11-26
1489817,"Bureau of Consular Affairs, Ministry of Foreign Affairs",外交部領事事務局,,,2012-11-26
1489818,"National Treasury Agency, Ministry of Finance",財政部國庫署,,,2012-11-26
1489819,"Taxation Agency, Ministry of Finance",財政部賦稅署,,,2012-11-26
1489820,"National Property Administration, Ministry of Finance",財政部國有財產局,,,2012-11-26
1489821,"Taipei National Tax Administration, Ministry of Finance",財政部臺北市國稅局,,,2012-11-26
1489822,"Kaohsiung National Tax Administration, Ministry of Finance",財政部高雄市國稅局,,,2012-11-26
1489823,"National Tax Administration of Northern Taiwan Province, Ministry of Finance",財政部臺灣省北區國稅局,,,2012-11-26
1489824,"National Tax Administration of Central Taiwan Province, Ministry of Finance",財政部臺灣省中區國稅局,,,2012-11-26
1489825,"National Tax Administration of Southern Taiwan Province, Ministry of Finance",財政部臺灣省南區國稅局,,,2012-11-26
1489826,"Bureau of Monetary Affairs, Ministry of Finance",財政部金融局,,,2012-11-26
1489827,"Directorate General of Customs, Ministry of Finance",財政部關稅總局,,,2012-11-26
1489828,"Securities and Futures Commission, Ministry of Finance",財政部證券暨期貨管理委員會,,,2012-11-26
1489829,"Taxation and Tariff Committee, Ministry of Finance",財政部稅制委員會,,,2012-11-26
1489830,"Training Institute, Ministry of Finance, Ministry of Finance",財政部財稅人員訓練所,,,2012-11-26
1489831,"Financial Data Center, Ministry of Finance, Ministry of Finance",財政部財稅資料中心,,,2012-11-26
1489832,"Taipei Disbursement Office, Ministry of Finance, Ministry of Finance",財政部臺北區支付處,,,2012-11-26
1489833,The Export-Import Bank of the Republic of China,中國輸出入銀行,,,2012-11-26
1489834,Central Trust of China,中央信託局,,,2012-11-26
1489835,Central Deposit Insurance Corporation  ,中央存款保險股份有限公司,,,2012-11-26
1489836,Bank of Taiwan  ,臺灣銀行,,,2012-11-26
1489837,Land Bank of Taiwan ,臺灣土地銀行,,,2012-11-26
1489838,Taiwan Cooperative Bank  ,合作金庫銀行股份有限公司,,,2012-11-26
1489839,Taiwan Tobacco and Liquor Corporation,臺灣菸酒股份有限公司,,,2012-11-26
1489840,"Printing Plant, Ministry of Finance",財政部印刷廠,,,2012-11-26
1489842,National Taiwan Library,國立中央圖書館台灣分館,,,2012-11-26
1489843,National Central Library  ,國家圖書館,,,2012-11-26
1489844,National Museum of History,國立歷史博物館,,,2012-11-26
1489845,National Taiwan Science Education Center,國立臺灣科學教育館,,,2012-11-26
1489846,National Taiwan Arts Education Center,國立台灣藝術教育館,,,2012-11-26
1489848,National Institute of Chinese Medicine,國立中國醫藥研究所,,,2012-11-26
1489849,National Sun Yat-sen Memorial Hall ,國立國父紀念館,,,2012-11-26
1489850,National Chiang Kai-shek Memorial Management Office,國立中正紀念堂管理處,,,2012-11-26
1489851,National Science and Technology Museum ,國立科學工藝博物館,,,2012-11-26
1489852,National Museum of Natural Science  ,國立自然科學博物館,,,2012-11-26
1489853,National Museum of Marine Biology ,國立海洋生物博物館,,,2012-11-26
1489854,National Museum of Marine Science and Technology Provisional Office  ,國立海洋科技博物館籌備處,,,2012-11-26
1489855,National Zhongzheng Cultural Center ,國立中正文化中心,,地名音譯或拼音部份以內政部及教育部發布資料為準。,2012-11-26
1489856,National Guoguang Opera Company  ,國立國光劇團,,地名音譯或拼音部份以內政部及教育部發布資料為準。,2012-11-26
1489857,National Museum of Prehistory  ,國立台灣史前文化博物館,,,2012-11-26
1489858,National Education Radio Station,國立教育廣播電台,,,2012-11-26
1489859,National Hsinchu Social Education Center,國立新竹社會教育館,,地名音譯或拼音部份以內政部及教育部發布資料為準。,2012-11-26
1489860,National Changhua Social Education Center,國立彰化社會教育館,,地名音譯或拼音部份以內政部及教育部發布資料為準。,2012-11-26
1489861,National Tainan Social Education Center,國立台南社會教育館,,地名音譯或拼音部份以內政部及教育部發布資料為準。,2012-11-26
1489862,National Taitung Social Education Center,國立台東社會教育館,,地名音譯或拼音部份以內政部及教育部發布資料為準。,2012-11-26
1489863,Taiwan Secondary Education Teachers Training Center,台灣省中等學校教師研習會,,,2012-11-26
1489864,National Institute of Education Research Provisional Office,國立教育研究院籌備處,,,2012-11-26
1489865,National Fenghuanggu Bird Park,國立鳳凰谷鳥園,,地名音譯或拼音部份以內政部及教育部發布資料為準。,2012-11-26
1489866,________ University,_______大學,,地名音譯或拼音部份以內政部及教育部發布資料為準。,2012-11-26
1489867,National Chung Cheng University,國立中正大學,,,2012-11-26
1489868,National Chung Hsing University,國立中興大學,,,2012-11-26
1489869,National Dong Hwa University,國立東華大學,,,2012-11-26
1489870,National Chengchi University,國立政治大學,,,2012-11-26
1489871,National Tsing Hua University,國立清華大學,,,2012-11-26
1489872,National Yang Ming University,國立陽明大學,,,2012-11-26
1489873,National Taipei University,國立臺北大學,,,2012-11-26
1489874,National Taiwan Ocean University,國立臺灣海洋大學,,,2012-11-26
1489875,National Taiwan University of Arts ,國立臺灣藝術大學,,,2012-11-26
1489876,National Taiwan University,國立台灣大學,,,2012-11-26
1489877,National Taitung Teachers College ,國立臺東師範學院,,地名音譯或拼音部份以內政部及教育部發布資料為準。,2012-11-26
1489878,National Taitung Physical Education High School ,國立臺東體育實驗高級中學,,地名音譯或拼音部份以內政部及教育部發布資料為準。,2012-11-26
1489879,National Science Park High School,國立科學工業園區實驗高級中學,,地名音譯或拼音部份以內政部及教育部發布資料為準。,2012-11-26
1489880,High School,_____高中,,地名音譯或拼音部份以內政部及教育部發布資料為準。,2012-11-26
1489881,Industrial High School,___工業職業學校,,地名音譯或拼音部份以內政部及教育部發布資料為準。,2012-11-26
1489882,Agriculture High School,___農業職業學校,,地名音譯或拼音部份以內政部及教育部發布資料為準。,2012-11-26
1489883,Commercial High School,___商業職業學校,,地名音譯或拼音部份以內政部及教育部發布資料為準。,2012-11-26
1489884,Home Economics High School,___家事職業學校,,地名音譯或拼音部份以內政部及教育部發布資料為準。,2012-11-26
1489885,Maritime High School,___海事職業學校,,地名音譯或拼音部份以內政部及教育部發布資料為準。,2012-11-26
1489886,Fishery High School,___水產職業學校,,地名音譯或拼音部份以內政部及教育部發布資料為準。,2012-11-26
1489887,Special Education School,___特殊教育學校,,地名音譯或拼音部份以內政部及教育部發布資料為準。,2012-11-26
1489888,Special Education School for the Deaf,___啟聰學校,,地名音譯或拼音部份以內政部及教育部發布資料為準。,2012-11-26
1489889,Special Education School for the Blind,___啟明學校,,地名音譯或拼音部份以內政部及教育部發布資料為準。,2012-11-26
1489890,Special Education School for the Mentally Retarded,___啟智學校,,地名音譯或拼音部份以內政部及教育部發布資料為準。,2012-11-26
1489891,Supreme Prosecutors Office,最高法院檢察署,,,2012-11-26
1489892,Taiwan High Prosecutors Office,台灣高等法院檢察署,,,2012-11-26
1489893,        Prosecutors Office,檢察機關(各檢察署),,,2012-11-26
1489894,Pingtung Prison,台灣屏東監獄,,1.地名音譯或拼音部份以內政部及教育部發布資料為準。2.其餘19處監獄比照。,2012-11-26
1489895,Taoyuan Women's Prison,台灣桃園女子監獄,,地名音譯或拼音部份以內政部及教育部發布資料為準。,2012-11-26
1489896,Taichung Women's Prison,台灣台中女子監獄,,地名音譯或拼音部份以內政部及教育部發布資料為準。,2012-11-26
1489897,Kaohsiung Women's Prison,台灣高雄女子監獄,,地名音譯或拼音部份以內政部及教育部發布資料為準。,2012-11-26
1489898,Ziqiang Minimum-Security Prison,台灣自強外役監獄,,1.地名音譯或拼音部份以內政部及教育部發布資料為準。2.明德外役監獄比照。,2012-11-26
1489899,Taoyuan Reform School,台灣桃園少年輔育院,,地名音譯或拼音部份以內政部及教育部發布資料為準。,2012-11-26
1489900,Changhua Reform School,台灣彰化少年輔育院,,地名音譯或拼音部份以內政部及教育部發布資料為準。,2012-11-26
1489901,Taiyuan Training Institute,台灣泰源技能訓練所,,1.地名音譯或拼音部份以內政部及教育部發布資料為準。2.東成、岩灣、綠島技訓所比照。,2012-11-26
1489902,Chengzheng High School,誠正中學,,1.地名音譯或拼音部份以內政部及教育部發布資料為準。2.明德中學比照。,2012-11-26
1489903,Taipei Detention Center,台灣台北看守所,,1.地名音譯或拼音部份以內政部及教育部發布資料為準。2.其餘17所看守所比照‧,2012-11-26
1489904,Taipei Juvenile Detention House,台灣台北少年觀護所,,1.地名音譯或拼音部份以內政部及教育部發布資料為準。明德中學比照。2.其餘17所觀護所比照‧,2012-11-26
1489905,"Prison, Reform School, Detention Center, High School",監獄、輔育院、看守所、學校,,,2012-11-26
1489906,"Administrative Enforcement Agency, Ministry of Justice",法務部行政執行署,,,2012-11-26
1489907,"Investigation Bureau, Ministry of Justice",法務部調查局,,,2012-11-26
1489908,"Training Institute for Judges and Prosecutors, Ministry of Justice",法務部司法官訓練所,,,2012-11-26
1489909,"Training Institute for Correctional Officers, Ministry of Justice",法務部矯正人員訓練所,,,2012-11-26
1489910,"Forensic Medicine Institute, Ministry of Justice",法務部法醫研究所,,,2012-11-26
1489911,"Industrial Development Bureau, Ministry of Economic Affairs",經濟部工業局,,,2012-11-26
1489912,"Bureau of  Foreign Trade, Ministry of Economic Affairs",經濟部國際貿易局,,,2012-11-26
1489913,"Intellectual Property Office, Ministry of Economic Affairs",經濟部智慧財產局,,,2012-11-26
1489914,"Bureau of Standards, Metrology and Inspection, Ministry of Economic Affairs",經濟部標準檢驗局,,,2012-11-26
1489915,"Small and Medium Enterprise Administration, Ministry of Economic Affairs",經濟部中小企業處,,,2012-11-26
1489916,"Export Processing Zone  Administration, Ministry of Economic Affairs",經濟部加工出口區管理處,,,2012-11-26
1489917,"Central Geological Survey, Ministry of Economic Affairs",經濟部中央地質調查所,,,2012-11-26
1489918,"Investment Board, Ministry of Economic Affairs",經濟部投資審議委員會,,,2012-11-26
1489919,"Energy Commission, Ministry of Economic Affairs",經濟部能源委員會,,,2012-11-26
1489920,"State-owned Enterprise  Commission, Ministry of Economic Affairs",經濟部國營事業委員會,,,2012-11-26
1489921,"International Trade Commission, Ministry of Economic Affairs",經濟部貿易調查委員會,,,2012-11-26
1489922,"Professional Training Center, Ministry of Economic Affairs",經濟部專業人員研究中心,,,2012-11-26
1489923,"Water Resources Agency, Ministry of Economic Affairs",經濟部水利署,,,2012-11-26
1489924,"Bureau of Mines, Ministry of Economic Affairs",經濟部礦務局,,,2012-11-26
1489925,Taiwan Sugar Corporation,台灣糖業股份有限公司,,,2012-11-26
1489926,Taiwan Power Company,台灣電力股份有限公司,,,2012-11-26
1489927,Chinese Petroleum Corporation,中國石油股份有限公司,,,2012-11-26
1489928,China Shipbuilding Corporation,中國造船股份有限公司,,,2012-11-26
1489929,Taiwan Salt Company,臺鹽實業股份有限公司,,,2012-11-26
1489930,Aerospace Industrial Development Corporation,漢翔航空工業股份有限公司,,,2012-11-26
1489931,"Tang Eng Iron Works Co., LTD ",唐榮鐵工廠股份有限公司,,,2012-11-26
1489932,Taiwan Water Corporation,臺灣省自來水股份有限公司,,,2012-11-26
1489933,"Chunghwa Post Co., Ltd.",中華郵政股份有限公司,,地名音譯部分以內政部發布資料為準。,2012-11-26
1489934,"Directorate General of Telecommunications, Ministry of Transportation and Communications",交通部電信總局,,,2012-11-26
1489935,"Chunghwa Telecom Co., Ltd. ",中華電信股份有限公司,,,2012-11-26
1489936,"Civil Aeronautics Administration, Ministry of Transportation and Communications",交通部民用航空局,,,2012-11-26
1489937,"Tourism Bureau, Ministry of Transportation and Communications",交通部觀光局,,,2012-11-26
1489938,"National Freeway Bureau, Ministry of Transportation and Communications",交通部臺灣區國道高速公路局,,,2012-11-26
1489939,"Central Weather Bureau, Ministry of Transportation and Communications",交通部中央氣象局,,,2012-11-26
1489940,"Institute of Transportation, Ministry of Transportation and Communications",交通部運輸研究所,,,2012-11-26
1489941,"Railway Reconstruction Bureau, Ministry of Transportation and Communications",交通部鐵路改建工程局,,,2012-11-26
1489942,"National Expressway Engineering Bureau, Ministry of Transportation and Communications",交通部台灣區國道新建工程局,,,2012-11-26
1489943,"Bureau of High Speed Rail, Ministry of Transportation and Communications",交通部高速鐵路工程局,,,2012-11-26
1489944,"Taiwan Railways Administration, Ministry of Transportation and Communications",交通部臺灣鐵路管理局,,,2012-11-26
1489945,"Directorate General of Highways, Ministry of Transportation and Communications",交通部公路總局,,,2012-11-26
1489946,"Keelung Harbor Bureau, Ministry of Transportation and Communications",交通部基隆港務局,,,2012-11-26
1489947,"Kaohsiung Harbor Bureau, Ministry of Transportation and Communications",交通部高雄港務局,,,2012-11-26
1489948,"Hualien Harbor Bureau, Ministry of Transportation and Communications",交通部花蓮港務局,,,2012-11-26
1489949,"Taichung Harbor Bureau, Ministry of Transportation and Communications",交通部台中港務局,,1.地名音譯及拼音部份以院頒「中文音譯使用原則」為準。2.其他港務局比照。,2012-11-26
1489950,Chung Hwa Correspondence School,中華函授學校,,,2012-11-26
1489951,Overseas Compatriot News Agency,華僑通訊社,,,2012-11-26
1489952,Central Engraving and Printing Plant,中央印製廠,,,2012-11-26
1489953,Central Mint ,中央造幣廠,,,2012-11-26
1489954,"Data Management Processing Center , Directorate-General of Budget, Accounting and Statistics, Executive Yuan",行政院主計處電子處理資料中心,,,2012-11-26
1489955,Civil Service Development Institute ,公務人力發展中心,,,2012-11-26
1489956,Civil Service Housing and Welfare Committee,公務人員住宅及福利委員會,,,2012-11-26
1489957,"Regional Civil Service Development Institute, Central Personnel Administration, Executive Yuan",行政院人事行政局地方行政研習中心,,,2012-11-26
1489958,"Bureau of Food and Drug Analysis, Department of Health, Executive Yuan",行政院衛生署藥物食品檢驗局,,,2012-11-26
1489959,"Bureau of Controlled Drugs, Department of Health, Executive Yuan",行政院衛生署管制藥品管理局,,,2012-11-26
1489960,"Centers for Disease Control, Department of Health, Executive Yuan",行政院衛生署疾病管制局,,951123會地字0950022665號函復同意變更。,2012-11-26
1489961,"Chest Hospital, Department of Health, Executive Yuan",行政院衛生署胸腔病院,,,2012-11-26
1489962,"Bureau of Health Promotion, Department of Health, Executive Yuan",行政院衛生署國民健康局,,,2012-11-26
1489963,Bureau of National Health Insurance ,中央健康保險局,,,2012-11-26
1489964,"Committee on Chinese Medicine and Pharmacy, Department of Health, Executive Yuan",行政院衛生署中醫藥委員會,,,2012-11-26
1489965,National Health Insurance Dispute Mediation Committee,全民健康保險爭議審議委員會,,,2012-11-26
1489966,National Health Insurance Supervisory Committee,全民健康保險監理委員會,,,2012-11-26
1489967,National Health Insurance Medical Expenditure Negotiation Committee,全民健康保險醫療費用協定委員會,,,2012-11-26
1489968,"        Hospital, Department of Health, Executive Yuan",行政院衛生署署立醫療院,,,2012-11-26
1489969,"Yilan Hospital, Department of Health, Executive Yuan",行政院衛生署宜蘭醫院,,1.地名音譯及拼音部份以院頒「中文音譯使用原則」為準。2.餘20家署立醫院比照。,2012-11-26
1489970,"Leseng Sanatorium, Department of Health, Executive Yuan",行政院衛生署樂生療養院,,音譯部分以教育部發布資料為準。,2012-11-26
1489971,"Taoyuan Mental Hospital, Department of Health, Executive Yuan",行政院衛生署桃園療養院,,1.地名音譯及拼音部份以院頒「中文音譯使用原則」為準。2.餘4家精神疾病療養院比照。,2012-11-26
1489972,"Environmental Analysis  Laboratory, Environmental Protection Administration, Executive Yuan",行政院環境保護署環境檢驗所,,,2012-11-26
1489973,"Environmental Professionals Training Institute, Environmental Protection Administration, Executive Yuan",行政院環境保護署環境保護人員訓練所 ,,,2012-11-26
1489974,"Hong Kong Affairs Bureau, Mainland Affairs Council, Executive Yuan",行政院大陸委員會香港事務局,,,2012-11-26
1489975,"Macao Affairs Office, Mainland Affairs Council, Executive Yuan",行政院大陸委員會澳門事務局,,,2012-11-26
1489976,"Taipei Veterans General Hospital, Veterans Affairs Commission, Executive Yuan",行政院國軍退除役官兵輔導委員會台北榮民總醫院,,1.地名音譯及拼音部份以院頒「中文音譯使用原則」為準。2.餘2家總醫院比照。,2012-11-26
1489977,"         Veterans Hospital, Veterans Affairs Commission, Executive Yuan",行政院國軍退除役官兵輔導委員會各榮民醫院,,,2012-11-26
1489978,"Taoyuan Veterans Hospital, Veterans Affairs Commission, Executive Yuan",行政院國軍退除役官兵輔導委員會桃園榮民醫院,,1.地名音譯及拼音部份以院頒「中文音譯使用原則」為準。,2012-11-26
1489979,"Tainan Veterans' Home, Veterans Affairs Commission, Executive Yuan",行政院國軍退除役官兵輔導委員會台南榮民之家,,1.地名音譯及拼音部份以院頒「中文音譯使用原則」為準。2.餘13處榮家比照。,2012-11-26
1489980,"Bade Veterans Domiciliary Center, Veterans Affairs Commission, Executive Yuan",行政院國軍退除役官兵輔導委員會八德榮民自費安養中心,,1.地名音譯及拼音部份以院頒「中文音譯使用原則」為準。2.餘3家自費安養中心比照。,2012-11-26
1489981,"Taipei City Veterans Service Office, VAC",行政院國軍退除役官兵輔導委員會台北市榮民服務處,,1.地名音譯及拼音部份以院頒「中文音譯使用原則」為準。2.餘21家榮民服務處比照。,2020-08-13
1489982,"Vocational Training Center, Veterans Affairs Commission, Executive Yuan",行政院國軍退除役官兵輔導委員會訓練中心,,,2012-11-26
1489983,"Wuling Veterans Farm, Veterans Affairs Commission, Executive Yuan",行政院國軍退除役官兵輔導委員會武陵農場,,1.地名音譯及拼音部份以院頒「中文音譯使用原則」為準。2.餘7家農場比照。,2012-11-26
1489984,"Veterans Food Processing Factory, Veterans Affairs Commission, Executive Yuan",行政院國軍退除役官兵輔導委員會食品工廠,,,2012-11-26
1489985,"Taipei Veterans Technical Labor Center, Veterans Affairs Commission, Executive Yuan",行政院國軍退除役官兵輔導委員會台北榮民技術勞務中心,,地名音譯及拼音部份以院頒「中文音譯使用原則」為準。,2012-11-26
1489986,"Kaohsiung Veterans Technical Labor Center, Veterans Affairs Commission, Executive Yuan",行政院國軍退除役官兵輔導委員會高雄榮民技術勞務中心,,地名音譯及拼音部份以院頒「中文音譯使用原則」為準。,2012-11-26
1489987,"Veterans Plastic Works, Veterans Affairs Commission, Executive Yuan",行政院國軍退除役官兵輔導委員會塑膠工廠,,,2012-11-26
1489988,"Veterans Pharmaceutical Plant, Veterans Affairs Commission, Executive Yuan",行政院國軍退除役官兵輔導委員會榮民製藥廠,,,2012-11-26
1489989,"Longci Dynamite Plant, Veterans Affairs Commission, Executive Yuan",行政院國軍退除役官兵輔導委員會龍崎工廠,,地名音譯及拼音部份以院頒「中文音譯使用原則」為準。,2012-11-26
1489990,"Forest Conservation and Enterprise Administration, Veterans Affairs Commission, Executive Yuan",行政院國軍退除役官兵輔導委員會榮民森林保育事業管理處,,,2012-11-26
1489991,RSEA Engineering Corporation ,榮民工程股份有限公司,,,2012-11-26
1489992,"Vocational Training Center, National Youth Commission, Executive Yuan",行政院青年輔導委員會職業訓練中心,,,2012-11-26
1489993,"Institute of Nuclear Energy Research, Atomic Energy Council, Executive Yuan",行政院原子能委員會核能研究所,,,2012-11-26
1489994,"Radiation Monitoring Center, Atomic Energy Council, Executive Yuan",行政院原子能委員會輻射偵測中心,,,2012-11-26
1489995,"Fuel Cycle and Materials Administration, Atomic Energy Council, Executive Yuan",行政院原子能委員會放射性物料管理局,,,2012-11-26
1489996,"Science Park Administration, National Science Council, Executive Yuan",行政院國家科學委員會科學工業園區管理局,,,2012-11-26
1489997,"Science and Technology Information Center, National Science Council, Executive Yuan",行政院國家科學委員會科學技術資料中心,,,2012-11-26
1489998,"Precision Instrument Development Center, National Science Council, Executive Yuan",行政院國家科學委員會精密儀器發展中心,,,2012-11-26
1489999,"Southern Taiwan Science Park Administration, National Science Council, Executive Yuan",行政院國家科學委員會南部科學工業園區管理局,,,2012-11-26
1490000,National Archives  Administration,檔案管理局,,,2012-11-26
1490001,"Fisheries Agency, Council of Agriculture, Executive Yuan",行政院農業委員會漁業署,,,2012-11-26
1490002,"Forestry Bureau, Council of Agriculture, Executive Yuan",行政院農業委員會林務局,,,2012-11-26
1490003,"Bureau of Animal and Health Plant Health Inspection and Quarantine, Council of Agriculture, Executive Yuan",行政院農業委員會動植物防疫檢疫局,,,2012-11-26
1490004,"Soil and Water Conservation Bureau, Council of Agriculture, Executive Yuan",行政院農業委員會水土保持局,,,2012-11-26
1490005,"Central Region Grain Administration, Council of Agriculture, Executive Yuan",行政院農業委員會北區糧食管理處,,,2012-11-26
1490006,"Northern Region Grain Administration, Council of Agriculture, Executive Yuan",行政院農業委員會中區糧食管理處,,,2012-11-26
1490007,"Southern Region Grain Administration, Council of Agriculture, Executive Yuan",行政院農業委員會南區糧食管理處,,,2012-11-26
1490008,"Eastern Region Grain Administration, Council of Agriculture, Executive Yuan",行政院農業委員會東區糧食管理處,,,2012-11-26
1490009,"Agricultural Research Institute, Council of Agriculture, Executive Yuan",行政院農業委員會農業試驗所,,,2012-11-26
1490010,"Livestock Research Institute, Council of Agriculture, Executive Yuan",行政院農業委員會畜產試驗所,,,2012-11-26
1490011,"Animal Health Research Institute, Council of Agriculture, Executive Yuan",行政院農業委員會家畜衛生試驗所,,,2012-11-26
1490012,"Forestry Research Institute, Council of Agriculture, Executive Yuan",行政院農業委員會林業試驗所,,,2012-11-26
1490013,"Fisheries Research Institute, Council of Agriculture, Executive Yuan",行政院農業委員會水產試驗所,,,2012-11-26
1490014,"Agricultural Chemicals and Toxic Substances Research Institute, Council of Agriculture, Executive Yuan",行政院農業委員會農業藥物毒物試驗所,,,2012-11-26
1490015,"Endemic Species Research Institute, Council of Agriculture, Executive Yuan",行政院農業委員會特有生物研究保育中心,,,2012-11-26
1490016,"Taoyuan District Agricultural Research and Extension Station, Council of Agriculture, Executive Yuan",行政院農業委員會桃園區農業改良場,,,2012-11-26
1490017,"Miaoli District Agricultural Research and Extension Station, Council of Agriculture, Executive Yuan",行政院農業委員會苗栗區農業改良場,,,2012-11-26
1490018,"Taichung District Agricultural Research and Extension Station, Council of Agriculture, Executive Yuan",行政院農業委員會臺中區農業改良場,,,2012-11-26
1490019,"Tainan District Agricultural Research and Extension Station, Council of Agriculture, Executive Yuan",行政院農業委員會台南區農業改良場,,,2012-11-26
1490020,"Kaohsiung District Agricultural Research and Extension Station, Council of Agriculture, Executive Yuan",行政院農業委員會高雄區農業改良場,,,2012-11-26
1490021,"Hualien District Agricultural Research and Extension Station, Council of Agriculture, Executive Yuan",行政院農業委員會花蓮區農業改良場,,,2012-11-26
1490022,"Taitung District Agricultural Research and Extension Station, Council of Agriculture, Executive Yuan",行政院農業委員會臺東區農業改良場,,,2012-11-26
1490023,"Tea Research and Extension Station , Council of Agriculture, Executive Yuan",行政院農業委員會茶業改良場,,,2012-11-26
1490024,"Seed Improvement and Propagation Station, Council of Agriculture, Executive Yuan",行政院農業委員會種苗改良繁殖場,,,2012-11-26
1490025,National Center of Traditional Arts ,國立傳統藝術中心,,,2012-11-26
1490026,Provisional Office of National Center for Cultural Heritage ,國立文化資產保存研究中心籌備處,,,2012-11-26
1490027,National Taiwan Museum ,國立臺灣博物館,,,2012-11-26
1490028,National Taichung Library ,國立臺中圖書館,,,2012-11-26
1490029,National Taiwan Symphony Orchestra ,國立臺灣交響樂團,,,2012-11-26
1490030,National Taiwan Museum of Fine Arts,國立臺灣美術館,,,2012-11-26
1490031,National Taiwan Craft Research Institute  ,國立臺灣工藝研究所,,,2012-11-26
1490032,National Museum of Taiwan History   ,國立臺灣歷史博物館,,,2012-11-26
1490033,"Bureau of Employment and Vocational Training, Council of Labor Affairs, Executive Yuan",行政院勞工委員會職業訓練局,,,2012-11-26
1490034,"Northern Region Inspection Office, Council of Labor Affairs, Executive Yuan",行政院勞工委員會北區勞動檢查所,,,2012-11-26
1490035,"Central Region Inspection Office, Council of Labor Affairs, Executive Yuan",行政院勞工委員會中區勞動檢查所,,,2012-11-26
1490036,"Southern Region Inspection Office, Council of Labor Affairs, Executive Yuan",行政院勞工委員會南區勞動檢查所,,,2012-11-26
1490037,"Institute of Occupational Safety and Health, Council of Labor Affairs, Executive Yuan",行政院勞工委員會勞工安全衛生研究所,,,2012-11-26
1490038,"Bureau of Labor Insurance, Council of Labor Affairs, Executive Yuan",行政院勞工委員會勞工保險局,,,2012-11-26
1490039,"Labor Insurance Supervisory Commission, Council of Labor Affairs, Executive Yuan",行政院勞工委員會勞工保險監理委員會,,,2012-11-26
1490040,"National Sports Training Center, Sports Affairs Council, Executive Yuan",行政院體育委員會國家運動選手訓練中心,,,2012-11-26
1490041,Taichung Stadium,行政院體育委員會臺中體育場,,960521會地字0960009671號函復同意刪除。,2012-11-26
1490042,"Cultural Park Administration, Council of Indigenous Peoples, Executive Yuan",行政院原住民族委員會文化園區管理局,,,2012-11-26
1490043,"Maritime Patrol Directorate General, Coast Guard Administration, Executive Yuan",行政院海岸巡防署海洋巡防總局,,,2012-11-26
1490044,"Coastal Patrol Directorate General, Coast Guard Administration, Executive Yuan",行政院海岸巡防署海岸巡防總局,,,2012-11-26
1490045,"Monetary Affairs Bureau, Financial Supervisory Commission, Executive Yuan",行政院金融監督管理委員會銀行局,,94.6.8會地字第0940010954號函復,2012-11-26
1490046,"Securities and Futures Bureau, Financial Supervisory Commission, Executive Yuan",行政院金融監督管理委員會證券期貨局,,94.6.8會地字第0940010955號函復,2012-11-26
1490047,"Insurance Bureau, Financial Supervisory Commission, Executive Yuan",行政院金融監督管理委員會保險局,,94.6.8會地字第0940010956號函復,2012-11-26
1490048,"Inspection Bureau, Financial Supervisory Commission, Executive Yuan",行政院金融監督管理委員會檢查局,,94.6.8會地字第0940010957號函復,2012-11-26
1490049,Hsinchu / Miaoli Traffic Accident Investigation  Committee   ,臺灣省竹苗區車輛行車事故鑑定委員會,,地名音譯及拼音部份以院頒「中文音譯使用原則」為準。,2012-11-26
1490050,Hualien / Taitung Traffic Accident Investigation  Committee   ,臺灣省花東區車輛行車事故鑑定委員會,,地名音譯及拼音部份以院頒「中文音譯使用原則」為準。,2012-11-26
1490051,Nantou Traffic Accident Investigation Committee   ,臺灣省南投縣區車輛行車事故鑑定委員會,,地名音譯及拼音部份以院頒「中文音譯使用原則」為準。,2012-11-26
1490052,Taoyuan Traffic Accident Investigation Committee   ,臺灣省桃園縣區車輛行車事故鑑定委員會,,地名音譯及拼音部份以院頒「中文音譯使用原則」為準。,2012-11-26
1490053,Kaohsiung / Pingtung Traffic Accident Investigation  Committee   ,臺灣省高屏澎區車輛行車事故鑑定委員會,,地名音譯及拼音部份以院頒「中文音譯使用原則」為準。,2012-11-26
1490054,Keelung / Yiland Traffic Accident Investigation  Committee   ,臺灣省基宜區車輛行車事故鑑定委員會,,地名音譯及拼音部份以院頒「中文音譯使用原則」為準。,2012-11-26
1490055,Chiayi / Yunlin Traffic Accident Investigation Committee   ,臺灣省嘉雲區車輛行車事故鑑定委員會,,地名音譯及拼音部份以院頒「中文音譯使用原則」為準。,2012-11-26
1490056,Changhua Traffic Accident Investigation Committee   ,臺灣省彰化縣區車輛行車事故鑑定委員會,,地名音譯及拼音部份以院頒「中文音譯使用原則」為準。,2012-11-26
1490057,Taichung City Traffic Accident Investigation Committee   ,臺灣省臺中市區車輛行車事故鑑定委員會,,地名音譯及拼音部份以院頒「中文音譯使用原則」為準。,2012-11-26
1490058,Taichung Traffic Accident Investigation Committee   ,臺中市車輛行車事故鑑定委員會,,地名音譯及拼音部份以院頒「中文音譯使用原則」為準。,2012-11-26
1490059,Taipei Traffic Accident Investigation Committee   ,新北市車輛行車事故鑑定委員會,,地名音譯及拼音部份以院頒「中文音譯使用原則」為準。,2012-11-26
1490060,Tainan Traffic Accident Investigation Committee   ,臺灣省臺南區車輛行車事故鑑定委員會,,地名音譯及拼音部份以院頒「中文音譯使用原則」為準。,2012-11-26
1490061,"Police Equipment Maintenance Plant, National Police Agency, Ministry of the Interior",內政部警政署警察機械修理廠,,,2012-11-26
1490062,"Civil Defense Headquarters, National Police Agency, Ministry of the Interior",內政部警政署民防防情指揮管制所,,,2012-11-26
1490063,"Police Radio Station, National Police Agency, Ministry of the Interior",內政部警政署警察廣播電台,,,2012-11-26
1490064,"Police Telecommunications Office, National Police Agency, Ministry of the Interior",內政部警政署警察電訊所,,,2012-11-26
1490065,"Keelung Harbor Police Office, National Police Agency, Ministry of the Interior",內政部警政署基隆港務警察局,,地名音譯及拼音部份以院頒「中文音譯使用原則」為準。,2012-11-26
1490066,"Taichung Harbor Police Office, National Police Agency, Ministry of the Interior",內政部警政署台中港務警察局,,地名音譯及拼音部份以院頒「中文音譯使用原則」為準。,2012-11-26
1490067,"Kaohsiung Harbor Police Office, National Police Agency, Ministry of the Interior",內政部警政署高雄港務警察局,,地名音譯及拼音部份以院頒「中文音譯使用原則」為準。,2012-11-26
1490068,"Hualien Harbor Police Office, National Police Agency, Ministry of the Interior",內政部警政署花蓮港務警察局,,地名音譯及拼音部份以院頒「中文音譯使用原則」為準。,2012-11-26
1490069,"Aerial Police Brigade, National Police Agency, Ministry of the Interior",內政部警政署空中警察隊,,,2012-11-26
1490070,"National Parks Police Corps, National Police Agency, Ministry of the Interior",內政部警政署國家公園警察大隊,,,2012-11-26
1490071,"Special Police Provincial Headquarters, National  Police Agency, Ministry of the Interior",內政部警政署臺灣保安警察總隊,,,2012-11-26
1490072,"Special Police First Headquarters, National  Police Agency, Ministry of the Interior",內政部警政署保安警察第一總隊,,其他第二至第六總隊比照。,2012-11-26
1490073,"Special Police Fifth Headquarters, National  Police Agency, Ministry of the Interior",內政部警政署保安警察第五總隊,,其他第二至第六總隊比照。,2012-11-26
1490074,"Special Police Sixth Headquarters, National  Police Agency, Ministry of the Interior",內政部警政署保安警察第六總隊,,其他第二至第六總隊比照。,2012-11-26
1490075,Taiwan Police College ,臺灣警察專科學校,,,2012-11-26
1490076,"Railway Police Office, National Police Agency, Ministry of the Interior",內政部警政署鐵路警察局,,,2012-11-26
1490077,"Aviation Police Office, National Police Agency, Ministry of the Interior",內政部警政署航空警察局,,,2012-11-26
1490078,"National Highway Police Office, National Police  Agency, Ministry of the Interior",內政部警政署國道公路警察局,,,2012-11-26
1490079,"Criminal Investigation Police Office, National Police Agency, Ministry of the Interior",內政部警政署刑事警察局,,,2012-11-26
1490080,"Keelung Harbor Fire Brigade, National Fire Agency, Ministry of the Interior",內政部消防署基隆港務消防隊,,1.地名音譯及拼音部份以院頒「中文音譯使用原則」為準。2.其他花蓮、高雄、臺中港務消防隊比照。,2012-11-26
1490081,"Aerial Fire Brigade Provisional Office, National Fire Agency, Ministry of the Interior",內政部消防署空中消防隊籌備處,,,2012-11-26
1490082,"Kinmen National Park Headquarters, Construction and Planning Agency, Ministry of the Interior",內政部營建署金門國家公園管理處,,1.地名音譯及拼音部份以院頒「中文音譯使用原則」為準。2.其他太魯閣、雪霸、陽明山、玉山、墾丁國家公園管理處比照。,2012-11-26
1490083,"Kenting National Park Headquarters, Construction and Planning Agency, Ministry of the Interior",內政部營建署墾丁國家公園管理處,,,2012-11-26
1490084,"Urban and Rural Planning Office, Construction and Planning Agency, Ministry of the Interior",內政部營建署市鄉規劃局,,,2012-11-26
1490085,"Land Reclamation Office , Construction and Planning Agency, Ministry of the Interior",內政部營建署新生地開發局,,,2012-11-26
1490086,"Heavy Equipment Construction Corps, Construction and Planning Agency, Ministry of the Interior",內政部營建署重機械工程隊,,,2012-11-26
1490087,"        Service Center, National Immigration Agency, Ministry of the Interior",內政部入出國及移民署各服務站,,950614會綜字第0950011320號函復,2012-11-26
1490088,"        Detention Center, National Immigration Agency, Ministry of the Interior",內政部入出國及移民署各收容所,,950614會綜字第0950011320號函復,2012-11-26
1490089,"Northern Region Office, National Property Administration, Ministry of Finance",財政部國有財產局台灣北區辦事處,,,2012-11-26
1490090,"Central Region Office, National Property Administration, Ministry of Finance",財政部國有財產局台灣中區辦事處,,,2012-11-26
1490091,"Southern Region Office, National Property Administration, Ministry of Finance",財政部國有財產局台灣南區辦事處,,,2012-11-26
1490092,"Keelung Customs Office, Directorate General of Customs, Ministry of Finance",財政部基隆關稅局,,,2012-11-26
1490093,"Taipei Customs Office, Directorate General of Customs, Ministry of Finance",財政部臺北關稅局,,,2012-11-26
1490094,"Taichung Customs Office, Directorate General of Customs, Ministry of Finance",財政部臺中關稅局,,,2012-11-26
1490095,"Kaohsiung Customs Office, Directorate General of Customs, Ministry of Finance",財政部高雄關稅局,,,2012-11-26
1490096,"Taipei Cigarette Plant, Taiwan Tobacco and Liquor Corporation",臺灣菸酒股份有限公司台北菸廠,,,2012-11-26
1490097,"Taichung Tobacco Redrying Plant, Taiwan Tobacco and Liquor Corporation",臺灣菸酒股份有限公司台中菸葉廠,,,2012-11-26
1490098,"Taichung Distillery, Taiwan Tobacco and Liquor Corporation",臺灣菸酒股份有限公司台中酒廠,,,2012-11-26
1490099,"Linkou Brewery, Taiwan Tobacco and Liquor Corporation",臺灣菸酒股份有限公司林口酒廠,,,2012-11-26
1490100,"Nantou Winery, Taiwan Tobacco and Liquor Corporation",臺灣菸酒股份有限公司南投酒廠,,,2012-11-26
1490101,"Jhunan Brewery, Taiwan Tobacco and Liquor Corporation",臺灣菸酒股份有限公司竹南啤酒廠,,,2012-11-26
1490102,"Linkou Printing Plant, Taiwan Tobacco and Liquor Corporation",臺灣菸酒股份有限公司林口印刷廠,,,2012-11-26
1490103,"Nangang Bottle Cap Plant, Taiwan Tobacco and Liquor Corporation",臺灣菸酒股份有限公司南港瓶蓋廠,,,2012-11-26
1490104,"Tobacco Research Institute, Taiwan Tobacco and Liquor Corporation",臺灣菸酒股份有限公司菸研究所,,,2012-11-26
1490105,"Liquor Research Institute, Taiwan Tobacco and Liquor Corporation",臺灣菸酒股份有限公司酒研究所,,,2012-11-26
1490106,"Taipei Office, Taiwan Tobacco and Liquor Corporation",臺灣菸酒股份有限公司台北營業處,,,2012-11-26
1490107,"Changhua Substation, National Education Radio Station",國立教育廣播電台彰化分台,,地名音譯或拼音部份以內政部及教育部發布資料為準。,2012-11-26
1490108,"Kaohsiung Substation, National Education Radio Station",國立教育廣播電台高雄分台,,地名音譯或拼音部份以內政部及教育部發布資料為準。,2012-11-26
1490109,"Hualien Substation, National Education Radio Station",國立教育廣播電台花蓮分台,,地名音譯或拼音部份以內政部及教育部發布資料為準。,2012-11-26
1490110,"Taitung Substation, National Education Radio Station",國立教育廣播電台台東分台,,地名音譯或拼音部份以內政部及教育部發布資料為準。,2012-11-26
1490111,"Experimental Forest Office, National Chung Cheng University ",國立中興大學農學院實驗林管理處,,,2012-11-26
1490112,"Teaching Hospital, National Taiwan University",國立台灣大學附設醫院,,1.地名音譯或拼音部份以內政部及教育部發布資料為準。2.其餘大學附設醫院比照。,2012-11-26
1490113,"Experimental Forest Office, College of Bioresources and Agricultural, National Taiwan University ",國立台灣大學生物資源暨農學院實驗林管理處,,1.地名音譯或拼音部份以內政部及教育部發布資料為準。2.其餘大學附設醫院比照。,2012-11-26
1490114,"Experimental Upland Farm, College of Bioresources and Agricultural, National Taiwan University  ",國立台灣大學生物資源暨農學院附設山地實驗農場,,1.地名音譯或拼音部份以內政部及教育部發布資料為準。2.其餘大學附設山地實驗場比照。,2012-11-26
1490115,"Experimental Agriculture Station, College of Bioresources and Agricultural, National Taiwan University  ",國立台灣大學生物資源暨農學院附設農業試驗場,,1.地名音譯或拼音部份以內政部及教育部發布資料為準。2.其餘大學附設農業試驗場比照。,2012-11-26
1490116,"Animal Hospital, College of Bioresources and Agricultural, National Taiwan University  ",國立台灣大學生物資源暨農學院附設動物醫院,,1.地名音譯或拼音部份以內政部及教育部發布資料為準。2.其餘大學附設動物醫院比照。,2012-11-26
1490117,"Civil Service Education Center, National Chengchi University",國立政治大學附設公務人員教育中心,,1.地名音譯或拼音部份以內政部及教育部發布資料為準。2.其餘大學附公務人員教育中心比照。,2012-11-26
1490118,"Kindergarten, National Chengchi University",國立政治大學附設實驗幼稚園,,地名音譯或拼音部份以內政部及教育部發布資料為準。,2012-11-26
1490119,"High School Provisional Office, National Chengchi University",國立政治大學附屬高級中學籌備處,,地名音譯或拼音部份以內政部及教育部發布資料為準。,2012-11-26
1490120,"Elementary School, National Taitung Teachers College ",國立臺東師範學院附設實驗國民小學,,地名音譯或拼音部份以內政部及教育部發布資料為準。,2012-11-26
1490121,"Kaohsiung Branch, Taiwan High Prosecutors Office",台灣高等法院高雄分院檢察署,,1.地名音譯或拼音部份以內政部及教育部發布資料為準。,2012-11-26
1490122,Kaohsiung District Prosecutors Office,台灣高雄地方法院檢察署,,1.地名音譯或拼音部份以內政部及教育部發布資料為準。,2012-11-26
1490123,"Changhua Branch, Administrative Enforcement Agency, Ministry of Justice",法務部彰化行政執行處,,1.地名音譯或拼音部份以內政部及教育部發布資料為準。2.其餘11處執行處比照‧,2012-11-26
1490124,"Taipei City Field Office, Investigation Bureau, Ministry of Justice",法務部調查局台北市調查處,,1.地名音譯或拼音部份以內政部及教育部發布資料為準。2.其餘4處調查處比照‧,2012-11-26
1490125,"Taichung City Station, Investigation Bureau, Ministry of Justice",法務部調查局台中市調查站,,1.地名音譯或拼音部份以內政部及教育部發布資料為準。2.其餘調查站比照‧,2012-11-26
1490126,"Kaohsiung Office, Bureau of Foreign Trade, Ministry of Economic Affairs",經濟部國際貿易局高雄辦事處,,,2012-11-26
1490127,"Taichung Branch, Bureau of  Standards, Metrology and Inspection, Ministry of Economic Affairs",經濟部標準檢驗局臺中分局,,1.地名音譯及拼音部份以院頒「中文音譯使用原則」為準。2.其他分局比照。,2012-11-26
1490128,"Kaohsiung Branch, Bureau of  Standards, Metrology and Inspection, Ministry of Economic Affairs",經濟部標準檢驗局高雄分局,,1.地名音譯及拼音部份以院頒「中文音譯使用原則」為準。2.其他分局比照。,2012-11-26
1490129,"Kaohsiung Branch, Export Processing Zone  Administration, Ministry of Economic Affairs",經濟部加工出口區管理處高雄分處,,1.地名音譯及拼音部份以院頒「中文音譯使用原則」為準。2.其他分處比照。,2012-11-26
1490130,"Northern Region Water Resources Office, Water Resources Agency, Ministry of Economic Affairs",經濟部水利署北區水資源局,,其他水資源局比照。,2012-11-26
1490131,"Central Region Water Resources Office, Water Resources Agency, Ministry of Economic Affairs",經濟部水利署中區水資源局,,其他水資源局比照。,2012-11-26
1490132,"Southern Region Water Resources Office, Water Resources Agency, Ministry of Economic Affairs",經濟部水利署南區水資源局,,其他水資源局比照。,2012-11-26
1490133,"Water Resources Planning Institute, Water Resources Agency, Ministry of Economic Affairs",經濟部水利署水利規劃試驗所,,,2012-11-26
1490134,"First River Management Office, Water Resources Agency, Ministry of Economic Affairs",經濟部水利署第一河川局,,其他河川局比照。,2012-11-26
1490135,"Second River Management Office, Water Resources Agency, Ministry of Economic Affairs",經濟部水利署第二河川局,,其他河川局比照。,2012-11-26
1490136,"Third River Management Office, Water Resources Agency, Ministry of Economic Affairs",經濟部水利署第三河川局,,其他河川局比照。,2012-11-26
1490137,"Fourth River Management Office, Water Resources Agency, Ministry of Economic Affairs",經濟部水利署第四河川局,,其他河川局比照。,2012-11-26
1490138,"Fifth River Management Office, Water Resources Agency, Ministry of Economic Affairs",經濟部水利署第五河川局,,其他河川局比照。,2012-11-26
1490139,"Sixth River Management Office, Water Resources Agency, Ministry of Economic Affairs",經濟部水利署第六河川局,,其他河川局比照。,2012-11-26
1490140,"Seventh River Management Office, Water Resources Agency, Ministry of Economic Affairs",經濟部水利署第七河川局,,其他河川局比照。,2012-11-26
1490141,"Eighth River Management Office, Water Resources Agency, Ministry of Economic Affairs",經濟部水利署第八河川局,,其他河川局比照。,2012-11-26
1490142,"Ninth River Management Office, Water Resources Agency, Ministry of Economic Affairs",經濟部水利署第九河川局,,其他河川局比照。,2012-11-26
1490143,"Tenth River Management Office, Water Resources Agency, Ministry of Economic Affairs",經濟部水利署第十河川局,,其他河川局比照。,2012-11-26
1490144,"Taipei Water Management Office, Water Resources Agency, Ministry of Economic Affairs",經濟部水利署台北水源特定區管理局,,,2012-11-26
1490145,"Eastern Region Office, Bureau of Mines, Ministry of Economic Affairs",經濟部礦務局東區辦事處,,,2012-11-26
1490146,"Linkou Thermal Power Plant, Taiwan Power Company",台灣電力股份有限公司林口發電廠,,1.地名音譯及拼音部份以院頒「中文音譯使用原則」為準。2.其他發電廠比照。,2012-11-26
1490147,"       Thermal Power Plant, Taiwan Power Company",台灣電力股份有限公司各發電廠,,1.地名音譯及拼音部份以院頒「中文音譯使用原則」為準。2.其他發電廠比照。,2012-11-26
1490148,"Sinying Branch, Taiwan Power Company",台灣電力股份有限公司新營區營運處,,1.地名音譯及拼音部份以院頒「中文音譯使用原則」為準。2.其他營運處比照。,2012-11-26
1490149,"       Power Supply Branch, Taiwan Power Company",台灣電力股份有限公司各供電區營運處,,1.地名音譯及拼音部份以院頒「中文音譯使用原則」為準。2.其他營運處比照。,2012-11-26
1490150,"       Branch, Taiwan Power Company",台灣電力股份有限公司各區營業處,,1.地名音譯及拼音部份以院頒「中文音譯使用原則」為準。2.其他營運處比照。,2012-11-26
1490151,"First Nuclear Power Plant, Taiwan Power Company",台灣電力股份有限公司第一核能發電廠,,其他發電廠比照。,2012-11-26
1490152,"Training Institute, Taiwan Power Company",台灣電力股份有限公司訓練所,,,2012-11-26
1490153,"Taiwan Power Research Institute, Taiwan Power Company",台灣電力股份有限公司綜合研究所,,,2012-11-26
1490154,"Southern Region Data Processing Center, Taiwan Power Company",台灣電力股份有限公司南部資料處理中心,,,2012-11-26
1490155,"Hoping Project Office, Taiwan Power Company",台灣電力股份有限公司有限和平工程處 ,,,2012-11-26
1490156,Department of Nuclear Back-end Management,台灣電力股份有限公司核能後端營運處,,,2012-11-26
1490157,"Radiation Laboratory, Taiwan Power Company",台灣電力股份有限公司放射試驗室,,,2012-11-26
1490158,"       Construction Team, Taiwan Power Company",台灣電力股份有限公司施工隊,,,2012-11-26
1490159,"Region Construction Office, Taiwan Power Company",台灣電力股份有限公司各區施工處,,,2022-07-15
1490160,"Telecommunications Business Division, Chinese Petroleum Corporation",中國石油股份有限公司電信事業部,,其他事業部比照。,2012-11-26
1490161,"Exploration and Production Business Division, Chinese Petroleum Corporation",中國石油股份有限公司探採事業部,,,2012-11-26
1490162,"Marketing Business Division, Chinese Petroleum Corporation",中國石油股份有限公司油品行銷事業部,,,2012-11-26
1490163,"Refining Business Division, Chinese Petroleum Corporation",中國石油股份有限公司煉製事業部,,,2012-11-26
1490164,"Lubricants Business Division, Chinese Petroleum Corporation",中國石油股份有限公司潤滑油事業部,,,2012-11-26
1490165,"Petrochemical Business Division, Chinese Petroleum Corporation",中國石油股份有限公司石化事業部,,,2012-11-26
1490166,"Natural Gas Business Division, Chinese Petroleum Corporation",中國石油股份有限公司天然氣事業部  ,,,2012-11-26
1490167,"Exploration Research Institute, Chinese Petroleum Corporation",中國石油股份有限公司探採研究所,,,2012-11-26
1490168,"Northern Region Engineering Division, Chinese Petroleum Corporation",中國石油股份有限公司北部工程處,,其他工程處比照。,2012-11-26
1490169,"Taipei Branch, Taiwan Salt Company",臺鹽實業股份有限公司台北營業處,,1.地名音譯及拼音部份以院頒「中文音譯使用原則」為準。2.其他營業處比照。,2012-11-26
1490170,"Chiayi Plant, Taiwan Salt Company",臺鹽實業股份有限公司嘉義廠,,1.地名音譯及拼音部份以院頒「中文音譯使用原則」為準。2.其他廠比照。,2012-11-26
1490171,"Tainan Science Park Branch, Taiwan Salt Company",臺鹽實業股份有限公司南科分公司,,,2012-11-26
1490172,"First Branch, Taiwan Water Corporation",臺灣省自來水股份有限公司第一區管理處,,其他11區管理處比照。,2012-11-26
1490173,"Northern Region Engineering Office, Taiwan Water Corporation",臺灣省自來水股份有限公司北區工程處,,其他2區工程處比照。,2012-11-26
1490174,"Training Institute, Taiwan Water Corporation",臺灣省自來水股份有限公司員工訓練所,,,2012-11-26
1490175,"Northern Region Repairing Plant, Taiwan Water Corporation",臺灣省自來水股份有限公司北區水表修理場,,南區修理場比照。,2012-11-26
1490176,"Sanchong Post Office, Chunghwa Post Co., Ltd.",中華郵政股份有限公司三重郵局,,1.地名音譯及拼音部份以院頒「中文音譯使用原則」為準。2.其他郵局比照。,2012-11-26
1490177,"Zhongli Post Office, Chunghwa Post Co., Ltd.",中華郵政股份有限公司中壢郵局,,1.地名音譯及拼音部份以院頒「中文音譯使用原則」為準。2.其他郵局比照。,2012-11-26
1490178,"Taichung Post Office, Chunghwa Post Co., Ltd.",中華郵政股份有限公司台中郵局,,1.地名音譯及拼音部份以院頒「中文音譯使用原則」為準。2.其他郵局比照。,2012-11-26
1490179,"Taipei Post Office, Chunghwa Post Co., Ltd.",中華郵政股份有限公司台北郵局,,,2012-11-26
1490180,"Taitung Post Office, Chunghwa Post Co., Ltd.",中華郵政股份有限公司台東郵局,,,2012-11-26
1490181,"Tainan Post Office, Chunghwa Post Co., Ltd.",中華郵政股份有限公司台南郵局,,,2012-11-26
1490182,"Yilan Post Office, Chunghwa Post Co., Ltd.",中華郵政股份有限公司宜蘭郵局,,,2012-11-26
1490183,"Banciao Post Office, Chunghwa Post Co., Ltd.",中華郵政股份有限公司板橋郵局,,,2012-11-26
1490184,"Hualien Post Office, Chunghwa Post Co., Ltd.",中華郵政股份有限公司花蓮郵局,,,2012-11-26
1490185,"Nantou Post Office, Chunghwa Post Co., Ltd.",中華郵政股份有限公司南投郵局,,,2012-11-26
1490186,"Pingtung Post Office, Chunghwa Post Co., Ltd.",中華郵政股份有限公司屏東郵局,,,2012-11-26
1490187,"Miaoli Post Office, Chunghwa Post Co., Ltd.",中華郵政股份有限公司苗栗郵局,,,2012-11-26
1490188,"Taoyuan Post Office, Chunghwa Post Co., Ltd.",中華郵政股份有限公司桃園郵局,,,2012-11-26
1490189,"Kaohsiung Post Office, Chunghwa Post Co., Ltd.",中華郵政股份有限公司高雄郵局,,,2012-11-26
1490190,"Keelung Post Office, Chunghwa Post Co., Ltd.",中華郵政股份有限公司基隆郵局,,,2012-11-26
1490191,"Yunlin Post Office, Chunghwa Post Co., Ltd.",中華郵政股份有限公司雲林郵局,,,2012-11-26
1490192,"Hsinchu Post Office, Chunghwa Post Co., Ltd.",中華郵政股份有限公司新竹郵局,,,2012-11-26
1490193,"Sinying Post Office, Chunghwa Post Co., Ltd.",中華郵政股份有限公司新營郵局,,,2012-11-26
1490194,"Chiayi Post Office, Chunghwa Post Co., Ltd.",中華郵政股份有限公司嘉義郵局,,,2012-11-26
1490195,"Changhua Post Office, Chunghwa Post Co., Ltd.",中華郵政股份有限公司彰化郵局,,,2012-11-26
1490196,"Fengshan Post Office, Chunghwa Post Co., Ltd.",中華郵政股份有限公司鳳山郵局,,,2012-11-26
1490197,"Penghu Post Office, Chunghwa Post Co., Ltd.",中華郵政股份有限公司澎湖郵局,,,2012-11-26
1490198,"Fengyuan Post Office, Chunghwa Post Co., Ltd.",中華郵政股份有限公司豐原郵局,,,2012-11-26
1490199,"Taichung Mail Processing Center, Chunghwa Post Co., Ltd.",中華郵政股份有限公司台中郵件處理中心,,1.地名音譯及拼音部份以院頒「中文音譯使用原則」為準。2.其他郵件處理中心比照。,2012-11-26
1490200,"Taipei Mail Processing Center, Chunghwa Post Co., Ltd.",中華郵政股份有限公司台北郵件處理中心,,,2012-11-26
1490201,"Tainan Mail Processing Center, Chunghwa Post Co., Ltd.",中華郵政股份有限公司台南郵件處理中心,,,2012-11-26
1490202,"Taoyuan Mail Processing Center, Chunghwa Post Co., Ltd.",中華郵政股份有限公司桃園郵件處理中心,,,2012-11-26
1490203,"Kaohsiung Mail Processing Center, Chunghwa Post Co., Ltd.",中華郵政股份有限公司高雄郵件處理中心,,,2012-11-26
1490204,"       Region Branch, Chunghwa Telecom Co., Ltd. ",中華電信股份有限公司台灣北(中、南 )區電信分公司,,1.地名音譯及拼音部份以院頒「中文音譯使用原則」為準。2.其他分公司比照。,2012-11-26
1490205,"Central Region Branch, Chunghwa Telecom Co., Ltd. ",中華電信股份有限公司台灣中區電信分公司,,1.地名音譯及拼音部份以院頒「中文音譯使用原則」為準。2.其他分公司比照。,2012-11-26
1490206,"Mobile Business Branch, Chunghwa Telecom Co., Ltd. ",中華電信股份有限公司行動通信分公司,,,2012-11-26
1490207,"International Business Branch, Chunghwa Telecom Co., Ltd.  ",中華電信股份有限公司國際電信分公司,,,2012-11-26
1490208,"Data Communications  Branch, Chunghwa Telecom Co., Ltd.  ",中華電信股份有限公司數據通信分公司,,,2012-11-26
1490209,Chunghwa Telecom Research Institute,中華電信股份有限公司電信研究所,,,2012-11-26
1490210,"Chunghwa Telecom Training Institute, Chunghwa Telecom Co., Ltd.  ",中華電信股份有限公司電信訓練所,,,2012-11-26
1490211,"Taipei International Airport Office, Civil Aeronautics Administration, Ministry of Transportation and Communications",交通部民用航空局台北國際航空站,,,2012-11-26
1490212,"Kaohsiung International Airport Office, Civil Aeronautics Administration, Ministry of Transportation and Communications",交通部民用航空局高雄國際航空站,,,2012-11-26
1490213,"Taitung International Airport Office, Civil Aeronautics Administration, Ministry of Transportation and Communications",交通部民用航空局台東航空站,,,2012-11-26
1490214,"Tainan International Airport Office, Civil Aeronautics Administration, Ministry of Transportation and Communications",交通部民用航空局台南航空站,,,2012-11-26
1490215,"Hualien International Airport Office, Civil Aeronautics Administration, Ministry of Transportation and Communications",交通部民用航空局花蓮航空站,,,2012-11-26
1490216,"Taipei International Airport Office, Civil Aeronautics Administration, Ministry of Transportation and Communications",交通部民用航空局馬公航空站,,,2012-11-26
1490217,"Hengchun Airport Office, Ministry of Transportation and Communications",交通部民用航空局恆春航空站,,1.地名音譯及拼音部份以院頒「中文音譯使用原則」為準。2.其他航空站比照。,2012-11-26
1490218,"Taoyuan Global Hub Development Center, Civil Aeronautics Administration, Ministry of Transportation and Communications",交通部民用航空局桃園航空客貨運園區開發中心,,,2012-11-26
1490219,"Aviation Training Institute, Civil Aeronautics Administration, Ministry of Transportation and Communications",交通部民用航空局民航人員訓練所,,,2012-11-26
1490220,"Air Navigation and Weather Services, Ministry of Transportation and Communications",交通部民用航空局飛航服務總台,,,2012-11-26
1490221,"Airport Development  Engineering Office, Civil Aeronautics Administration, Ministry of Transportation and Communications",交通部民用航空局機場擴建工程處,,,2012-11-26
1490222,"General Aviation Squadron, Civil Aeronautics Administration, Ministry of Transportation and Communications",交通部民用航空局航空隊,,,2012-11-26
1490223,"Northern Region Engineering Office, National Expressway Bureau, Ministry of Transportation and Communications",交通部台灣區國道高速公路局北區工程處,,其他各區工程處比照。,2012-11-26
1490224,"Central Region Engineering Office, National Expressway Bureau, Ministry of Transportation and Communications",交通部台灣區國道高速公路局中區工程處,,其他各區工程處比照。,2012-11-26
1490225,"Southern Region Engineering Office, National Expressway Bureau, Ministry of Transportation and Communications",交通部台灣區國道高速公路局南區工程處,,其他各區工程處比照。,2012-11-26
1490226,"Widening Construction Office, National Expressway Bureau, Ministry of Transportation and Communications",交通部台灣區國道高速公路局拓建工程處,,,2012-11-26
1490227,"Yangmei Toll Station, National Expressway Bureau, Ministry of Transportation and Communications",交通部台灣區國道高速公路局楊梅收費站,,1.地名音譯及拼音部份以院頒「中文音譯使用原則」為準。2.其他收費站比照。,2012-11-26
1490228,"Astronomical Observatory, Central Weather Bureau, Ministry of Transportation and Communications",交通部中央氣象局天文站,,,2012-11-26
1490229,"Wufenshan Weather Radar Station, Central Weather Bureau, Ministry of Transportation and Communications",交通部中央氣象局五分山氣象雷達站,,1.地名音譯及拼音部份以院頒「中文音譯使用原則」為準。2.其他氣象雷達站比照。,2012-11-26
1490230,"Sun Moon Lake Weather Station, Central Weather Bureau, Ministry of Transportation and Communications",交通部中央氣象局日月潭氣象站,,1.地名音譯及拼音部份以院頒「中文音譯使用原則」為準。2.其他氣象站比照。,2012-11-26
1490231,"Weather Forecast Center, Central Weather Bureau, Ministry of Transportation and Communications",交通部中央氣象局氣象預報中心,,其他中心比照。,2012-11-26
1490232,"Seismic Information Center, Central Weather Bureau, Ministry of Transportation and Communications",交通部中央氣象局地震測報中心,,,2012-11-26
1490233,"Meteorological Instruments Center, Central Weather Bureau, Ministry of Transportation and Communications",交通部中央氣象局氣象儀器檢校中心,,,2012-11-26
1490234,"Marine Information Center, Central Weather Bureau, Ministry of Transportation and Communications",交通部中央氣象局海象測報中心,,,2012-11-26
1490235,"Meteorological Satellite Center, Central Weather Bureau, Ministry of Transportation and Communications",交通部中央氣象局氣象衛星中心,,,2012-11-26
1490236,"Weather Information Center, Central Weather Bureau, Ministry of Transportation and Communications",交通部中央氣象局氣象資訊中心,,,2012-11-26
1490237,"Southern Region Weather Center, Central Weather Bureau, Ministry of Transportation and Communications",交通部中央氣象局台灣南區氣象中心,,,2012-11-26
1490238,"Harbor and Marine Technology Center, Institute of Transportation, Ministry of Transportation and Communications",交通部運輸研究所港灣技術研究中心,,,2012-11-26
1490239,"Eastern Region Engineering Office, Railway Reconstruction Bureau, Ministry of Transportation and Communications",交通部鐵路改建工程局東部工程處,,,2012-11-26
1490240,"First Engineering  Office, National Expressway Engineering Bureau, Ministry of Transportation and Communications",交通部台灣區國道新建工程局第一工程處,,其他工程處比照。,2012-11-26
1490241,"Second Engineering  Office, National Expressway Engineering Bureau, Ministry of Transportation and Communications",交通部台灣區國道新建工程局第二工程處,,其他工程處比照。,2012-11-26
1490242,"Third Engineering  Office, National Expressway Engineering Bureau, Ministry of Transportation and Communications",交通部台灣區國道新建工程局第三工程處,,其他工程處比照。,2012-11-26
1490243,"Fourth Engineering  Office, National Expressway Engineering Bureau, Ministry of Transportation and Communications",交通部台灣區國道新建工程局第四工程處,,其他工程處比照。,2012-11-26
1490244,"Catering Service Department, Taiwan Railways Administration, Ministry of Transportation and Communications",交通部臺灣鐵路管理局餐旅服務總所,,,2012-11-26
1490245,"First Maintenance Office, Directorate General of Highways, Ministry of Transportation and Communications",交通部公路總局第一區養護工程處,,其他工程處比照。,2012-11-26
1490246,"Second Maintenance Office, Directorate General of Highways, Ministry of Transportation and Communications",交通部公路總局第二區養護工程處,,其他工程處比照。,2012-11-26
1490247,"Third Maintenance Office, Directorate General of Highways, Ministry of Transportation and Communications",交通部公路總局第三區養護工程處,,其他工程處比照。,2012-11-26
1490248,"Fourth Maintenance Office, Directorate General of Highways, Ministry of Transportation and Communications",交通部公路總局第四區養護工程處,,其他工程處比照。,2012-11-26
1490249,"Fifth Maintenance Office, Directorate General of Highways, Ministry of Transportation and Communications",交通部公路總局第五區養護工程處,,其他工程處比照。,2012-11-26
1490250,"West Coast Expressway Central Region Engineering Office, Directorate General of Highways, Ministry of Transportation and Communications",交通部公路總局西部濱海公路中區工程處,,其他工程處比照。,2012-11-26
1490251,"West Coast Expressway Southern Region Engineering Office, Directorate General of Highways, Ministry of Transportation and Communications",交通部公路總局西部濱海公路南區工程處,,其他工程處比照。,2012-11-26
1490252,"West Coast Expressway Northern Region Temporary Engineering Office, Directorate General of Highways, Ministry of Transportation and Communications",交通部公路總局西部濱海公路北區臨時工程處,,其他工程處比照。,2012-11-26
1490253,"Taipei Motor Vehicles Office, Directorate General of Highways, Ministry of Transportation and Communications",交通部公路總局臺北區監理所,,1.地名音譯及拼音部份以院頒「中文音譯使用原則」為準。2.其他監理所比照。,2012-11-26
1490254,"Hsinchu Motor Vehicles Office, Directorate General of Highways, Ministry of Transportation and Communications",交通部公路總局新竹區監理所,,1.地名音譯及拼音部份以院頒「中文音譯使用原則」為準。2.其他監理所比照。,2012-11-26
1490255,"Taichung Motor Vehicles Office, Directorate General of Highways, Ministry of Transportation and Communications",交通部公路總局臺中區監理所,,1.地名音譯及拼音部份以院頒「中文音譯使用原則」為準。2.其他監理所比照。,2012-11-26
1490256,"Chiayi Motor Vehicles Office, Directorate General of Highways, Ministry of Transportation and Communications",交通部公路總局嘉義區監理所,,1.地名音譯及拼音部份以院頒「中文音譯使用原則」為準。2.其他監理所比照。,2012-11-26
1490257,"Kaohsiung Motor Vehicles Office, Directorate General of Highways, Ministry of Transportation and Communications",交通部公路總局高雄區監理所,,1.地名音譯及拼音部份以院頒「中文音譯使用原則」為準。2.其他監理所比照。,2012-11-26
1490258,"Northern Region Vehicle Training Center, Directorate General of Highways, Ministry of Transportation and Communications",交通部公路總局北部汽車技術訓練中心,,,2012-11-26
1490259,"Materials Testing Laboratory, Directorate General of Highways, Ministry of Transportation and Communications",交通部公路總局材料試驗所,,,2012-11-26
1490260,"Central Region Construction Office for the East-West Expressway, Directorate General of Highways, Ministry of Transportation and Communications",交通部公路總局東西向快速公路中區工程處,,其他工程處比照。,2012-11-26
1490261,"Southern Region Construction Office for the East-West Expressway, Directorate General of Highways, Ministry of Transportation and Communications",交通部公路總局東西向快速公路南區工程處,,其他工程處比照。,2012-11-26
1490262,"Major Bridges Construction Office, Directorate General of Highways, Ministry of Transportation and Communications",交通部公路總局重大橋樑工程處,,,2012-11-26
1490263,"Harbor Engineering Office, Taichung Harbor Bureau, Ministry of Transportation and Communications",交通部台中港務局港埠工程處,,1.地名音譯及拼音部份以院頒「中文音譯使用原則」為準。2.其他港埠工程處比照。,2012-11-26
1490264,"Stevedoring and Warehousing Department, Taichung Harbor Bureau, Ministry of Transportation and Communications",交通部台中港務局棧埠管理處,,1.地名音譯及拼音部份以院頒「中文音譯使用原則」為準。2.其他棧埠管理處比照。,2012-11-26
1490265,"Stevedoring and Warehousing Department, Hualien Harbor Bureau, Ministry of Transportation and Communications",交通部花蓮港務局棧埠管理處,,,2012-11-26
1490266,"Stevedoring and Warehousing Department, Kaohsiung Harbor Bureau, Ministry of Transportation and Communications",交通部高雄港務局棧埠管理處,,,2012-11-26
1490267,"Harbor Engineering Office, Kaohsiung Harbor Bureau, Ministry of Transportation and Communications",交通部高雄港務局港埠工程處,,,2012-11-26
1490268,"Ship Machinery Repair Works, Kaohsiung Harbor Bureau, Ministry of Transportation and Communications",交通部高雄港務局船舶機械修造工廠,,,2012-11-26
1490269,"Ship Machinery Repair Works, Taichung Harbor Bureau, Ministry of Transportation and Communications",交通部台中港務局船舶機械修造工廠,,1.地名音譯及拼音部份以院頒「中文音譯使用原則」為準。2.其他修造工廠比照。,2012-11-26
1490270,"Anping Harbor Branch, Kaohsiung Harbor Bureau, Ministry of Transportation and Communications",交通部高雄港務局安平港分局,,1.地名音譯及拼音部份以院頒「中文音譯使用原則」為準。2.其他分局比照。,2012-11-26
1490271,"Magong Harbor Office, Kaohsiung Harbor Bureau, Ministry of Transportation and Communications",交通部高雄港務局馬公辦事處,,1.地名音譯及拼音部份以院頒「中文音譯使用原則」為準。2.其他辦事處比照。,2012-11-26
1490272,"Work Vessel Office, Keelung Harbor Bureau, Ministry of Transportation and Communications",交通部基隆港務局船舶管理所,,,2012-11-26
1490273,"Chengjhong Branch, Taipei Hospital, Department of Health, Executive Yuan",行政院衛生署臺北醫院城區分院,,1.地名音譯及拼音部份以院頒「中文音譯使用原則」為準。2.餘4家分院比照。,2012-11-26
1490274,"Taiwan Area Fishery Radio Station, Fisheries Agency, Council of Agriculture, Executive Yuan",行政院農業委員會漁業署臺灣區漁業廣播電臺,,,2012-11-26
1490275,"Aerial Survey Office, Forestry Bureau, Council of Agriculture, Executive Yuan",行政院農業委員會林務局農林航空測量所,,,2012-11-26
1490276,"Chiayi Forest District Office, Forestry Bureau, Council of Agriculture, Executive Yuan",行政院農業委員會林務局嘉義林區管理處,,1.地名音譯及拼音部份以院頒「中文音譯使用原則」為準。2.餘7家林區比照。,2012-11-26
1490277,"Luodong Forest District Office, Forestry Bureau, Council of Agriculture, Executive Yuan",行政院農業委員會林務局羅東林區管理處,,,2012-11-26
1490278,"Taichung Branch, Bureau of Animal and Plant Health Inspection and Quarantine, Council of Agriculture, Executive Yuan",行政院農業委員會動植物防疫檢疫局台中分局,,1.地名音譯及拼音部份以院頒「中文音譯使用原則」為準。2.餘3家分局比照。,2012-11-26
1490279,"        Branch, Bureau of Animal and Plant Health Inspection and Quarantine, Council of Agriculture, Executive Yuan",行政院農業委員會動植物防疫檢疫局各分局,,1.地名音譯及拼音部份以院頒「中文音譯使用原則」為準。2.餘3家分局比照。,2012-11-26
1490280,"First Engineering Office, Soil and Water Conservation Bureau, Council of Agriculture, Executive Yuan",行政院農業委員會水土保持局第一工程所,,其他如第二、三、四、五、六等工程所比照。,2012-11-26
1490281,"Chiayi Agricultural Experiment Branch, Agricultural Research Institute, Council of Agriculture, Executive Yuan",行政院農業委員會農業試驗所嘉義農業試驗分所,,,2012-11-26
1490282,"Fengshan Tropical Horticultural Experiment Branch, Agricultural Research Institute , Council of Agriculture, Executive Yuan",行政院農業委員會農業試驗所鳳山熱帶園藝試驗分所,,,2012-11-26
1490283,"Yilan branch, Livestock Research Institute, Council of Agriculture, Executive Yuan",行政院農業委員會畜產試驗所宜蘭分所,,1.地名音譯及拼音部份以院頒「中文音譯使用原則」為準。2.餘2家分所比照。,2012-11-26
1490284,"Animal Propagation Station, Livestock Research Institute, Council of Agriculture, Executive Yuan",行政院農業委員會畜產試驗所種畜繁殖場,,1.地名音譯及拼音部份以院頒「中文音譯使用原則」為準。2.餘3家繁殖場比照。,2021-02-18
1490285,"Taitung Animal Propagation Station, Livestock Research Institute, Council of Agriculture, Executive Yuan",行政院農業委員會畜產試驗所臺東種畜繁殖場,,1.地名音譯及拼音部份以院頒「中文音譯使用原則」為準。2.餘3家繁殖場比照。,2012-11-26
1490286,"Animal Drugs Inspection Branch, Animal Health Research Institute, Council of Agriculture, Executive Yuan",行政院農業委員會家畜衛生試驗所分所,,,2012-11-26
1490287,"Animal Drugs Inspection Branch, Animal Health Research Institute, Council of Agriculture, Executive Yuan",行政院農業委員會家畜衛生試驗所動物用藥檢定分所,,,2012-11-26
1490288,"Taitung Branch, Tea Research and Extension Station, Council of Agriculture, Executive Yuan",行政院農業委員會茶業改良場臺東分場,,1.地名音譯及拼音部份以院頒「中文音譯使用原則」為準。2.餘2家分場比照。,2012-11-26
1490289,"Keelung Employment Services Center, Vocational Training Bureau, Council of Labor Affairs, Executive Yuan",行政院勞工委員會職業訓練局基隆區就業服務中心,,1.地名音譯及拼音部份以院頒「中文音譯使用原則」為準。2.餘4家服務中心比照。,2012-11-26
1490290,"Tainan Training Center, Vocational Training Bureau, Council of Labor Affairs, Executive Yuan",行政院勞工委員會職業訓練局臺南職業訓練中心,,1.地名音譯及拼音部份以院頒「中文音譯使用原則」為準。2.餘5家訓練中心比照。,2012-11-26
1490291,"Central Coastal Patrol Office, Coastal Patrol Directorate General, Coast Guard Administration, Executive Yuan",行政院海岸巡防署海岸巡防總局中部地區巡防局,,,2012-11-26
1490292,"Northern Coastal Patrol Office, Coastal Patrol Directorate General, Coast Guard Administration, Executive Yuan",行政院海岸巡防署海岸巡防總局北部地區巡防局,,,2012-11-26
1490293,"Eastern Coastal Patrol Office, Coastal Patrol Directorate General, Coast Guard Administration, Executive Yuan",行政院海岸巡防署海岸巡防總局東部地區巡防局,,,2012-11-26
1490294,"Southern Coastal Patrol Office, Coastal Patrol Directorate General, Coast Guard Administration, Executive Yuan",行政院海岸巡防署海岸巡防總局南部地區巡防局,,,2012-11-26
1490295,"Branch Office, Chunghwa Telecom Co., Ltd.  ",中華電信股份有限公司分公司所屬營運處,,,2012-11-26
1490296,National Rescue Command Center,行政院國家搜救指揮中心,,,2012-11-26
1490298,"Taoyuan International Airport Office, Civil Aeronautics Administration, Ministry of Transportation and Communications ",交通部民用航空局桃園國際航空站,,,2012-11-26
1490299,Tax Administration Development Division,稅政發展科,,,2012-11-26
1490300,"Advanced Research Park Provisional Office, National Science Council, Executive Yuan ",行政院國家科學委員會高等研究園區開發籌備處,,,2012-11-26
1490301,"Bureau of National Health Insurance, Department of Health, Executive Yuan  ",行政院衛生署中央健康保險局,,,2012-11-26
1490302,Medical Review and Pharmaceutical Benefits Division,醫審暨藥材組,,,2012-11-26
1490303,Office of the President ,總統府,,,2012-11-26
1490304,Academia Sinica,中央研究院,,,2012-11-26
1490305,Academia Historica,國史館,,,2012-11-26
1490306,National Security Council,國家安全會議,,,2012-11-26
1490307,National Security Bureau,國家安全局,,,2012-11-26
1490308,Legislative Yuan,立法院,,,2012-11-26
1490309,Supreme Court,最高法院,,,2012-11-26
1490310,Taiwan High Court ,臺灣高等法院,,,2012-11-26
1490311,Taiwan High Court ____ Branch ,臺灣高等法院____分院,,,2012-11-26
1490312,District Court ,地方法院,,,2012-11-26
1490313,Supreme Administrative Court,最高行政法院,,,2012-11-26
1490314,High Administrative Court ,高等行政法院,,,2012-11-26
1490315,Intellectual Property Court ,智慧財產法院,,,2012-11-26
1490316,Public Functionary Disciplinary Sanction Commission,公務員懲戒委員會,,,2012-11-26
1490317,"Judicial Personnel Institute, Judicial Yuan ",司法院司法人員研習所,,,2012-11-26
1490318,Examination Yuan,考試院,,,2012-11-26
1490319,Ministry of Examination,考選部,,,2012-11-26
1490320,Ministry of Civil Service ,銓敘部,,,2012-11-26
1490321,Public Service Pension Fund Supervisory Board,公務人員退休撫卹基金監理委員會,,,2012-11-26
1490322,Civil Service Protection and Training Commission,公務人員保障暨培訓委員會,,,2012-11-26
1490323,Control Yuan,監察院,,,2012-11-26
1490324,National Audit Office,審計部,,,2012-11-26
1490325,Judicial Yuan ,司法院,,,2012-11-26
1507655,1,2,,3,2012-11-26
