ID,英文名稱,中文名稱,圖片,所屬機關單位名稱,機關單位中文名稱,機關單位英文名稱,職等,單位中文名稱,單位英文名稱,單位中文名稱2,單位英文名稱2,更新日期
1472419,Civil Affairs Bureau,民政局,,,,,,,,,,2012-12-19
1472420,Finance Bureau,財政局,,,,,,,,,,2012-12-19
1472428,Education Bureau,教育局,,,,,,,,,,2012-12-19
1472432,Economic Affairs Bureau,建設局,,,,,,,,,,2012-12-19
1472436,Public Works Bureau,工務局,,,,,,,,,,2012-12-19
1472441,Social Affairs Bureau,社會局,,,,,,,,,,2012-12-19
1472444,Labor Affairs Bureau,勞工局,,,,,,,,,,2012-12-19
1472447,Police Bureau,警察局,,,,,,,,,,2012-12-19
1472448,Fire Bureau,消防局,,,,,,,,,,2012-12-19
1472449,Public Health Bureau,衛生局,,,,,,,,,,2012-12-19
1472454,Environmental Protection Bureau,環境保護局,,,,,,,,,,2012-12-19
1472457,Cultural Affairs Bureau,文化局,,,,,,,,,,2012-12-19
1472461,Transportation Bureau,交通局,,,,,,,,,,2012-12-19
1472463,Land Administration Office,地政處,,,,,,,,,,2012-12-19
1472464,Information Office,新聞處,,,,,,,,,,2012-12-19
1472466,Accounting and Statistics Office,主計處,,,,,,,,,,2012-12-19
1472467,Personnel Office,人事處,,,,,,,,,,2012-12-19
1472468,"Public Health Bureau, ____ City",___市衛生局,,,,,,,,,,2012-12-19
1472471,____ County (City) Police Bureau,1.___縣(市)警察局 2.___縣(市)政府警察局,,,,,,,,,,2012-12-19
1472475,____ City Police Bureau,1.___縣(市)警察局 2.___縣(市)政府警察局,,,,,,,,,,2012-12-19
1472481,"Fire Bureau, ____ County (City)",1.___縣(市)消防局 2.___縣政府消防局,,,,,,,,,,2012-12-19
1472485,"Public Health Bureau, ____ County (City)",1.___縣(市)衛生局 2.___縣政府衛生局,,,,,,,,,,2012-12-19
1472487,"Local Tax Bureau, ___ County (City)",1.___縣(市)政府地方稅務局 2.___ 縣(市)地方稅務局,,,,,,,,,,2012-12-19
1472491,___ County Government,縣(市)政府,,,,,,,,,,2012-12-19
1472503,___ County (City) Government,縣(市)政府,,,,,,,,,,2012-12-19
1472509,Yilan County Government,宜蘭縣政府,,,,,,,,,,2012-12-19
1472512,Miaoli County Government,苗栗縣政府,,,,,,,,,,2012-12-19
1472513,"Marine Life Propagation Station, Penghu County",澎湖縣政府,,,,,,,,,,2012-12-19
1472515,Kinmen County Government,連江縣政府,,,,,,,,,,2012-12-19
1472521,Kinmen County Government,金門縣政府,,,,,,,,,,2012-12-19
1472524,__ County (Municipal) Library,___縣(市)立圖書館,,,,,,,,,,2012-12-19
1472600,Seventh Directorate,第七組 ,,,,,,,,,,2012-12-19
1472604,Department of Civil Affairs,民政司 ,,,,,,,,,,2012-12-19
1472611,Department of Household Registration Affairs,戶政司 ,,,,,,,,,,2012-12-19
1472618,Department of Land Administration,地政司 ,,,,,,,,,,2012-12-19
1472620,Department of Social Affairs,社會司 ,,,,,,,,,,2012-12-19
1472625,Department of General Affairs,總務司,,,,,,,,,,2012-12-19
1472640,Domestic Violence and Sexual Assault Prevention Committee,家庭暴力及性侵害防治委員會 ,,,,,,,,,,2012-12-19
1472641,Department of Household Registration Affairs,中部辦公室戶政司 ,,,,,,,,,,2012-12-19
1472645,Department of Civil Affairs,中部辦公室民政司 ,,,,,,,,,,2012-12-19
1472652,Department of Land Administration,中部辦公室地政司 ,,,,,,,,,,2012-12-19
1472659,Department of Social Affairs,中部辦公室社會司 ,,,,,,,,,,2012-12-19
1472663,First Department,第一處,,,,,,,,,,2012-12-19
1472668,Second Department,第二處,,,,,,,,,,2012-12-19
1472671,Third Department,第三處,,,,,,,,,,2012-12-19
1472673,Fourth Department,第四處,,,,,,,,,,2012-12-19
1472676,Fifth Department,第五處,,,,,,,,,,2012-12-19
1472679,Sixth Department,第六處,,,,,,,,,,2012-12-19
1472681,Seventh Department,第七處,,,,,,,,,,2012-12-19
1472684,Eighth Department,第八處,,,,,,,,,,2012-12-19
1472686,Ninth Department,第九處,,,,,,,,,,2012-12-19
1472699,Department of Statistics,統計處,,,,,,,,,,2012-12-19
1472760,Central Region Office,中部辦公室,,,,,,,,,,2012-12-19
1472766,Department of Culture and Education,文教處 ,,,,,,,,,,2012-12-19
1472770,Department of General Affairs,綜合處 ,,,,,,,,,,2012-12-19
1472772,Data Office ,資料室,,,,,,,,,,2012-12-19
1472780,General Affairs Division ,行政組,,,,,,,,,,2012-12-19
1472782,Research Division ,研究組,,,,,,,,,,2012-12-19
1472784,Meeting Affairs Division ,議事組,,,,,,,,,,2012-12-19
1472787,Reserves Affairs Division,召集組,,,,,,,,,,2012-12-19
1472792,Enlistment and Training Division,甄訓組,,,,,,,,,,2012-12-19
1472800,Management Division ,管理組,,,,,,,,,,2012-12-19
1472803,Recruitment Division,徵集組,,,,,,,,,,2012-12-19
1472806,Rights and Benefits Division ,權益組,,,,,,,,,,2012-12-19
1472811,Entry and Exit Affairs Division,入出國事務組,,,,,,,,,,2012-12-19
1472817,Immigration Affairs Division,移民事務組,,,,,,,,95.8.15會地字第095016115號函復,,2012-12-19
1472820,International Affairs Division,國際事務組,,,,,,,,95.8.15會地字第095016115號函復,,2012-12-19
1472824,Immigration Information Division,移民資訊組,,,,,,,,95.8.15會地字第095016115號函復,,2012-12-19
1472863,Service Affairs Corps,服務事務大隊,,,,,,,,95.8.15會地字第095016115號函復,,2012-12-19
1472868,Detention Affairs Corps,收容事務大隊,,,,,,,,95.8.15會地字第095016115號函復,,2012-12-19
1472881,First Specialized Operation Corps,專勤事務第一大隊,,,,,,,,95.8.15會地字第095016115號函復,,2012-12-19
1472892,Second Specialized Operation Corps,專勤事務第二大隊,,,,,,,,95.8.15會地字第095016115號函復,,2012-12-19
1472909,Border Affairs Corps,國境事務大隊,,,,,,,,,,2012-12-19
1472917,"Secretariat, Board of Directors",董事會秘書室,,,,,,,,,,2012-12-19
1472920,"Auditing Office, Board of Directors",董事會稽核室,,,,,,,,,,2012-12-19
1472924,Department of Planning,企劃部,,,,,,,,,,2012-12-19
1472934,Department of Credit Management,審查部,,,,,,,,,,2012-12-19
1472941,Department of Business (I),營業部(一),,,,,,,,,,2012-12-19
1472945,Department of Business (II),營業部(二),,,,,,,,,,2012-12-19
1472954,Department of Circulation,發行部,,,,,,,,,,2012-12-19
1472958,Department of Public Treasury,公庫部,,,,,,,,,,2012-12-19
1472966,Department of International Banking,國外部,,,,,,,,,,2012-12-19
1472970,Department of Trusts,信託部,,,,,,,,,,2012-12-19
1472974,Department of Securities,證券部,,,,,,,,,,2012-12-19
1472980,Department of Treasury,財務部,,,,,,,,,,2012-12-19
1472982,Department of Consumer Banking,消費者金融部,,,,,,,,,,2012-12-19
1472985,Department of Electronic Banking,電子金融部,,,,,,,,,,2012-12-19
1472990,Credit Analysis Office,徵信室,,,,,,,,,,2012-12-19
1473004,General Affairs Office( II),總務室(二),,,,,,,,,,2012-12-19
1473021,Economic Research Office,經濟研究室,,,,,,,,,,2012-12-19
1473028,Legal Affairs Office,法務室,,,,,,,,,,2012-12-19
1473032,Non-performing Loans Center,逾期放款處理中心,,,,,,,,,,2012-12-19
1473033,Training Institute,行員訓練所,,,,,,,,,,2012-12-19
1473038,Printing Works,印刷所,,,,,,,,,,2012-12-19
1473039,Factoring Operations Center,應收帳款作業中心,,,,,,,,,,2012-12-19
1473042,Kaohsiung Region Corporate Banking Center,高雄企業金融區域授信中心,,,,,,,,,,2012-12-19
1473044,First Northern Region Consumer Banking Center,北一區個人金融區域授信中心,,,,,,,,,,2012-12-19
1473049,Offshore Banking Branch,國際金融業務分行,,,,,,,,,,2012-12-19
1473075,In-service and Continuing Education ,進修推廣部,,,,,,,,,,2012-12-19
1473108,Computer Center,電子機計算中心,,,,,,,,,,2012-12-19
1473177,Research and Development Division,研究發展處,,,,,,,,,,2012-12-19
1473223,Evening and Continuing Education Center ,進修暨推廣中心,,,,,,,,,,2012-12-19
1473227,Information Management Center ,資訊中心,,,,,,,,,,2012-12-19
1473236,Student Affairs  Division,學生事務處,,,,,,,,,,2012-12-19
1473247,Student Affairs Division,教務處,,,,,,,,,,2012-12-19
1473250,Extension and Continuing Education Division,進修暨擴廣部,,,,,,,,,,2012-12-19
1473255,Library ,圖書館,,,,,,,,,,2012-12-19
1473258,Practice and Consulting Division,實習輔導處,,,,,,,,,,2012-12-19
1473265,Physical Education Office,體育室,,,,,,,,,,2012-12-19
1473286,Research and Development Section,研發組,,,,,,,,,,2012-12-19
1473288,Research and Development  Division,研發處,,,,,,,,,,2012-12-19
1473310,Student Affairs Division,學務處,,,,,,,,,,2012-12-19
1473333,College of Life Sciences ,生命科學院,,,,,,,,,,2012-12-19
1473342,College of Social Sciences and Management ,社會科學暨管理學院,,,,,,,,,,2012-12-19
1473344,Computer and Information Center ,計算機及資訊網路中心,,,,,,,,,,2012-12-19
1473372,Veterinary Medical Teaching Hospital ,獸醫教學醫院,,,,,,,,,,2012-12-19
1473380,College of Liberal Arts ,文學院,,,,,,,,,,2012-12-19
1473384,College of Foreign Languages ,外國語文學院,,,,,,,,,,2012-12-19
1473388,College of Law ,法學院,,,,,,,,,,2012-12-19
1473405,College of Commerce ,商學院,,,,,,,,,,2012-12-19
1473408,College of Diplomacy ,國際事務學院,,,,,,,,,,2012-12-19
1473410,College of Education ,教育學院,,,,,,,,,,2012-12-19
1473413,College of Natural Sciences ,理學院,,,,,,,,,,2012-12-19
1473414,College of Communication ,傳播學院,,,,,,,,,,2012-12-19
1473422,College of Humanities ,人文學院,,,,,,,,,,2012-12-19
1473424,Public Affairs  Division,公共事務學院,,,,,,,,,,2012-12-19
1473432,College of Law ,法律學院,,,,,,,,,,2012-12-19
1473437,College of Social Science s,社會科學學院,,,,,,,,,,2012-12-19
1473442,College of Business ,商學院,,,,,,,,,,2012-12-19
1473443,College of Engineering ,工學院,,,,,,,,,,2012-12-19
1473447,College of Life and Resource Sciences ,生命與資源科學院,,,,,,,,,,2012-12-19
1473449,College of Technology,技術學院,,,,,,,,,,2012-12-19
1473451,College of Maritime Science,海運學院,,,,,,,,,,2012-12-19
1473453,College of Science,理學院,,,,,,,,,,2012-12-19
1473499,Fifth Division,第五組,,,,,,,,,,2012-12-19
1473509,Sixth Division,第六組,,,,,,,,,,2012-12-19
1473524,Service Promotion Division,服務廣宣組,,,,,,,,,,2012-12-19
1473527,Geological Information Division,地質資料組,,,,,,,,,,2012-12-19
1473531,First Division,第一組,,,,,,,,,,2012-12-19
1473533,Second Division,第二組,,,,,,,,,,2012-12-19
1473537,Third Division,第三組,,,,,,,,,,2012-12-19
1473540,Fourth Division,第四組,,,,,,,,,,2012-12-19
1473544,Planning Division,綜合企劃組,,,,,,,,,,2012-12-19
1473547,Hydrology Division,水文技術組,,,,,,,,,,2012-12-19
1473550,Management Division,水源經營組,,,,,,,,,,2012-12-19
1473553,River and Coast Division,河川海岸組,,,,,,,,,,2012-12-19
1473559,Conservation Division,保育事業組,,,,,,,,,,2012-12-19
1473562,Construction Division,工程事務組,,,,,,,,,,2012-12-19
1473567,Water Administration Division,水利行政組,,,,,,,,,,2012-12-19
1473570,Land Management Division,土地管理組,,,,,,,,,,2012-12-19
1473584,Mine Safety Division,礦場保安組,,,,,,,,,,2012-12-19
1473585,Mine Administration Division,礦務行政組,,,,,,,,,,2012-12-19
1473586,Mine Affairs Division,礦業經濟組,,,,,,,,,,2012-12-19
1473596,Department of Public Relations,公眾服務處,,,,,,,,v,,2012-12-19
1473609,Department of System Planning  ,系統規劃處,,,,,,,,,,2012-12-19
1473611,Department of Power Supply  ,供電處,,,,,,,,,,2012-12-19
1473613,The Approval Committee of Power Development Foundation,促進電力開發協助金審議委員會,,,,,,,,,,2012-12-19
1473614,Department of Nuclear Safety  ,核能安全處,,,,,,,,,,2012-12-19
1473618,Department of Nuclear Engineering  ,核能技術處,,,,,,,,,,2012-12-19
1473621,Department of Nuclear Generation,核能發電處,,,,,,,,v,,2012-12-19
1473625,Secretariat ,秘書處,,,,,,,,,,2012-12-19
1473635,Department of Generation,發電處,,,,,,,,v,,2012-12-19
1473639,Department of Business ,業務處,,,,,,,,,,2012-12-19
1473644,Board of Directors ,董事會,,,,,,,,,,2012-12-19
1473646,Department of Information Management ,資訊系統處,,,,,,,,,,2012-12-19
1473653,Department of Power Development ,電源開發處,,,,,,,,,,2012-12-19
1473656,Department of Fuels,燃料處,,,,,,,,,,2012-12-19
1473659,Data Control Section,資料控制課,,,,,,,,,,2012-12-19
1473660,Machine Operation Section,機器作業課,,,,,,,,,,2012-12-19
1473665,Technical Section,技術課,,,,,,,,,,2012-12-19
1473669,Foundation Section,基礎課,,,,,,,,,,2012-12-19
1473672,Power Apparatus Testing Section,電力設備試驗課,,,,,,,,,,2012-12-19
1473675,Electricity Meters Section,電表課,,,,,,,,,,2012-12-19
1473678,Measuring Instruments Section,儀器課,,,,,,,,,,2012-12-19
1473689,Department of Industrial Safety and Environment Protection,工安環保處,,,,,,,,,,2012-12-19
1473694,Department of Quality Control,品保處,,,,,,,,,,2012-12-19
1473695,Department of Sales,業務處,,,,,,,,,,2012-12-19
1473697,Department of Design,設計處,,,,,,,,,,2012-12-19
1473700,Department of Materials,物料處,,,,,,,,,,2012-12-19
1473703,Special Project Plant,勤業工廠,,,,,,,,,,2012-12-19
1473709,Hull Plant,船體工廠,,,,,,,,,,2012-12-19
1473722,Management Division,管理部,,,,,,,,,,2012-12-19
1473724,Department of Planning,企劃處,,,,,,,,,,2012-12-19
1473728,Department of Public Works,工務處,,,,,,,,,,2012-12-19
1473732,Department of Water Supply,供水處,,,,,,,,,,2012-12-19
1473737,Department of Business,營業處,,,,,,,,,,2012-12-19
1473743,Department of Materials,材料處,,,,,,,,,,2012-12-19
1473744,Department of Water Quality,水質處,,,,,,,,,,2012-12-19
1473766,General Manager's Office,總經理室,,,,,,,,,,2012-12-19
1473784,Department of Mail Business,郵務營業處,,,,,,,,,,2012-12-19
1473790,Department of Mail Operations,郵遞管理處,,,,,,,,,,2012-12-19
1473803,Department of Property Operations,資產營運處,,,,,,,,,,2012-12-19
1473810,Department of Maintenance,技術處,,,,,,,,,,2012-12-19
1473819,Department of Philately,集郵處,,,,,,,,,,2012-12-19
1473837,Department of Savings and Remittances,儲匯處,,,,,,,,,,2012-12-19
1473853,Department of Life Insurance,壽險處,,,,,,,,,,2012-12-19
1473885,Department of Capital Operations,資金運用處,,,,,,,,,,2012-12-19
1473931,Department of Information Management,資訊處,,,,,,,,,,2012-12-19
1473939,Department of Network,網路處,,,,,,,,,,2012-12-19
1473941,Department of Auditing,稽核處,,,,,,,,,,2012-12-19
1473960,Department of Human Resources,人力資源處,,,,,,,,,,2012-12-19
1473962,Department of Legal Affairs,法務處,,,,,,,,,,2012-12-19
1473965,Department of Occupational Safety and Health,勞工安全衛生處,,,,,,,,,,2012-12-19
1473981,Department of Satellite Business,衛星事業處,,,,,,,,,,2012-12-19
1473986,Department of Finance,財務處,,,,,,,,,,2012-12-19
1473994,Air Transport Division ,空運組,,,,,,,,,,2012-12-19
1473997,Flight Standards Division ,飛航標準組,,,,,,,,已整併為助導航設施科,,2012-12-19
1474002,Air Traffic Services Division,飛航管制組,,,,,,,,,,2012-12-19
1474007,Aerodrome Division ,場站組,,,,,,,,,,2012-12-19
1474010,Navigation Facilities Division ,助航組,,,,,,,,,,2012-12-19
1474031,"Hotel, Travel and Training Division",業務組,,,,,,,,,,2012-12-19
1474032,International Affairs Division ,國際組,,,,,,,,,,2012-12-19
1474036,Domestic Tourism Division ,國民旅遊組,,,,,,,,,,2012-12-19
1474038,Toll and Service Division,業務組,,,,,,,,,,2012-12-19
1474044,Technical Division ,技術組,,,,,,,,,,2012-12-19
1474048,Traffic Management Division ,交通管理組,,,,,,,,,,2012-12-19
1474050,Land Division,路產組,,,,,,,,,,2012-12-19
1474061,Secretariat,秘書室 ,,,,,,,,,,2012-12-19
1474065,Planning Division,第一組(企劃組),,,,,,,,,,2012-12-19
1474066,Observation Management Division,第二組 (測政組),,,,,,,,,,2012-12-19
1474072,Applied Meteorology Division ,第三組 (應用氣象組),,,,,,,,,,2012-12-19
1474075,Telecommunication and Radar Division,第四組 (通訊雷達組),,,,,,,,,,2012-12-19
1474081,Research and Development Center,氣象科技研究中心,,,,,,,,,,2012-12-19
1474093,Electrical Engineering Division,機電組,,,,,,,,,,2012-12-19
1474095,Transportation Division,運務組,,,,,,,,,,2012-12-19
1474104,Structural Design Division,結構組,,,,,,,,,,2012-12-19
1474109,Facilities Division,設施組,,,,,,,,,,2012-12-19
1474134,Planning Division ,規劃組,,,,,,,,,,2012-12-19
1474136,Construction and Design  Division,新工組,,,,,,,,,,2012-12-19
1474140,Maintenance  Division ,養路組,,,,,,,,,,2012-12-19
1474144,Land Acquisition Division ,用地組,,,,,,,,,,2012-12-19
1474146,Equipment and Supplies Division,機科組,,,,,,,,,,2012-12-19
1474148,Motor Vehicles Division ,監理組,,,,,,,,,,2012-12-19
1474187,Occupational Safety and Training Division,勞工安全衛生訓練組,,,,,,,,,,2012-12-19
1474193,Vessel Traffic Control Division ,船舶交通管制組,,,,,,,,,,2012-12-19
1474213,Environmental Protection Division ,環境保護組,,,,,,,,,,2012-12-19
1474214,Occupational Safety and Health Division,勞工安全衛生管理組,,,,,,,,,,2012-12-19
1474236,Equipment Division,機務組,,,,,,,,,,2012-12-19
1474239,Research and Development Division,研究發展組,,,,,,,,,,2012-12-19
1474251,Occupational Safety and Environmental Protection Division,勞安環保組,,,,,,,,,,2012-12-19
1474272,Business Division,業務組,,,,,,,,,,2012-12-19
1474276,Harbor Management Division,港務組,,,,,,,,,,2012-12-19
1474279,Construction Division,工務組,,,,,,,,,,2012-12-19
1474281,Vessel Administration Division,航政組,,,,,,,,,,2012-12-19
1474289,Information Management Unit,資訊小組,,,,,,,,,,2012-12-19
1474290,Occupational Safety Unit,勞安組,,,,,,,,,,2012-12-19
1474293,Underwriting Division,承保處,,,,,,,,,,2012-12-19
1474296,Financial Analysis Division,財務處,,,,,,,,,,2012-12-19
1474298,Medical Affairs Division,醫務管理處,,,,,,,,,,2012-12-19
1474300,Medical Affairs Division,醫務管理處,,,,,,,,,,2012-12-19
1474303,Planning Division,企劃處,,,,,,,,,,2012-12-19
1474307,Information Management Division,資訊處,,,,,,,,,,2012-12-19
1474313,Auditing Office,稽核室,,,,,,,,,,2012-12-19
1474335,Taipei Branch,台北分局,,,,,,,,,,2012-12-19
1474336,Chemistry Division,第一組 (藥物化學組),,,,,,,,,,2012-12-19
1474337,Biology Division,第二組 (藥物生物學組),,,,,,,,,,2012-12-19
1474338,Pharmacognosy Division,第三組 (中藥生藥學組),,,,,,,,,,2012-12-19
1474339,Pharmaceutical Plant,製藥工廠,,,,,,,,,,2012-12-19
1474343,Planning Division,企劃及綜合業務組,,,,,,,,,,2012-12-19
1474344,Surveillance and Investigation Division,疾病監測調查組,,,,,,,,,,2012-12-19
1474345,Laboratory Research and Development Division,研究檢驗組,,,,,,,,,,2012-12-19
1474346,Laboratory Resources Division,實驗室資源服務組,,,,,,,,,,2012-12-19
1474347,Quarantine and Prevention Division,檢疫防疫組,,,,,,,,,,2012-12-19
1474357,Admission Department,住院室,,,,,,,,,,2012-12-19
1474358,Medical Records Department,病歷室,,,,,,,,,,2012-12-19
1474361,Diet and Nutrition Department,營養室,,,,,,,,,,2012-12-19
1474362,Social Work Department,社會服務室,,,,,,,,若未設部，各科為一級單位，科譯為Department。,,2012-12-19
1474369,Pharmacy Department,藥劑科,,,,,,,,,,2012-12-19
1474389,Laboratory Department,檢驗科,,,,,,,,,,2012-12-19
1474407,Special Test and Treatment Department,特殊檢查治療部,,,,,,,,,,2012-12-19
1474413,Radiological Diagnosis Department,放射診斷部,,,,,,,,若未設部，各科為一級單位，科譯為Department。,,2012-12-19
1474417,Nuclear Medicine  Department,核子醫學部,,,,,,,,若未設部，各科為一級單位，科譯為Department。,,2012-12-19
1474421,Radiological Therapy Department,放射治療部,,,,,,,,若未設部，各科為一級單位，科譯為Department。,,2012-12-19
1474454,Medical Department,醫療部,,,,,,,,,,2012-12-19
1474456,Nursing Department,護理科,,,,,,,,,,2012-12-19
1474457,Supplies Center,供應中心,,,,,,,,,,2012-12-19
1474483,Outpatient Clinic (OPD Clinic),門診部,,,,,,,,,,2012-12-19
1474488,Emergency Service Department,急診室,,,,,,,,,,2012-12-19
1474493,Operating Room,手術室,,,,,,,,,,2012-12-19
1474494,Burn Unit,燙傷中心,,,,,,,,,,2012-12-19
1474496,Delivery Room,產房,,,,,,,,,,2012-12-19
1474497,Intensive Care Unit,加護病房,,,,,,,,,,2012-12-19
1474521,Ward,病房,,,,,,,,,,2012-12-19
1474526,Medicine Department,內科部,,,,,,,,,,2012-12-19
1474540,Surgery Department,外科部,,,,,,,,,,2012-12-19
1474545,Orthopedics Department,骨科部,,,,,,,,,,2012-12-19
1474550,Anesthesiology Department,麻醉部,,,,,,,,,,2012-12-19
1474551,Chest Department,胸腔部,,,,,,,,,,2012-12-19
1474559,Obstetrics and Gynecology Department,婦產部,,,,,,,,,,2012-12-19
1474563,Pediatrics Department,小兒部,,,,,,,,,,2012-12-19
1474568,Physical Medicine and Rehabilitation Department,復健醫學部,,,,,,,,,,2012-12-19
1474576,Radiology Department,放射線部,,,,,,,,,,2012-12-19
1474578,Nuclear Medicine Department,核醫部,,,,,,,,,,2012-12-19
1474582,National Positron Emission Tomography / Cyclotron Center,國家多目標醫用迴旋加速器中心,,,,,,,,,,2012-12-19
1474592,Neurology Institute,神經醫學中心,,,,,,,,,,2012-12-19
1474594,Psychiatry Department,精神部,,,,,,,,,,2012-12-19
1474598,Dermatology Department,皮膚部,,,,,,,,,,2012-12-19
1474603,Dentistry Department,牙科部,,,,,,,,,,2012-12-19
1474608,Ophthalmology Department,眼科部,,,,,,,,,,2012-12-19
1474611,Otorhinolaryngology Department (ENT),耳鼻喉部,,,,,,,,,,2012-12-19
1474612,Cancer Center,癌病中心,,,,,,,,,,2012-12-19
1474615,Emergency Service Department,急診部,,,,,,,,,,2012-12-19
1474616,Family Medicine Department,家庭醫學部,,,,,,,,,,2012-12-19
1474623,Pathology and Laboratory Department,病理檢驗部,,,,,,,,,,2012-12-19
1474627,Pharmacy Department,藥劑部,,,,,,,,,,2012-12-19
1474629,Medical Research and Education Department,教學研究部,,,,,,,,,,2012-12-19
1474633,Diet and Nutrition Department,營養部,,,,,,,,,,2012-12-19
1474635,Medical Administration Department,醫務行政部,,,,,,,,,,2012-12-19
1474648,Supplies Office,補給室,,,,,,,,,,2012-12-19
1474653,Social Work Department,社會工作室,,,,,,,,,,2012-12-19
1474670,Affiliated Units,附設機構,,,,,,,,,,2012-12-19
1474672,Investment Services Division ,投資組,,,,,,,,,,2012-12-19
1474674,Secretariat ,祕書室,,,,,,,,,,2012-12-19
1474677,Secretariat ,秘書室,,,,,,,,,,2012-12-19
1474681,Planning Division ,企劃組,,,,,,,,,,2012-12-19
1474685,Slopeland Conservation  Division,坡地保育組,,,,,,,,,,2012-12-19
1474689,Watershed Protection  Division,治理組,,,,,,,,,,2012-12-19
1474693,Monitoring and Management Division ,監測管理組,,,,,,,,,,2012-12-19
1474694,Forest Planning Division,森林企劃組,,,,,,,,,,2012-12-19
1474699,Forest Administration Division  ,林政管理組,,,,,,,,,,2012-12-19
1474701,Watershed Management Division  ,集水區治理組,,,,,,,,,,2012-12-19
1474705,Reforestation and Production Division ,造林生產組,,,,,,,,,,2012-12-19
1474708,Conservation and Recreation Division  ,森林育樂組,,,,,,,,,,2012-12-19
1474714,Meat Inspection Division ,肉品檢查組,,,,,,,,,,2012-12-19
1474719,Plant Quarantine Division  ,植物檢疫組,,,,,,,,,,2012-12-19
1474727,Fisheries Regulation Division  ,漁政組,,,,,,,,,,2012-12-19
1474730,Deep Sea Fisheries Division ,遠洋漁業組,,,,,,,,,,2012-12-19
1474734,Aquaculture and Coastal Fisheries Division ,養殖沿近海漁業組,,,,,,,,,,2012-12-19
1474738,Deep Sea Fishery Research and Development Center ,遠洋漁業開發中心,,,,,,,,,,2012-12-19
1474755,Third Corps ,第三大隊,,,,,,,,,,2012-12-19
1474760,Fourth Corps,第四大隊,,,,,,,,,,2012-12-19
1474762,First Corps  ,第一大隊,,,,,,,,,,2012-12-19
1474769,Second Corps ,第二大隊,,,,,,,,,,2012-12-19
1474771,Academic Affairs Division ,教務處,,,,,,,,,,2012-12-19
1474777,Student Affairs Division,訓導處,,,,,,,,,,2012-12-19
1474781,General Affairs Division,總務處,,,,,,,,,,2012-12-19
1474789,College of Agriculture and Natural Resources ,農業暨自然資源學院,,,,,,,,,,2012-12-19
1474792,Third Section,第三課,,,,,,,,,,2012-12-19
1474793,Fourth Section,第四課,,,,,,,,,,2012-12-19
1474796,Personnel Section ,人事課,,,,,,,,,,2012-12-19
1474800,Coal Yard Mechanical Section,燃煤機械課,,,,,,,,,,2012-12-19
1474804,Operation Section,運轉課,,,,,,,,,,2012-12-19
1474811,Mechanical Section,機械課,,,,,,,,,,2012-12-19
1474812,Repairing Section,修配課,,,,,,,,,,2012-12-19
1474817,Water and Soil Conservation Section,水土保持課,,,,,,,,,,2012-12-19
1474819,Flue Gas Desulfurization Section,排煙脫硫課,,,,,,,,,,2012-12-19
1474821,Warehouse Section ,倉儲課,,,,,,,,,,2012-12-19
1474823,Materials Section ,料務課,,,,,,,,,,2012-12-19
1474825,Accounting Section ,帳務課,,,,,,,,,,2012-12-19
1474826,Land Rights  Section,地權課,,,,,,,,,,2012-12-19
1474829,Line Section ,線路課,,,,,,,,,,2012-12-19
1474830,Extra High Voltage Equipment Section  ,變電課,,,,,,,,,,2012-12-19
1474832,Taipei Line Maintenance Section,台北線務段,,,,,,,,,,2012-12-19
1474833,Xizhi EHV Substation,汐止超高壓變電所,,,,,,,,,,2012-12-19
1474836,Billing Section,電費課,,,,,,,,v,,2012-12-19
1474837,Marketing Section,業務課,,,,,,,,,,2012-12-19
1474839,Maintenance Section,維護課,,,,,,,,,,2012-12-19
1474843,Back-end Management Section Ⅰ,後端營運一課,,,,,,,,,,2012-12-19
1474846,Back-end Management Section II,後端營運二課,,,,,,,,,,2012-12-19
1474847,Lanyu Storage Unit,蘭嶼貯存場,,,,,,,,,,2012-12-19
1474848,Radiation Chemistry Section,放射化學課,,,,,,,,,,2012-12-19
1474850,Personnel Dosimetry Section,劑量計測課,,,,,,,,,,2012-12-19
1474852,Radiation Instruments Section,輻射儀器課,,,,,,,,,,2012-12-19
1474854,Environmental Surveillance Section,環境偵測課,,,,,,,,,,2012-12-19
1474855,Concrete Testing and Research Center,混凝土試驗研究中心,,,,,,,,,,2012-12-19
1474856,Concrete Testing and Research Center,混擬土試驗研究中心,,,,,,,,,,2012-12-19
1474857,Telecommunication Office,通信區,,,,,,,,,,2012-12-19
1474864,Piping Section,配管課,,,,,,,,,,2012-12-19
1474866,Flue Gas Desulfurization Section,排氣處理課,,,,,,,,,,2012-12-19
1474867,System Management Section,電務課,,,,,,,,,,2012-12-19
1474869,Boiler Section,鍋爐課,,,,,,,,,,2012-12-19
1474872,Civil Engineering Section ,土木課,,,,,,,,,,2012-12-19
1474876,Materials Section ,材料課,,,,,,,,,,2012-12-19
1474881,Steam Supply Section ,汽源課,,,,,,,,,,2012-12-19
1474884,Steam Turbine Section ,汽機課,,,,,,,,,,2012-12-19
1474890,Quality Section,品質課,,,,,,,,,,2012-12-19
1474893,Architecture Section,建築課,,,,,,,,,,2012-12-19
1474896,Electricity Section ,電氣課,,,,,,,,,,2012-12-19
1474903,Instrument and Control Section ,儀控課,,,,,,,,,,2012-12-19
1474904,Auxiliary Equipment Section,輔機課,,,,,,,,,,2012-12-19
1474906,Hydraulic Section,水路課,,,,,,,,,,2012-12-19
1474908,Accounting Section,會計課,,,,,,,,,,2012-12-19
1474909,Civil Service Ethics Section,政風課,,,,,,,,,,2012-12-19
1474916,Management Office,經營績效室,,,,,,,,,,2012-12-19
1474920,Information Management Office,資訊室,,,,,,,,,,2012-12-19
1474924,Engineering Office,工務室,,,,,,,,,,2012-12-19
1474928,Department of Business ,營運處,,,,,,,,,,2012-12-19
1474967,Kaohsiung Refinery Plant,高雄煉油廠,,,,,,,,,,2012-12-19
1475010,Kaohsiung Refinery,高雄煉油廠,,,,,,,,,,2012-12-19
1475066,Dalin Refinery Plant　,大林煉油廠,,,,,,,,,,2012-12-19
1475113,Taoyuan Refinery Plant,桃園煉油廠,,,,,,,,,,2012-12-19
1475122,Production and Safety Section,生產安環組,,,,,,,,,,2012-12-19
1475126,Domestic Sales Section,內銷組,,,,,,,,,,2012-12-19
1475129,Storage and Transportation Section,儲運組,,,,,,,,,,2012-12-19
1475130,General Affairs Office ,行政室,,,,,,,,,,2012-12-19
1475133,Planning Office,企劃室,,,,,,,,,,2012-12-19
1475134,Industrial Safety and Environmental Protection Section,工安環保組,,,,,,,,,,2012-12-19
1475135,Marketing Office,行銷室,,,,,,,,,,2012-12-19
1475148,Linyuan Petrochemical Plant,林園石化廠,,,,,,,,,,2012-12-19
1475151,Technical Engineering Section,工程技術組,,,,,,,,,,2012-12-19
1475211,International Incoming Mail Section,國際郵件進口科,,,,,,,,,,2012-12-19
1475215,International Air Mail Section,國際航空郵件科,,,,,,,,,,2012-12-19
1475218,Transportation Section,運輸科,,,,,,,,,,2012-12-19
1475231,First Delivery Section,第一投遞科,,,,,,,,,,2012-12-19
1475233,First Field Post Management Office,第一軍郵管理處,,,,,,,,,,2012-12-19
1475241,Second Delivery Section,第二投遞科,,,,,,,,,,2012-12-19
1475249,Third Delivery Section,第三投遞科,,,,,,,,,,2012-12-19
1475252,EMS/Speedpost Section,快捷郵件科,,,,,,,,,,2012-12-19
1475299,Cashier Section,出納科,,,,,,,,,,2012-12-19
1475304,Marketing Section,營業行銷科,,,,,,,,,,2012-12-19
1475314,Planning Section,規劃科,,,,,,,,,,2012-12-19
1475328,Operations Section,作業科,,,,,,,,,,2012-12-19
1475352,Accounting Office,會計室,,,,,,,,,,2012-12-19
1475407,Planning and Marketing Section,企劃行銷科,,,,,,,,,,2012-12-19
1475412,Civil Service Ethics Office,政風室,,,,,,,,,,2012-12-19
1475418,Business Section,營業管理科,,,,,,,,,,2012-12-19
1475421,Postal Affairs Section,郵務科,,,,,,,,,,2012-12-19
1475426,Occupational Safety and Health Section (General Affairs Section),勞安(總務)科,,,,,,,,,,2012-12-19
1475429,Department of Personnel,人事處,,,,,,,,,,2012-12-19
1475434,Department of Accounting,會計處,,,,,,,,,,2012-12-19
1475437,Department of General Affairs,總務處,,,,,,,,,,2012-12-19
1475440,Department of Construction,營建處,,,,,,,,,,2012-12-19
1475445,Department of Supply,供應處,,,,,,,,,,2012-12-19
1475449,Department of Billing,帳務處理處,,,,,,,,,,2012-12-19
1475451,Department of Marketing,行銷處,,,,,,,,,,2012-12-19
1475456,Department of Corporative Services,企業客戶處,,,,,,,,,,2012-12-19
1475457,Department of Network Administration,網路管理處,,,,,,,,,,2012-12-19
1475459,Department of Engineering,設計處,,,,,,,,,,2012-12-19
1475464,Department of Network Operation and Maintenance,網路維運處,,,,,,,,,,2012-12-19
1475466,Department of Customer Access Network,客戶網路處,,,,,,,,,,2012-12-19
1475467,Department of Interactive Multimedia,互動式多媒體處,,,,,,,,,,2012-12-19
1475471,Department of Long Distance Network,長途網路處,,,,,,,,,,2012-12-19
1475474,Department of Long Distance Transmission,長途傳輸處,,,,,,,,,,2012-12-19
1475476,General Affairs Office,總務室,,,,,,,,,,2012-12-19
1475477,Department of Civil Service Ethics,政風處,,,,,,,,,,2012-12-19
1475478,Department of Planning,經營規劃處,,,,,,,,,,2012-12-19
1475491,Construction Section,工務課,,,,,,,,,,2012-12-19
1475495,General Affairs Section,總務課,,,,,,,,,,2012-12-19
1475496,Changhua Branch,彰化工務段,,,,,,,,,,2012-12-19
1475497,Guguan Branch,谷關工務段,,,,,,,,,,2012-12-19
1475498,Xinyi Branch,信義工務段,,,,,,,,,,2012-12-19
1475501,Kaohsiung Branch,高雄工務段,,,,,,,,,,2012-12-19
1475503,Chaozhou Branch,潮州工務段,,,,,,,,,,2012-12-19
1475506,Taitung Branch,臺東工務段,,,,,,,,,,2012-12-19
1475509,Jiaxian Branch,甲仙工務段,,,,,,,,,,2012-12-19
1475511,Guanshan Branch,關山工務段,,,,,,,,,,2012-12-19
1475513,Fenggang Branch,楓港工務段,,,,,,,,,,2012-12-19
1475515,Toucheng Branch,頭城工務段,,,,,,,,,,2012-12-19
1475518,Nan'ao Branch,南澳工務段,,,,,,,,,,2012-12-19
1475522,Hualien Branch,花蓮工務段,,,,,,,,,,2012-12-19
1475525,Luoshao Branch,洛韶工務段,,,,,,,,,,2012-12-19
1475527,Dulishan Branch,獨立山工務段,,,,,,,,,,2012-12-19
1475529,Yuli Branch,玉里工務段,,,,,,,,,,2012-12-19
1475530,Zengwen Branch,曾文工務段,,,,,,,,,,2012-12-19
1475532,Alishan Branch,阿里山工務段,,,,,,,,,,2012-12-19
1475534,Hualien Station,花蓮監理站,,,,,,,,,,2012-12-19
1475535,Nantou Station,南投監理站,,,,,,,,,,2012-12-19
1475536,Yunlin Station,雲林監理站,,,,,,,,,,2012-12-19
1475537,Pingtung Station,屏東監理站,,,,,,,,,,2012-12-19
1475538,Engineering Section  ,工務課,,,,,,,,,,2012-12-19
1475539,Programming Section ,節目課,,,,,,,,,,2012-12-19
1475541,Personnel Office,人事室,,,,,,,,,,2012-12-19
1475542,General Affairs Section,總務科,,,,,,,,,,2012-12-19
1475543,Billing Section,營業科,,,,,,,,,,2012-12-19
1475544,Service Center,服務中心,,,,,,,,,,2012-12-19
1475545,Corporative Services Section,企業客戶科,,,,,,,,,,2012-12-19
1475546,Telephone Directory Section,號簿科,,,,,,,,,,2012-12-19
1475547,Directory Assistance Center,查號中心,,,,,,,,,,2012-12-19
1475548,Local Switching Operations and Maintenance Center,交換中心,,,,,,,,,,2012-12-19
1475549,Digital Equipment Section,數據機械科,,,,,,,,,,2012-12-19
1475550,First Customer Access Network Center,第一客戶網路中心,,,,,,,,,,2012-12-19
1480159,Division,科,,Urban Development Bureau,,,,,,,,2012-12-19
1480160,Department of Special Projects,都市開發處,,Urban Development Bureau,,,,,,,,2012-12-19
1480161,Information Management Office,資訊室,,Urban Development Bureau,,,,,,,,2012-12-19
1480162,Department of Buidling Affairs,建築管理處,,Public Works Bureau,,,,,,,,2012-12-19
1480163,Secretariat,秘書室,,Public Works Bureau,,,,,,,,2012-12-19
1480164,First Division,第一科,,Labor Affairs Bureau,,,,,,,,2012-12-19
1480168,Second Division,第二科,,Labor Affairs Bureau,,,,,,,,2012-12-19
1480170,Third Division,第三科,,Labor Affairs Bureau,,,,,,,,2012-12-19
1480172,Fourth Division,第四科,,Labor Affairs Bureau,,,,,,,,2012-12-19
1480175,Occupational Health Division,職場衛生科,,Public Health Bureau,,,,,,,,2012-12-19
1480179,Medical Affairs Division,醫政科,,Public Health Bureau,,,,,,,,2012-12-19
1480182,Pharmaceutical Affairs Division,藥政科,,Public Health Bureau,,,,,,,,2012-12-19
1480184,Health Promotion Division,保健科,,Public Health Bureau,,,,,,,,2012-12-19
1480186,Health Education Division,衛生教育科,,Public Health Bureau,,,,,,,,2012-12-19
1480189,Food Safety Division,食品衛生科,,Public Health Bureau,,,,,,,,2012-12-19
1480191,Laboratory Office,檢驗室,,Public Health Bureau,,,,,,,,2012-12-19
1480193,Planning Office,企劃室,,Public Health Bureau,,,,,,,,2012-12-19
1480194,Personnel Office,人事室,,Public Health Bureau,,,,,,,,2012-12-19
1480196,Accounting Office,會計室,,Public Health Bureau,,,,,,,,2012-12-19
1480203,Planning Division,綜合規劃科,,"Mass Rapid Transit Bureau, ____ City",,,,,,,,2012-12-19
1480207,Facilities Division,設施工程科,,"Mass Rapid Transit Bureau, ____ City",,,,,,,,2012-12-19
1480210,Systems Division,系統工程科,,"Mass Rapid Transit Bureau, ____ City",,,,,,,,2012-12-19
1480213,Land Rights Division,路權科,,"Mass Rapid Transit Bureau, ____ City",,,,,,,,2012-12-19
1480215,Secretariat,秘書室,,"Mass Rapid Transit Bureau, ____ City",,,,,,,,2012-12-19
1480218,____ Cultural Center,____文化中心管理處,,Cultural Affairs Bureau,,,,,,,,2012-12-19
1480220,Division,科,,Transportation Bureau,,,,,,,,2012-12-19
1480222,Engineering Section,工程組,,_____ Radio Station,,,,,,,,2012-12-19
1480223,Academic Affairs Division,教務處,,_____ Municipal Open University,,,,,,,,2012-12-19
1480226,Student Affairs Division,輔導處,,_____ Municipal Open University,,,,,,,,2012-12-19
1480227,Media Production Division,教學媒體處,,_____ Municipal Open University,,,,,,,,2012-12-19
1480232,Secretariat,秘書處,,_____ Municipal Open University,,,,,,,,2012-12-19
1480234,Library,圖書館,,_____ Municipal Open University,,,,,,,,2012-12-19
1480239,General Affairs Division,總務組,,_____ City Council,,,,,,,,2012-12-19
1480240,Information Management Office,資訊室,,_____ City Council,,,,,,,,2012-12-19
1480243,Legal Affairs Section,法務科,,"Local Tax Bureau, ___ County (City)",,,,,,因地方制度法及地方行政機關組織準則96年修正，縣市政府所屬一級機關改稱「局」，經97.4.24雙語詞彙翻譯審查小組考量明確表達「地方稅」及名稱一致性，縣市稅務機關如「稅務局」、「地方稅務局」、「稅捐稽徵局」等英譯均修正為Local Tax Bureau。,,2012-12-19
1480246,Data Processing Section,電子作業科,,"Local Tax Bureau, ___ County (City)",,,,,,因地方制度法及地方行政機關組織準則96年修正，縣市政府所屬一級機關改稱「局」，經97.4.24雙語詞彙翻譯審查小組考量明確表達「地方稅」及名稱一致性，縣市稅務機關如「稅務局」、「地方稅務局」、「稅捐稽徵局」等英譯均修正為Local Tax Bureau。,,2012-12-19
1480247,Auditing Section,稽核科,,"Local Tax Bureau, ___ County (City)",,,,,,因地方制度法及地方行政機關組織準則96年修正，縣市政府所屬一級機關改稱「局」，經97.4.24雙語詞彙翻譯審查小組考量明確表達「地方稅」及名稱一致性，縣市稅務機關如「稅務局」、「地方稅務局」、「稅捐稽徵局」等英譯均修正為Local Tax Bureau。,,2012-12-19
1480248,Gangshan Branch,岡山分處,,"Local Tax Bureau, _____ City",,,,,,因地方制度法及地方行政機關組織準則96年修正，縣市政府所屬一級機關改稱「局」，經97.4.24雙語詞彙翻譯審查小組考量明確表達「地方稅」及名稱一致性，縣市稅務機關如「稅務局」、「地方稅務局」、「稅捐稽徵局」等英譯均修正為Local Tax Bureau。,,2012-12-19
1480251,Village,村(里),,"___ Township (Town,Borough) Office, ___ County",,,,,,,,2012-12-19
1481911,Office,室,,臺灣省政府,,,,,,,,2012-12-19
1481912,Division,組,,福建省政府,,,,,,,,2012-12-19
1481913,Office,室,,福建省政府,,,,,,,,2012-12-19
1481914,Office,室,,臺灣省諮議會,,,,,,,,2012-12-19
1481917,Division,處,,內政部,,,,,,,,2012-12-19
1481920,Corps,學生總隊,,內政部,,,,,,,,2012-12-19
1481921,College,學院,,內政部,,,,,,,,2012-12-19
1481922,Department,系,,內政部,,,,,,,,2012-12-19
1481923,Institute,所,,內政部,,,,,,,,2012-12-19
1481935,Station,管理站,,內政部,,,,,,,,2012-12-19
1481943,Branch,所,,內政部,,,,,,,,2012-12-19
1481949,Survey Team,測量隊,,內政部,,,,,,,,2012-12-19
1481964,Center,指揮中心,,內政部,,,,,,,,2012-12-19
1481969,Relay Station,中繼台,,內政部,,,,,,,,2012-12-19
1481975,Branch,分所,,內政部,,,,,,,,2012-12-19
1481977,Terminal,終端台,,內政部,,,,,,,,2012-12-19
1481978,Station,站,,內政部,,,,,,,,2012-12-19
1481979,Section,課,,內政部,,,,,,,,2012-12-19
1481997,Branch,分隊,,內政部,,,,,,,,2012-12-19
1481999,Section,組,,內政部,,,,,,,,2012-12-19
1482002,Brigade,警官隊,,內政部,,,,,,,,2012-12-19
1482003,Corps,大隊,,內政部,,,,,,,,2012-12-19
1482004,Company,中隊,,內政部,,,,,,,,2012-12-19
1482005,Squad,小隊,,內政部,,,,,,,,2012-12-19
1482012,Brigade,警察隊,,內政部,,,,,,,,2012-12-19
1482013,Brigade,護車隊,,內政部,,,,,,,,2012-12-19
1482014,Section,警務段,,內政部,,,,,,,,2012-12-19
1482018,Branch,分局,,內政部,,,,,,,,2012-12-19
1482020,Station,派出所(分駐所),,內政部,,,,,,,,2012-12-19
1482021,Section,科,,內政部,,,,,,,,2012-12-19
1482023,Center,中心,,內政部,,,,,,,,2012-12-19
1482024,Brigade,隊,,內政部,,,,,,,,2012-12-19
1482026,Office,室,,內政部,,,,,,,,2012-12-19
1482029,Division,組,,外交部,,,,,,,,2012-12-19
1482030,Office,室,,外交部,,,,,,,,2012-12-19
1482031,Office,辦事處,,外交部,,,,,,,,2012-12-19
1482033,Committee,委員會,,財政部,,,,,,,,2012-12-19
1482036,Section,課,,財政部,,,,,,,,2012-12-19
1482038,Branch,分處,,財政部,,,,,,,,2012-12-19
1482041,Section,股,,財政部,,,,,,,,2012-12-19
1482048,Brigade,機動巡查隊,,財政部,,,,,,,,2012-12-19
1482049,Task Force,小組 (任務),,財政部,,,,,,,,2012-12-19
1482051,Division,組,,財政部,,,,,,,,2012-12-19
1482053,Task Force,小組,,財政部,,,,,,,,2012-12-19
1482056,Office,聯絡處,,財政部,,,,,,,,2012-12-19
1482061,Region Office,辦公室,,財政部,,,,,,,,2012-12-19
1482062,Department,部,,財政部,,,,,,,,2012-12-19
1482063,Works,工場,,財政部,,,,,,,,2012-12-19
1482065,Department,系,,財政部,,,,,,,,2012-12-19
1482068,Office,董事會秘書室,,財政部,,,,,,,,2012-12-19
1482069,Office,室,,財政部,,,,,,,,2012-12-19
1482070,Institute,訓練所,,財政部,,,,,,,,2012-12-19
1482071,Works,印刷所,,財政部,,,,,,,,2012-12-19
1482072,Center,逾放中心,,財政部,,,,,,,,2012-12-19
1482073,Section,科,,財政部,,,,,,,,2012-12-19
1482076,Committee,委員會,,教育部,,,,,,,,2012-12-19
1482081,Office,中山樓管理所,,教育部,,,,,,,,2012-12-19
1482082,Library,圖書館(任務),,教育部,,,,,,,,2012-12-19
1482086,Department,處,,教育部,,,,,,,,2012-12-19
1482089,Troupe,隊(京劇、豫劇隊),,教育部,,,,,,,,2012-12-19
1482092,Center,中心,,教育部,,,,,,,,2012-12-19
1482095,Station,社教工作站,,教育部,,,,,,,,2012-12-19
1482100,Library,圖書館,,教育部,,,,,,,,2012-12-19
1482109,Section,處,,教育部,,,,,,,,2012-12-19
1482110,Office,室,,教育部,,,,,,,,2012-12-19
1482112,Department,科,,教育部,,,,,,,,2012-12-19
1482114,Section,組,,教育部,,,,,,,,2012-12-19
1482117,Division,書記處 (台灣高等法院檢署),,法務部,,,,,,,,2012-12-19
1482118,Office,法警室,,法務部,,,,,,,,2012-12-19
1482122,Division,書記處,,法務部,,,,,,,,2012-12-19
1482123,Office,室 (人事會計統計政風資訊),,法務部,,,,,,,,2012-12-19
1482124,Office,觀護人室,,法務部,,,,,,,,2012-12-19
1482125,Forensic Medical Examiner,法醫師 (檢驗員),,法務部,,,,,,,,2012-12-19
1482132,Section,處,,法務部,,,,,,,,2012-12-19
1482134,Security Unit,警衛隊,,法務部,,,,,,,,2012-12-19
1482140,___ Office,行政執行官辦公室,,法務部,,,,,,,,2012-12-19
1482142,Committee,委員會,,法務部,,,,,,,,2012-12-19
1482147,Section,科,,法務部,,,,,,,,2012-12-19
1482150,Division,總務組,,法務部,,,,,,,,2012-12-19
1482151,Division,組,,法務部,,,,,,,,2012-12-19
1482153,Office,室,,法務部,,,,,,,,2012-12-19
1482154,Committee,委員會,,經濟部,,,,,,,,2012-12-19
1482156,Section,科,,經濟部,,,,,,,,2012-12-19
1482162,Office,辦事處,,經濟部,,,,,,,,2012-12-19
1482177,Team,隊,,經濟部,,,,,,,,2012-12-19
1482180,Center,中心,,經濟部,,,,,,,,2012-12-19
1482183,Unit,隊,,經濟部,,,,,,,,2012-12-19
1482184,Unit,站,,經濟部,,,,,,,,2012-12-19
1482190,Center,訓練中心,,經濟部,,,,,,,,2012-12-19
1482195,Office,施工所,,經濟部,,,,,,,,2012-12-19
1482199,Section,課,,經濟部,,,,,,,,2012-12-19
1482201,Office,室,,經濟部,,,,,,,,2012-12-19
1482202,Station,營運所,,經濟部,,,,,,,,2012-12-19
1482203,Team,管線隊,,經濟部,,,,,,,,2012-12-19
1482204,Plant,給水廠,,經濟部,,,,,,,,2012-12-19
1482206,Branch,工務所,,經濟部,,,,,,,,2012-12-19
1482207,Section,組,,經濟部,,,,,,,,2012-12-19
1482209,First Field Post Management Office,第一軍郵管理處,,交通部,,,,,,,,2012-12-19
1482212,Station,監理站,,交通部,,,,,,,,2012-12-19
1482214,Committee,委員會,,交通部,,,,,,,,2012-12-19
1482215,Department,處,,交通部,,,,,,,,2012-12-19
1482222,Subsection,股,,交通部,,,,,,,,2012-12-19
1482223,Section,科,,交通部,,,,,,,,2012-12-19
1482228,Center,中心,,交通部,,,,,,,,2012-12-19
1482230,Aviation Facilities Station,裝修區台,,交通部,,,,,,,,2012-12-19
1482231,Approach Control Tower,近場管制塔台,,交通部,,,,,,,,2012-12-19
1482232,Section,組,,交通部,,,,,,,,2012-12-19
1482244,Branch,工務段,,交通部,,,,,,,,2012-12-19
1482247,Division,組,,交通部,,,,,,,,2012-12-19
1482254,Branch,工務所,,交通部,,,,,,,,2012-12-19
1482261,Branch,工務段（所）,,交通部,,,,,,,,2012-12-19
1482267,Workshop,實習工場,,交通部,,,,,,,,2012-12-19
1482272,Section,旅客服務所,,交通部,,,,,,,,2012-12-19
1482275,Office,工務所,,交通部,,,,,,,,2012-12-19
1482276,Team,測量隊,,交通部,,,,,,,,2012-12-19
1482279,Section,課,,交通部,,,,,,,,2012-12-19
1482284,Office,室,,交通部,,,,,,,,2012-12-19
1482285,Division,組,,行政院主計處,,,,,,,,2012-12-19
1482286,Office,室,,行政院主計處,,,,,,,,2012-12-19
1482289,Division,組,,行政院人事行政局,,,,,,,,2012-12-19
1482292,Office,室,,行政院人事行政局,,,,,,,,2012-12-19
1482293,Center,中心,,行政院衛生署,,,,,,,,2012-12-19
1482295,Laboratory,檢驗站,,行政院衛生署,,,,,,,,2012-12-19
1482296,Unit,政風小組,,行政院衛生署,,,,,,,,2012-12-19
1482300,Vaccine Center,疫苗研製中心,,行政院衛生署,,,,,,,,2012-12-19
1482301,Unit,資訊小組,,行政院衛生署,,,,,,,,2012-12-19
1482304,Unit,資訊小組/企劃小組,,行政院衛生署,,,,,,,,2012-12-19
1482306,Unit,醫審小組,,行政院衛生署,,,,,,,,2012-12-19
1482307,Outpatient Center,聯合門診中心,,行政院衛生署,,,,,,,,2012-12-19
1482310,Unit,小組,,行政院衛生署,,,,,,,,2012-12-19
1482311,Division,組,,行政院衛生署,,,,,,,,2012-12-19
1482316,Department,科,,行政院衛生署,,,,,,,,2012-12-19
1482319,Office,室,,行政院衛生署,,,,,,,,2012-12-19
1482320,Department,科,,行政院國軍退除役官兵輔導委員會,,,,,,,,2012-12-19
1482328,Center,中心,,行政院國軍退除役官兵輔導委員會,,,,,,,,2012-12-19
1482345,Division,組,,行政院國軍退除役官兵輔導委員會,,,,,,,,2012-12-19
1482347,Department,處,,行政院國軍退除役官兵輔導委員會,,,,,,,,2012-12-19
1482348,Office,室,,行政院國軍退除役官兵輔導委員會,,,,,,,,2012-12-19
1482349,Section,科,,行政院青年輔導委員會,,,,,,,,2012-12-19
1482350,Office,室,,行政院青年輔導委員會,,,,,,,,2012-12-19
1482352,Division,組,,行政院國家科學委員會,,,,,,,,2012-12-19
1482353,Office,室,,行政院國家科學委員會,,,,,,,,2012-12-19
1482356,Office,室,,行政院研究發展考核委員會,,,,,,,,2012-12-19
1482359,Institute,研究所,,行政院文化建設委員會,,,,,,,,2012-12-19
1482363,Section,課,,行政院文化建設委員會,,,,,,,,2012-12-19
1482371,Exhibition,陳列館,,行政院文化建設委員會,,,,,,,,2012-12-19
1482372,Center,中心,,行政院文化建設委員會,,,,,,,,2012-12-19
1482373,Office,室,,行政院文化建設委員會,,,,,,,,2012-12-19
1482374,Division,組,,行政院文化建設委員會,,,,,,,,2012-12-19
1482380,Transmission Station,發射台,,行政院農業委員會,,,,,,,,2012-12-19
1482386,Station,檢疫站,,行政院農業委員會,,,,,,,,2012-12-19
1482391,Office,辦事處,,行政院農業委員會,,,,,,,,2012-12-19
1482394,Station,工作站,,行政院農業委員會,,,,,,,,2012-12-19
1482404,Department,系,,行政院農業委員會,,,,,,,,2012-12-19
1482416,Division,組,,行政院農業委員會,,,,,,,,2012-12-19
1482418,Experimental Station,試驗站,,行政院農業委員會,,,,,,,,2012-12-19
1482424,Branch,分場,,行政院農業委員會,,,,,,,,2012-12-19
1482427,Office,工作站,,行政院農業委員會,,,,,,,,2012-12-19
1482429,Section,課,,行政院農業委員會,,,,,,,,2012-12-19
1482431,Office,室,,行政院農業委員會,,,,,,,,2012-12-19
1482432,Center,中心,,行政院農業委員會,,,,,,,,2012-12-19
1482434,Works,所,,中央銀行,,,,,,,,2012-12-19
1482435,Office,室,,中央銀行,,,,,,,,2012-12-19
1482437,Section,課,,行政院勞工委員會,,,,,,,,2012-12-19
1482443,Division,組,,行政院勞工委員會,,,,,,,,2012-12-19
1482444,Office,室,,行政院勞工委員會,,,,,,,,2012-12-19
1482445,Office,室,,行政院環境保護署,,,,,,,,2012-12-19
1482446,Division,組,,行政院環境保護署,,,,,,,,2012-12-19
1482447,Division,組,,行政院體育委員會,,,,,,,,2012-12-19
1482449,Center,中心,,行政院海岸巡防署,,,,,,,,2012-12-19
1482450,Special Mission Flotilla,直屬船隊,,行政院海岸巡防署,,,,,,,,2012-12-19
1482451,Brigade,查緝隊,,行政院海岸巡防署,,,,,,,,2012-12-19
1482452,Center,勤務指揮中心,,行政院海岸巡防署,,,,,,,,2012-12-19
1482453,Office,室,,行政院海岸巡防署,,,,,,,,2012-12-19
1482454,Section,科,,行政院海岸巡防署,,,,,,,,2012-12-19
1482455,Director,組長,,臺灣省政府,組,Division,12,科,Section,,,2012-12-19
1482456,Director,組長,,臺灣省諮議會,組,Division,9-11,科,Section,,,2012-12-19
1482459,General Commander,隊長,,內政部,隊,Brigade,10-11,分隊,Branch,,,2012-12-19
1482460,Squad,小隊,,內政部,隊,Brigade,,,,,,2012-12-19
1482462,Director,處長,,內政部,工程處,Office,11,管理站,Station,,,2012-12-19
1482463,Brigade,隊,,內政部,工程處,Office,,,,,,2012-12-19
1482464,Station,分隊,,內政部,工程處,Office,,,,,,2012-12-19
1482465,Section,組,,內政部,工程處,Office,,,,,,2012-12-19
1482466,Work Station,工務所,,內政部,工程處,Office,,,,,,2012-12-19
1482467,Captain,隊長,,內政部,隊（施工）,Brigade,8,場 (保養)(伴合),Workshop,,,2012-12-19
1482468,Station,站(施工),,內政部,隊（施工）,Brigade,,,,,,2012-12-19
1482469,Chief,隊長,,內政部,測量隊,Survey Team,8-9,工作站,Station,,,2012-12-19
1482470,Director,組長,,內政部,組,Division,11,科,Section,,,2012-12-19
1482471,Director,主任,,內政部,處,Division,,組,Section,,,2012-12-19
1482473,Chief,主任,,內政部,室,Office,9,科,Section,,,2012-12-19
1482474,Commander,隊長,,內政部,大隊,Corps,11,隊,Brigade,,,2012-12-19
1482475,Brigade,分隊,,內政部,大隊,Corps,,,,,,2012-12-19
1482476,Captain,隊長,,內政部,隊,Brigade,9,分隊,Branch,,,2012-12-19
1482480,Chief,科長,,財政部,科,Division,9,股,Section,,,2012-12-19
1482481,Director,組長,,財政部,組,Division,10-11,科,Section,,,2012-12-19
1482482,Director,處長,,財政部,處,Department,11,科,Section,,,2012-12-19
1482483,Director,主任,,財政部,室,Office,11,股,Subsection,,,2012-12-19
1482484,Chief,主任,,財政部,室,Office,10,股,Section,,,2012-12-19
1482485,Chief,組長,,財政部,組(課),Division,10,課,Section,,,2012-12-19
1482486,Subsection,股,,財政部,組(課),Division,,,,,,2012-12-19
1482488,Director,組長,,財政部,組,Division,11,科,Section,,,2012-12-19
1482489,Chief,工場長,,財政部,工場,Works,9,組,Section,,,2012-12-19
1482491,Director,處長,,財政部,處,Department,14,科,Section,,,2012-12-19
1482492,Director,處長,,財政部,處,Department,12,課,Section,,,2012-12-19
1482493,General Manager,經理,,財政部,部,Department,14,科,Section,,,2012-12-19
1482495,Chief,主任,,教育部,室,Office,9-10,小隊,Squad,,,2012-12-19
1482496,Chief,組主任,,教育部,組,Division,9-10,隊,Security Unit,,,2012-12-19
1482497,Chief,主任,,教育部,室,Office,9-10,小隊,Squad,,,2012-12-19
1482498,Dean,院長,,教育部,學院,College,,研究所,Graduate Institute (School),,,2012-12-19
1482499,Dean,院長,,教育部,學院,College,,系、組,Department,,,2012-12-19
1482500,Dean,長,,教育部,處,Division,,組,Section,,,2012-12-19
1482501,Director,主任,,教育部,部,Division,,中心,Center,,,2012-12-19
1482502,Chairperson,主任委員,,教育部,委員會,Committee,,組,Section,,,2012-12-19
1482503,Director,主任,,教育部,部,Department,,科,Division,,,2012-12-19
1482504,Director,主任,,教育部,室,Office,,中心,Center,,,2012-12-19
1482505,Secretary General,書記官長,,法務部,書記廳(最高法院檢署),Division,11-13,科,Section,,,2012-12-19
1482506,Lead Prosecutor,主任檢察官,,法務部,科,Section,12-14,,,,,2012-12-19
1482507,Prosecutor,檢察官,,法務部,法警室,Office,"14-14,10-11",,,,,2012-12-19
1482508,Lead Prosecutor,主任檢察官,,法務部,科,Section,"10-11,9",,,,,2012-12-19
1482509,Prosecutor,檢察官,,法務部,法警室,Office,"10-11,8-9",,,,,2012-12-19
1482510,Director,處長,,法務部,處,Division,11,科,Section,,,2012-12-19
1482512,Director,主任,,經濟部,室,Office,9-10,科,Section,,,2012-12-19
1482522,Director,組長,,經濟部,組,Division,11,科,Section,,,2012-12-19
1482523,Chief,組長,,經濟部,組,Division,8-9,課,Section,,,2012-12-19
1482524,Director,處長,,經濟部,處,Department,,課,Section,,,2012-12-19
1482528,Chief,課長,,經濟部,課,Section,,股,subsection,,,2012-12-19
1482529,Director,處長,,經濟部,處,Department,14,組,Section,,,2012-12-19
1482530,Manager,處長,,經濟部,營業處,Branch,13,組,Section,,,2012-12-19
1482531,Manager,主任,,經濟部,室,Office,,組,Section,,,2012-12-19
1482532,Manager,廠長,,經濟部,廠,Plant,14,組,Section,,,2012-12-19
1482533,Section,課,,經濟部,廠,Plant,,,,,,2012-12-19
1482534,Unit,工場,,經濟部,廠,Plant,,,,,,2012-12-19
1482535,Chief,組長,,經濟部,組,Section,,課,Section,,,2012-12-19
1482536,Manager,經理,,經濟部,處,Department,,課,Section,,,2012-12-19
1482537,Director,主任,,經濟部,室,Office,,課,Section,,,2012-12-19
1482538,Director,廠長,,經濟部,廠,Plant,,場,Shop,,,2012-12-19
1482539,Director,處長,,經濟部,處,Department,,組,Section,,,2012-12-19
1482540,Vice President and General Manager,執行長,,經濟部,部,Division,,處,Section,,,2012-12-19
1482541,Office,室,,經濟部,部,Division,,,,,,2012-12-19
1482542,Center,中心,,經濟部,部,Division,,,,,,2012-12-19
1482543,Manager,經理,,經濟部,部,Department,,課,Section,,,2012-12-19
1482544,Director,主任,,經濟部,室,Office,,課,Section,,,2012-12-19
1482545,Director,廠長,,經濟部,廠,Plant,,組,Section,,,2012-12-19
1482546,Office,室,,經濟部,廠,Plant,,,,,,2012-12-19
1482547,Manager,經理,,經濟部,處,Department,,組,Section,,,2012-12-19
1482548,Director,主任,,經濟部,室,Office,10,課,Section,,,2012-12-19
1482549,Director,主任,,經濟部,資訊中心,Center,10,組,Section,,,2012-12-19
1482550,Chief Secretary,主任秘書,,交通部,室 (總經理),Office,,科,Section,,,2012-12-19
1482551,Auditor General,總稽核,,交通部,稽核處,Department,,各稽核段,Auditing Section,,,2012-12-19
1482553,Postal Museum,郵政博物館,,交通部,處,Department,,,,,,2012-12-19
1482554,Training Institute,郵政訓練所,,交通部,處,Department,,,,,,2012-12-19
1482555,Chief,科長,,交通部,科,Section,,股,Subsection,,,2012-12-19
1482557,Director,處長,,交通部,處,Department,11,科,Section,,,2012-12-19
1482558,Director,處長,,交通部,處,Department,,科,Section,,,2012-12-19
1482559,Office,室,,交通部,處,Department,,,,,,2012-12-19
1482561,Director,主任,,交通部,室,Office,,科,Section,,,2012-12-19
1482562,Director,組長,,交通部,組,Division,11,科,Section,,,2012-12-19
1482563,Director,主任,,交通部,室,Office,,科,Section,,,2012-12-19
1482565,Director,主任,,交通部,中心,Center,,課,Section,,,2012-12-19
1482568,Director,主任,,交通部,室,Office,11,科,Section,,,2012-12-19
1482570,Director,主任,,交通部,室,Office,10,科,Section,,,2012-12-19
1482571,Director,處長,,交通部,中區工程處,Office,10,科,Section,,,2012-12-19
1482572,Director,處長,,交通部,處,Division,11,中心,Center,,,2012-12-19
1482574,Director,組長,,交通部,組,Division,10-11,科,Section,,,2012-12-19
1482575,Director,主任,,交通部,室,Office,9-10,科,Section,,,2012-12-19
1482578,Manager,廠長,,行政院衛生署,製藥工廠,Pharmaceutical Plant,10,科,Section,,,2012-12-19
1482580,Director,分局長,,行政院衛生署,分局,Branch,10,科,Section,,,2012-12-19
1482581,Office,辦事處,,行政院衛生署,分局,Branch,,,,,,2012-12-19
1482582,Laboratory,檢驗室,,行政院衛生署,分局,Branch,,,,,,2012-12-19
1482583,Director,組長,,行政院衛生署,組,Division,11,科,Section,,,2012-12-19
1482584,General Manager,經理,,行政院衛生署,處,Division,14,科,Section,,,2012-12-19
1482585,General Manager,經理,,行政院衛生署,分局,Branch,14,組,Section,,,2012-12-19
1482586,Director,主任,,行政院國軍退除役官兵輔導委員會,部,Department,,科,Division,,,2012-12-19
1482587,Director,主任,,行政院國軍退除役官兵輔導委員會,中心,Center,,室,Office,,,2012-12-19
1482588,Director,主任,,行政院國軍退除役官兵輔導委員會,室,Office,,組,Section,,,2012-12-19
1482590,Chief,組長,,行政院國家科學委員會,組,Division,10,課,Section,,,2012-12-19
1482591,Director,組長,,行政院國家科學委員會,組,Division,11,科,Section,,,2012-12-19
1482592,Director,組長,,行政院研究發展考核委員會,組,Division,11,科,Section,,,2012-12-19
1482595,Director,組長,,行政院農業委員會,組,Division,11,科,Section,,,2012-12-19
1482596,Director,組長,,行政院農業委員會,組,Division,10,科,Section,,,2012-12-19
1482597,Director,主任,,中央銀行,科,Division,13,組,Section,,,2012-12-19
1482598,Manager,廠長,,中央銀行,工廠,Works,14,課,Section,,,2012-12-19
1482599,Subsection,股,,中央銀行,工廠,Works,,,,,,2012-12-19
1482600,Director,主任,,中央銀行,科,Division,13,組,Section,,,2012-12-19
1482601,Manager,主任,,中央銀行,工場,Works,13,組,Section,,,2012-12-19
1482602,Chief,課長,,行政院勞工委員會,課,Section,8,股,Subsection,,,2012-12-19
1482603,General Manager,經理,,行政院勞工委員會,處,Department,14,科,Section,,,2012-12-19
1482604,Chief,組長,,行政院環境保護署,組,Division,10,科,Section,,,2012-12-19
1482606,Chief,組主任,,行政院海岸巡防署,組,Section,,科,Section,,,2012-12-19
1482607,Director,組長,,行政院海岸巡防署,組,Division,,科,Section,,,2012-12-19
1482608,Director,主任,,行政院海岸巡防署,室,Office,,大隊,Corps,,,2012-12-19
1482609,Director,主任,,行政院海岸巡防署,中心,Center,,中隊,Company,,,2012-12-19
1482610,Platoon,區隊,,行政院海岸巡防署,中心,Center,,,,,,2012-12-19
1482611,Radar Operation Unit,雷達巡( 防組),,行政院海岸巡防署,中心,Center,,,,,,2012-12-19
1482612,Subbranch,分隊,,行政院海岸巡防署,中心,Center,,,,,,2012-12-19
1482613,Commander,隊長(上校),,行政院海岸巡防署,巡防總隊(岸巡),Corps,,安檢所,Inspection Office,,,2012-12-19
1482615,Unit,小組,,行政院海岸巡防署,巡防總隊(岸巡),Corps,,,,,,2012-12-19
1482616,Duty Company,勤務中隊,,行政院海岸巡防署,巡防總隊(岸巡),Corps,,,,,,2012-12-19
1482617,Commander,隊長(中校),,行政院海岸巡防署,巡防大隊 (岸巡),Corps,,安檢所,Inspection Office,,,2012-12-19
1482618,Patrol Station,巡邏站,,行政院海岸巡防署,巡防大隊 (岸巡),Corps,,,,,,2012-12-19
1482619,Duty Company,勤務中隊,,行政院海岸巡防署,巡防大隊 (岸巡),Corps,,,,,,2012-12-19
1482620,Commander,隊長(中校),,行政院海岸巡防署,訓練大隊,Training Corps,,訓練中隊,Training Company,,,2012-12-19
1482621,Platoon,區隊,,行政院海岸巡防署,訓練大隊,Training Corps,,,,,,2012-12-19
1482622,Squad,分隊,,行政院海岸巡防署,訓練大隊,Training Corps,,,,,,2012-12-19
1482623,Commander,隊長(上校),,行政院海岸巡防署,查緝隊,Brigade,,分隊,branch,,,2012-12-19
1482624,Office,室,,直轄市政府,秘書處,,,,,,,2012-12-19
1482625,Office,室,,直轄市政府,民政局,,,,,,,2012-12-19
1482626,Office,室,,直轄市政府,財政局,,,,,,,2012-12-19
1482627,Office,室,,直轄市政府,教育局,,,,,,,2012-12-19
1482628,Office,室,,直轄市政府,建設局,,,,,,,2012-12-19
1482629,Office,室,,直轄市政府,海洋局,,,,,,,2012-12-19
1482630,Office,室,,直轄市政府,社會局,,,,,,,2012-12-19
1482631,Office,室,,直轄市政府,勞工局,,,,,,,2012-12-19
1482632,Office,室,,直轄市政府,警察局,,,,,,,2012-12-19
1482633,Center,中心,,直轄市政府,警察局,,,,,,,2012-12-19
1482635,Office,室,,直轄市政府,文化局,,,,,,,2012-12-19
1482636,Zhongzheng Cultural Center,中正文化中心管理處,,直轄市政府,文化局,,,,,,,2012-12-19
1482637,Division,組,,直轄市政府,公教人力發展局,,,,,,,2012-12-19
1482638,Divosion,科,,直轄市政府,法制局,,,,,,,2012-12-19
1482639,Office,室,,直轄市政府,法制局,,,,,,,2012-12-19
1482640,Office,室,,直轄市政府,兵役處,,,,,,,2012-12-19
1482641,Office,室,,直轄市政府,地政處,,,,,,,2012-12-19
1482642,Office,室,,直轄市政府(以高雄市為例),新聞處,,,,,,,2012-12-19
1482643,Division,科,,直轄市政府(以高雄市為例),主計處,,,,,,,2012-12-19
1482644,Office,室,,直轄市政府(以高雄市為例),主計處,,,,,,,2012-12-19
1482645,Division,科,,直轄市政府(以高雄市為例),人事處,,,,,,,2012-12-19
1482646,Office,室,,直轄市政府(以高雄市為例),人事處,,,,,,,2012-12-19
1482647,Division,科,,直轄市政府(以高雄市為例),政風處,,,,,,,2012-12-19
1482648,Office,室,,直轄市政府(以高雄市為例),政風處,,,,,,,2012-12-19
1482649,Division,組,,直轄市政府(以高雄市為例),研究發展考核委員會,,,,,,,2012-12-19
1482650,Office,室,,直轄市政府(以高雄市為例),研究發展考核委員會,,,,,,,2012-12-19
1482651,Center,中心,,直轄市政府(以高雄市為例),研究發展考核委員會,,,,,,,2012-12-19
1482652,Division,組,,直轄市政府(以高雄市為例),原住民事務委員會,,,,,,,2012-12-19
1482653,Library,館,,直轄市政府,市立空中大學,,,,,,,2012-12-19
1482654,Office,室,,直轄市政府,市立空中大學,,,,,,,2012-12-19
1482655,Department,系,,直轄市政府,市立空中大學,,,,,,,2012-12-19
1482656,Section,課,,直轄市政府(以高雄市為例),___區公所,,,,,,,2012-12-19
1482657,Office,室,,直轄市政府(以高雄市為例),___區公所,,,,,,,2012-12-19
1482658,Section,課,,直轄市政府(以高雄市為例),民政局,,,高雄市___區戶政事務所,"___ District Household Registration Office, Kaohsiung City",,,2012-12-19
1482659,Section,組,,直轄市政府(以高雄市為例),民政局,,,殯葬管理所,Mortuary Services Office,,,2012-12-19
1482660,Section,課,,直轄市政府(以高雄市為例),財政局,,,集中支付處,Disbursement Office,,,2012-12-19
1482661,Section,組,,直轄市政府(以高雄市為例),財政局,,,動產質借所,Collateral Office,,,2012-12-19
1482662,Section,組,,直轄市政府(以高雄市為例),教育局,,,體育場,Stadium,,,2012-12-19
1482663,Section,室,,直轄市政府(以高雄市為例),教育局,,,體育場,Stadium,,,2012-12-19
1482664,Section,科,,直轄市政府(以高雄市為例),建設局,,,市場管理處,Market Administration Office,,,2012-12-19
1482665,Section,室,,直轄市政府(以高雄市為例),建設局,,,市場管理處,Market Administration Office,,,2012-12-19
1482667,Section,組,,直轄市政府(以高雄市為例),建設局,,,風景區管理所,Scenic Area Administration Office,,,2012-12-19
1482668,Section,組,,直轄市政府(以高雄市為例),建設局,,,風景區管理所,Scenic Area Administration Office,,,2012-12-19
1482669,Section,課,,直轄市政府(以高雄市為例),建設局,,,家畜衛生檢驗所,Animal Health and Inspection Institute,,,2012-12-19
1482670,Branch,工務所,,直轄市政府(以高雄市為例),工務局,,,新建工程處,Construction Office,,,2012-12-19
1482671,Section,室,,直轄市政府(以高雄市為例),工務局,,,養護工程處,Maintenance Office,,,2012-12-19
1482672,Maintenance Works,保養廠,,直轄市政府(以高雄市為例),工務局,,,養護工程處,Maintenance Office,,,2012-12-19
1482673,Section,室,,直轄市政府(以高雄市為例),工務局,,,下水道工程處,Sewage Systems Office,,,2012-12-19
1482674,Central District Sewage Treatment Plant,中區污水處理廠,,直轄市政府(以高雄市為例),工務局,,,下水道工程處,Sewage Systems Office,,,2012-12-19
1482675,Equipment Maintenance Brigade,維護工程隊,,直轄市政府(以高雄市為例),工務局,,,下水道工程處,Sewage Systems Office,,,2012-12-19
1482676,Section,組,,直轄市政府(以高雄市為例),工務局,,,違章建築處理大隊,Building Violations Enforcement Corps,,,2012-12-19
1482677,Section,組,,直轄市政府(以高雄市為例),社會局,,,仁愛之家,Ren'ai Senior Citizens' Home,,,2012-12-19
1482678,Section,課,,直轄市政府(以高雄市為例),社會局,,,長青綜合服務中心,Senior Citizens' Service Center,,,2012-12-19
1482679,Section,課,,直轄市政府(以高雄市為例),社會局,,,兒童福利服務中心,Children's Service Center,,,2012-12-19
1482680,Section,課,,直轄市政府(以高雄市為例),社會局,,,無障礙之家,Home for the Disabled,,,2012-12-19
1482681,Section,組,,直轄市政府(以高雄市為例),社會局,,,家庭暴力及性侵害防治中心,Domestic Violence and Sexual Assault Prevention Center,,,2012-12-19
1482682,Section,組,,直轄市政府(以高雄市為例),勞工局,,,勞工檢查所,Occupational Safety Office,,,2012-12-19
1482684,Section,組,,直轄市政府(以高雄市為例),勞工局,,,訓練就業中心,Training and Employment Center,,,2012-12-19
1482685,Section,室,,直轄市政府(以高雄市為例),勞工局,,,訓練就業中心,Training and Employment Center,,,2012-12-19
1482686,Section,課,,直轄市政府(以高雄市為例),勞工局,,,博愛職業技能訓練中心,Bo-ai Vocational Training Center,,,2012-12-19
1482687,Section,課,,直轄市政府(以高雄市為例),勞工局,,,勞工育樂中心,Labor Recreation Center,,,2012-12-19
1482689,Section,科,,直轄市政府(以高雄市為例),衛生局,,,疾病管制處,Disease Control Office,,,2012-12-19
1482690,Section,室,,直轄市政府(以高雄市為例),衛生局,,,疾病管制處,,,,2012-12-19
1482691,Section,組,,直轄市政府(以高雄市為例),衛生局,,,各區衛生所,___ District Public Health Center,,,2012-12-19
1482692,Section,組,,直轄市政府(以高雄市為例),環境保護局,,,南區資源回收廠,Southern District Waste Management Plant,,,2012-12-19
1482694,Section,組,,直轄市政府(以高雄市為例),環境保護局,,,中區資源回收廠,Central District Waste Management Plant,,,2012-12-19
1482695,Section,室,,直轄市政府(以高雄市為例),環境保護局,,,中區資源回收廠,Central District Waste Management Plant,,,2012-12-19
1482696,Section,組,,直轄市政府(以高雄市為例),文化局,,,圖書館,Library,,,2012-12-19
1482697,Branch Library,各分館,,直轄市政府(以高雄市為例),文化局,,,圖書館,Library,,,2012-12-19
1482698,Public Reading Room,民眾閱覽室,,直轄市政府(以高雄市為例),文化局,,,圖書館,Library,,,2012-12-19
1482699,Section,組,,直轄市政府(以高雄市為例),文化局,,,美術館,Museum of Fine Arts,,,2012-12-19
1482701,Security Unit,警衛隊,,直轄市政府(以高雄市為例),文化局,,,美術館,Museum of Fine Arts,,,2012-12-19
1482702,Section,組,,直轄市政府(以高雄市為例),文化局,,,社會教育館,Social Education Center,,,2012-12-19
1482703,Section,組,,直轄市政府(以高雄市為例),文化局,,,文獻委員會,Kaohsiung City Archives,,,2012-12-19
1482704,Section,室,,直轄市政府(以高雄市為例),文化局,,,文獻委員會,Kaohsiung City Archives,,,2012-12-19
1482705,Section,組,,直轄市政府(以高雄市為例),文化局,,,歷史博物館,History Museum,,,2012-12-19
1482706,Section,室,,直轄市政府(以高雄市為例),文化局,,,歷史博物館,History Museum,,,2012-12-19
1482709,Section,科,,直轄市政府(以高雄市為例),交通局,,,公共車船管理處,City Bus and Ferry Management Office,,,2012-12-19
1482710,Section,室,,直轄市政府(以高雄市為例),交通局,,,公共車船管理處,City Bus and Ferry Management Office,,,2012-12-19
1482711,Maintenance Works,修理廠,,直轄市政府(以高雄市為例),交通局,,,公共車船管理處,City Bus and Ferry Management Office,,,2012-12-19
1482712,Section,課,,直轄市政府(以高雄市為例),地政處,,,地政事務所,Land Office,,,2012-12-19
1482713,Section,組,,直轄市政府(以高雄市為例),新聞處,,,高雄廣播電台,Kaohsiung Radio Station,,,2012-12-19
1482714,Section,室,,直轄市政府(以高雄市為例),新聞處,,,高雄廣播電台,Kaohsiung Radio Station,,,2012-12-19
1482715,Section,組,,直轄市政府(以高雄市為例),新聞處,,,高雄市電影圖書館,Kaohsiung Film Library,,,2012-12-19
1482716,Section,組,,直轄市政府(以高雄市為例),主計處,,,資訊中心,Information Management Center,,,2012-12-19
1482717,Executive Secretary,總幹事,,直轄市政府(以高雄市為例),人事處,,,公教人員住宅輔建及福利互助委員會,Public Service Housing and Welfare Committee,,,2012-12-19
1482718,Section,課,,縣(市)政府,1.___縣(市)警察局 2.___縣(市)政府警察局,,,,,,,2012-12-19
1482719,Office,室,,縣(市)政府,1.___縣(市)警察局 2.___縣(市)政府警察局,,,,,,,2012-12-19
1482720,Duty Command Center,勤務指揮中心,,縣(市)政府,1.___縣(市)警察局 2.___縣(市)政府警察局,,,,,,,2012-12-19
1482721,Civil Defense Center,民防管制中心,,縣(市)政府,1.___縣(市)警察局 2.___縣(市)政府警察局,,,,,,,2012-12-19
1482722,Brigade,隊(保安、交通、刑警、少年、婦幼),,縣(市)政府,1.___縣(市)警察局 2.___縣(市)政府警察局,,,,,,,2012-12-19
1482723,Precinct,分局,,縣(市)政府,1.___縣(市)警察局 2.___縣(市)政府警察局,,,,,,,2012-12-19
1482724,Section,課,,縣(市)政府,1.___縣(市)消防局 2.___縣政府消防局,,,,,,,2012-12-19
1482726,Emergency and Rescue Command Center,救災救護指揮中心,,縣(市)政府,1.___縣(市)消防局 2.___縣政府消防局,,,,,,,2012-12-19
1482727,Vehicle Maintenance Works,車輛保養廠,,縣(市)政府,1.___縣(市)消防局 2.___縣政府消防局,,,,,,,2012-12-19
1482728,Section,課,,縣(市)政府,1.___縣(市)衛生局 2.___縣政府衛生局,,,,,,,2012-12-19
1482729,Office,室(行政、人事、會計、政風),,縣(市)政府,1.___縣(市)衛生局 2.___縣政府衛生局,,,,,,,2012-12-19
1482730,Section,課,,縣(市)政府,___縣(市)環境保護局,,,,,,,2012-12-19
1482731,Office,室(行政、人事、會計、政風),,縣(市)政府,___縣(市)環境保護局,,,,,,,2012-12-19
1482732,Unit,區隊,,縣(市)政府,___縣(市)環境保護局,,,,,,,2012-12-19
1482733,Unit,資源回收隊,,縣(市)政府,___縣(市)環境保護局,,,,,,,2012-12-19
1482734,Section,課,,縣(市)政府,1.___縣(市)政府地方稅務局 2.___ 縣(市)地方稅務局,,,,,,,2012-12-19
1482735,Office,室(人事、會計、政風),,縣(市)政府,1.___縣(市)政府地方稅務局 3.___ 縣(市)地方稅務局,,,,,,,2012-12-19
1482736,___ Branch,___分處,,縣(市)政府,1.___縣(市)政府地方稅務局 4.___ 縣(市)地方稅務局,,,,,,,2012-12-19
1482737,Section,課(股),,縣(市)政府,___縣(市)動物防疫所,,,,,,,2012-12-19
1482738,Section,組,,縣(市)政府,___縣(市)立體育場,,,,,,,2012-12-19
1482739,Section,組,,縣(市)政府,___縣(市)立圖書館,,,,,,,2012-12-19
1482740,Section,股,,縣(市)政府,___縣___鄉(鎮市)戶政事務所,,,,,,,2012-12-19
1482741,Section,股,,縣(市)政府,___市___區戶政事務所,,,,,,,2012-12-19
1482742,Section,課,,縣(市)政府,___縣(市) ___地政事務所,,,,,,,2012-12-19
1482743,Section,組,,縣(市)政府,殯葬管理所,,,,,,,2012-12-19
1482745,Section,處、室,,縣(市)政府,,,,,,,,2012-12-19
1482747,Section,組,,縣(市)政府,___縣(市)立幼稚園,,,,,,,2012-12-19
1482748,Section,組,,縣(市)政府,___縣(市)立托兒所,,,,,,,2012-12-19
1482749,Section,組、課,,縣(市)政府,中心(勞工育樂、青少年福利服務、藝術等),,,,,,,2012-12-19
1482750,Section,組,,縣(市)政府,台南市政府無障礙福利之家,,,,,,,2012-12-19
1482751,Section,課,,鄉、鎮、市公所,鄉、鎮、市公所,,,,,,,2012-12-19
1482752,Village,村,,鄉、鎮、市公所,鄉、鎮、市公所,,,,,,,2012-12-19
1482753,Village,里,,鄉、鎮、市公所,鄉、鎮、市公所,,,,,,,2012-12-19
1482754,Section,課,,縣(市)政府,___市___區公所,,,,,,,2012-12-19
1482755,Village,里,,縣(市)政府,___市___區公所,,,,,,,2012-12-19
1482756,Neighborhood,鄰,,縣(市)政府,___市___區公所,,,,,,,2012-12-19
1482757,Director,分署長,,,,,,,,,,2012-12-19
1482758,Deputy Director,副分署長,,,,,,,,,,2012-12-19
1482760,Chief,科長,,直轄市政府,秘書處,,9,科,Division,股,Section,2012-12-19
1482761,Chief,科長,,直轄市政府,民政局,,9,科,Division,股,Section,2012-12-19
1482762,Chief,科長,,直轄市政府,財政局,,9,科,Division,股,Section,2012-12-19
1482763,Chief,科長,,直轄市政府,教育局,,9,科,Division,股,Section,2012-12-19
1482764,Chief,科長,,直轄市政府,建設局,,9,科,Division,股,Section,2012-12-19
1482765,Chief,科長,,直轄市政府,海洋局,,9,科,Division,股,Section,2012-12-19
1482766,Chief,科長,,直轄市政府,都市發展局,,9,科,Division,股,Section,2012-12-19
1482767,Chief,處長,,直轄市政府,都市發展局,,9-10,處,Department,課,Section,2012-12-19
1482768,Chief,主任,,直轄市政府,都市發展局,,9,室,Office,股,Section,2012-12-19
1482769,Chief,處長,,直轄市政府,工務局,,9-10,建築管理處,Department of Building Affairs,課,Section,2012-12-19
1482770,Chief,處長,,直轄市政府,工務局,,9,工程企劃處,Department of Planning,課,Section,2012-12-19
1482771,Chief,主任,,直轄市政府,工務局,,9,室,Office,股,Section,2012-12-19
1482772,Chief,科長,,直轄市政府,社會局,,9,科,Division,股,Section,2012-12-19
1482773,Chief,科長,,直轄市政府,勞工局,,9,科,Division,股,Section,2012-12-19
1482774,Chief,科長,,直轄市政府,警察局,,警正一階,科,Division,股,Section,2012-12-19
1482775,Chief,科長,,直轄市政府,消防局,,9,科,Division,股,Section,2012-12-19
1482776,Chief,主任,,直轄市政府,消防局,,9(警正),室,Office,股,Section,2012-12-19
1482777,Commander,大隊長,,直轄市政府,消防局,,警正,南/北區救災救護大隊,Southern / Northern District Emergency Rescue Corps,組,Section,2012-12-19
1482778,Center,中心,,直轄市政府,消防局,,,南/北區救災救護大隊,Southern / Northern District Emergency Rescue Corps,,,2012-12-19
1482779,Division Chief,科長,,直轄市政府,衛生局,,9,科,Division,股,Section,2012-12-19
1482780,Division Chief,主任,,直轄市政府,衛生局,,9,室,Office,股,Section,2012-12-19
1482781,Chief,科長,,直轄市政府,環境保護局,,9,科,Division,股,Section,2012-12-19
1482782,Chief,主任,,直轄市政府,環境保護局,,9,室,Office,股,Section,2012-12-19
1482783,Chief,科長,,直轄市政府,捷運工程局,,9,科,Division,股,Section,2012-12-19
1482784,Chief,主任,,直轄市政府,捷運工程局,,9,室,Office,股,Section,2012-12-19
1482785,Chief,科長,,直轄市政府,文化局,,9,科,Division,課,Section,2012-12-19
1482786,Chief,科長,,直轄市政府,交通局,,9,科,Division,股,Section,2012-12-19
1482787,Chief,主任,,直轄市政府,交通局,,9,室,Office,股,Section,2012-12-19
1482788,Chief,處長,,直轄市政府,交通局,,9-10,交通事件裁決處,Traffic Violation Arbitration Office,課,Section,2012-12-19
1482789,Chief,科長,,直轄市政府,兵役處,,9,科,Division,股,Section,2012-12-19
1482790,Chief,科長,,直轄市政府,地政處,,9,科,Division,股,Section,2012-12-19
1482791,Chief,科長,,直轄市政府(以高雄市為例),新聞處,,9,科,Division,股,Section,2012-12-19
1482792,Director,處長,,直轄市政府,市立空中大學,,,處,Division,組,Section,2012-12-19
1482793,Chief,科長,,直轄市政府(以高雄市為例),財政局,,8,稅捐稽徵處,Revenue Service Office,科,Section,2012-12-19
1482794,Chief,主任,,直轄市政府(以高雄市為例),財政局,,8,稅捐稽徵處,Revenue Service Office,室,Section,2012-12-19
1482795,Chief,主任,,直轄市政府(以高雄市為例),財政局,,8-9,稅捐稽徵處,Revenue Service Office,分處,Branch,2012-12-19
1482796,Chief,科長,,直轄市政府(以高雄市為例),工務局,,8,新建工程處,Construction Office,科,Section,2012-12-19
1482797,Chief,主任,,直轄市政府(以高雄市為例),工務局,,8,新建工程處,Construction Office,室,Section,2012-12-19
1482798,Chief,科長,,直轄市政府(以高雄市為例),工務局,,8,養護工程處,Maintenance Office,科,Section,2012-12-19
1482799,Commander,大隊長,,直轄市政府(以高雄市為例),工務局,,9,養護工程處,Maintenance Office,養護工程大隊,Corps,2012-12-19
1482800,Chief,科長,,直轄市政府(以高雄市為例),工務局,,8,下水道工程處,Sewage Systems Office,科,Section,2012-12-19
1482801,Chief,組長,,直轄市政府(以高雄市為例),警察局,,警正二階,分局,Precinct,組,Section,2012-12-19
1482802,Chief,主任,,直轄市政府(以高雄市為例),警察局,,警正二階,分局,Precinct,室,Section,2012-12-19
1482803,Chief,組長,,直轄市政府(以高雄市為例),警察局,,警正二階,大隊,Corps,組,Section,2012-12-19
1482804,Chief,主任,,直轄市政府(以高雄市為例),警察局,,警正二階,大隊,Corps,室,Section,2012-12-19
1482805,Squad,小隊,,直轄市政府(以高雄市為例),警察局,,,大隊,Corps,室,Section,2012-12-19
1482806,Chief,主任,,直轄市政府(以高雄市為例),衛生局,,8-9,各市立醫院,,室,Section,2012-12-19
1482807,Director,處長,,縣(市)政府,縣(市)政府,,10-11,處,Department,科,Section,2012-12-19
1482808,Station,分駐所,,縣(市)政府,1.___縣(市)警察局 2.___縣(市)政府警察局,,,分局,Precinct,,,2012-12-19
1482809,Station,派出所,,縣(市)政府,1.___縣(市)警察局 2.___縣(市)政府警察局,,,分局,Precinct,,,2012-12-19
1482810,Commander,大隊長,,縣(市)政府,1.___縣(市)消防局 2.___縣政府消防局,,,大隊,Corps,分隊,Branch,2012-12-19
1507485,Free of Charge,免費,,,,,,,,,,2012-11-26
1507486,Youth Counseling Committee,少年輔導委員會,,,,,,,,,,2012-11-26
1507487,Board of Directors,董事會室,,,,,,,,,,2012-11-26
1507488,Product Label,產品標籤,,,,,,,,,,2012-11-26
1507489,Post Office Giro Number,郵政劃撥帳號,,,,,,,,,,2012-11-26
1507490,Groundbreaking Ceremony,動土典禮,,,,,,,,,,2012-11-26
1507491,Grand Opening Ceremony,開幕儀式,,,,,,,,,,2012-11-26
1507492,Union,工會,,,,,,,,,,2012-11-26
1507493,Business Management,公共造產事業,,,,,,,,,,2012-11-26
1507494,Water Information Center,水情中心,,,,,,,,,,2012-11-26
1507495,Auto-circulating Area,自動化循環水區,,,,,,,,,,2012-11-26
1507496,Sand Sink Pool,沈砂池,,,,,,,,,,2012-11-26
1507497,Community Revitalization Resource Center,社區總體營造資源中心,,,,,,,,,,2012-11-26
1507498,Non-destructive Testing Team,非破壞檢測隊,,,,,,,,,,2012-11-26
1507499,Armory,軍械室,,,,,,,,,,2012-11-26
1507500,Reclaimed Land,海埔新生地,,,,,,,,,,2012-11-26
1507501,Call Record Statements,通話明細,,,,,,,,,,2012-11-26
1507502,Sticky Rice Balls (Soup),湯圓,,,,,,,,,,2012-11-26
1507503,Inter Messenger,傳訊王,,,,,,,,,,2012-11-26
1507504,Farmers and Consumers Service Center,農友暨消費者服務中心,,,,,,,,,,2012-11-26
1507505,Changhua County Government Chengong Office Park,彰化縣政府成功營區,,,,,,,,,,2012-11-26
1507506,Administrative Coordination Center,調查組行政協調中心,,,,,,,,,,2012-11-26
1507507,Employee’s Benefit Committee of Headquarters,總處福利會,,,,,,,,,,2012-11-26
1507508,Friends of the Police Association,警友會,,,,,,,,,,2012-11-26
1507509,Questionnaires,顧客問卷調查表,,,,,,,,,,2012-11-26
1507510,Ballot Tabulation Center,電腦計票中心,,,,,,,,,,2012-11-26
1507511,Broadcasting Studio,播音室,,,,,,,,,,2012-11-26
1507512,Student Clubs,社團辦公室,,,,,,,,,,2012-11-26
1507513,"Plumbing, Electricity and Audio Equipment Management Services",水電、音響維護管理業務,,,,,,,,,,2012-11-26
1507514,Credit Check and Collateral Appraisal,徵信人員調查及估價,,,,,,,,,,2012-11-26
1507515,Ballot Tabulation Center,選務計票中心,,,,,,,,,,2012-11-26
1507516,Sponsorship Guidelines,補助要點,,,,,,,,,,2012-11-26
1507517,Athletic Association,體育會,,,,,,,,,,2012-11-26
1507518,Chinese Forestry Association,中華林學會,,,,,,,,,,2012-11-26
1507519,Retired Public Employees Association,公教退休人員協會,,,,,,,,,,2012-11-26
1507520,Winter Solstice,冬至,,,,,,,,,,2012-11-26
1507521,Military Service Association,兵役協會,,,,,,,,,,2012-11-26
1507522,Community Planning Information,社區規劃工作站,,,,,,,,,,2012-11-26
1507523,Performing Arts Review,表演藝術雜誌社,,,,,,,,,,2012-11-26
1507524,Forebay,前池,,,,,,,,,,2012-11-26
1507525,Consumer Center,消費者中心,,,,,,,,,,2012-11-26
1507526,Industrial Labor Union,產業工會,,,,,,,,,,2012-11-26
1507527,Remarks,備註,,,,,,,,,,2012-11-26
1507528,Scouts Council,童子軍理事會,,,,,,,,,,2012-11-26
1507529,Microwave Station,微波台,,,,,,,,,,2012-11-26
1507530,Chunghwa Telecom Women’s Basketball Team,電信女籃隊,,,,,,,,,,2012-11-26
1507531,Employee Benefits Association,福利總會,,,,,,,,,,2012-11-26
1507532,Equipment Construction Center,機械建設中心,,,,,,,,,,2012-11-26
1507533,"___ Branch, Friends of the Police Association",警友支會,,,,,,,,,,2012-11-26
1507534,Voice of Police Magazine,警聲雜誌社,,,,,,,,,,2012-11-26
1507535,Military Reserves’ Service Center,後備軍人服務中心,,,,,,,,,,2012-11-26
1507536,1. Baby Seat  2. Car Seat,汽車嬰兒椅,,,,,,,,,,2012-11-26
1507537,Original Copy,正本,,,,,,,,,,2012-11-26
1507538,Official Document,公文,,,,,,,,,,2012-11-26
1507539,Official Envelope,公文封,,,,,,,,,,2012-11-26
1507540,Dedicated Line / Hotline / Service Line,專線,,,,,,,,,,2012-11-26
1507541,Taichung County Indigenous Peoples Service Center ,臺中縣原住民綜合服務中心,,,,,,,,,,2012-11-26
1507542,同意初譯,曹公廟,,,,,,,,,,2012-11-26
1507543,Table of Contents,目   錄,,,,,,,,,,2012-11-26
1507544,"Chief, Educational Affairs Section ",教務處主任,,,,,,,,,,2012-11-26
1507545,"Chief, General Affairs Section ",總務處主任,,,,,,,,,,2012-11-26
1507546,"Chief, Counseling Office",輔導室主任,,,,,,,,,,2012-11-26
1507547,Chief,課長,,,,,,,,,,2012-11-26
1507548,Captain,隊長,,,,,,,,,,2012-11-26
1507549,Regional Development Section,區域發展課,,,,,,,,,,2012-11-26
1507550,Urban and Rural Planning Section,城鄉規劃課,,,,,,,,,,2012-11-26
1507551,Coastal Restoration Section,海岸復育課,,,,,,,,,,2012-11-26
1507552,Regeneration Section,更新開發課,,,,,,,,,,2012-11-26
1507553,Information Management Section,資訊管理課,,,,,,,,,,2012-11-26
1507554,Northern Regional Planning Section,北部區域規劃隊,,,,,,,,,,2012-11-26
1507555,Central Regional Planning Section,中部區域規劃隊,,,,,,,,,,2012-11-26
1507556,Southern Regional Planning Section,南部區域規劃隊,,,,,,,,,,2012-11-26
1507557,Eastern Regional Planning Section,東部區域規劃隊,,,,,,,,,,2012-11-26
1507558,Urban Planning Section,都會區域規劃隊,,,,,,,,,,2012-11-26
1507559,Special Regional Planning Section,特定區域規劃隊,,,,,,,,,,2012-11-26
1507560,Singang Township,新港鄉,,,,,,,,,,2020-03-16
1507561,Hometown Bed & Breakfast        ,老家民宿       ,,,,,,,,,,2012-11-26
1507562,Mandian Motel ,滿點汽車旅館 ,,,,,,,,,,2012-11-26
1507563,Xinzhong Hotel,新中旅社  ,,,,,,,,,,2012-11-26
1507564,Xinhuang Hotel,新晃旅社  ,,,,,,,,,,2012-11-26
1507565,Puzi City,朴子市,,,,,,,,,,2020-03-16
1507566,Puzi City Office,朴子市公所,,,,,,,,,,2012-11-26
1507567,Dexing Village,德興里,,,,,,,,,,2012-11-26
1507568,Hongbin Hotel,宏賓旅社,,,,,,,,,,2012-11-26
1507569,Wanlong Hotel,萬龍旅社,,,,,,,,,,2012-11-26
1507570,Jiazhou Hotel,嘉洲大旅社,,,,,,,,,,2012-11-26
1507571,Dongya Hotel,東亞大旅社,,,,,,,,,,2012-11-26
1507572,Zhongping Hotel,中平大旅社,,,,,,,,,,2012-11-26
1507573,Estate Tax (Counter),遺產稅收件櫃台,,,,,,,,,,2012-11-26
1507574,Gift Tax (Counter),贈與稅收件櫃台,,,,,,,,,,2012-11-26
1507575,Estate Tax (Service),遺產稅審查櫃台,,,,,,,,,,2012-11-26
1507576,Gift Tax (Service),贈與稅審查櫃台,,,,,,,,,,2012-11-26
1507577,"Shengang Township Library, Changhua County",彰化縣伸港鄉立圖書館,,,,,,,,,,2012-11-26
1507578,Student Affairs Section,學生事務處,,,,,,,,,,2012-11-26
1507579,Individual Counseling Room,個別諮商室,,,,,,,,,,2012-11-26
1507580,General Affairs Section,總務處,,,,,,,,,,2012-11-26
1507581,Storeroom,儲藏室,,,,,,,,,,2012-11-26
1507582,Archives,檔案室,,,,,,,,,,2012-11-26
1507583,Personnel Office,人事室,,,,,,,,,,2012-11-26
1507584,Kitchen,廚房,,,,,,,,,,2012-11-26
1507585,Conference Room I (大型) / Meeting Room I (小型),第一會議室,,,,,,,,,,2012-11-26
1507586,Principal (僅校長一人) / Principal's Office (除校長外尚有其他人員在內辦公),校長室,,,,,,,,,,2012-11-26
1507587,School History Room,校史室,,,,,,,,,,2012-11-26
1507588,Accounting Office,會計室,,,,,,,,,,2012-11-26
1507589,Craft and Home Economics Lab,綜合領域教室,,,,,,,,,,2012-11-26
1507590,Educational Affairs Section,教務處,,,,,,,,,,2012-11-26
1507591,File Room,教務資料室,,,,,,,,,,2012-11-26
1507592,Copy Room,文件列印室,,,,,,,,,,2012-11-26
1507593,Group Counseling Room,團體諮商室,,,,,,,,,,2012-11-26
1507594,Counseling Section,輔導處,,,,,,,,,,2012-11-26
1507595,Archives,檔案室,,,,,,,,,,2012-11-26
1507596,Conference Room II (大型) / Meeting Room II (小型),第二會議室,,,,,,,,,,2012-11-26
1507597,"3rd Grade, Class 1",3年1班,,,,,,,,,,2012-11-26
1507598,"3rd Grade, Class 2",3年2班,,,,,,,,,,2012-11-26
1507599,"3rd Grade, Class 3",3年3班,,,,,,,,,,2012-11-26
1507600,Biology Lab,生物教室,,,,,,,,,,2012-11-26
1507601,Biology Equipment Room,生物實驗器材室,,,,,,,,,,2012-11-26
1507602,Multipurpose Instructional Space,行動教室,,,,,,,,,,2012-11-26
1507603,English Village ,英語村,,,,,,,,,,2012-11-26
1507604,The World Games 2009 Classroom,2009世運教室,,,,,,,,,,2012-11-26
1507605,Computer Laboratory / Computer Classroom,電腦教室,,,,,,,,,,2012-11-26
1507606,Physical Education Section,體育組,,,,,,,,,,2012-11-26
1507607,Swimming Pool,游泳池,,,,,,,,,,2012-11-26
1507608,Tool Room,工具間,,,,,,,,,,2012-11-26
1507609,Stage ,講話台,,,,,,,,,,2012-11-26
1507610,Municipal Radio Broadcasting Center,市政廣播行銷中心,,,,,,,,,,2012-11-26
1507611,A Friendly Reminder from the Household Registration Office,戶政小叮嚀,,,,,,,,,,2012-11-26
1507612,"For the following applications, please take a number and await your turn:",下列申請案件請取票等候叫號辦理,,,,,,,,,,2012-11-26
1507613,"For the following applications, please proceed to the designated counters: ",下列申請案件請至指定櫃台辦理,,,,,,,,,,2012-11-26
1507614,One-Time Re-application Pass: Please proceed directly to your original application counter with this pass for same-day re-applications.,當日一次告知單續辦-原受理櫃台,,,,,,,,,,2012-11-26
1507615,Household Registration Application Information,戶籍登記案件申請須知,,,,,,,,,,2012-11-26
1507616,Household Registration and Certificate Issuance Procedures and Fees,戶籍登記、證明核發流程及規費一覽表,,,,,,,,,,2012-11-26
1507617,Application Categories and Processing Times,處理人民申請案件項目暨期限表,,,,,,,,,,2012-11-26
1507618,Standard Fines for Household Registration Violations,戶籍罰鍰處罰金額基準表,,,,,,,,,,2012-11-26
1507619,Document Archives,公文檔案室,,,,,,,,,,2012-11-26
1507620,Household Registration Archives,戶籍資料檔案室,,,,,,,,,,2012-11-26
1507621,Household Registration Laws and Regulations,法令研習,,,,,,,,,,2012-11-26
1507622,Underground Parking/Staff Only,地下停車場/非本局員工請勿進入,,,,,,,,,,2012-11-26
1507623,Opening Hours: 7:30 a.m. to 9:30 p.m. Monday-Friday,開放時間週一~週五上午7:30~晚上9:30,,,,,,,,,,2012-11-26
1507624,Turn On Headlights and Slow Down ,請開頭燈 減速慢行,,,,,,,,,,2012-11-26
1507625,Automobile and Motorcycle Parking/ B2 Parking ,汽機車停車區/B2停車區,,,,,,,,,,2012-11-26
1507626,Disabled Parking Only  ,身心障礙停車區,,,,,,,,,,2012-11-26
1507627,Motorcycle and Bicycle Parking / B2 Parking ,機踏車停車區/B2停車區,,,,,,,,,,2012-11-26
1507628,VIP Parking ,貴賓停車區,,,,,,,,,,2012-11-26
1507629,Bicycle Parking,自行車停車區,,,,,,,,,,2012-11-26
1507630,Motorcycle Parking ,機車停車區,,,,,,,,,,2012-11-26
1507631,All Vehicles Must Turn Right,車輛進入一律右轉,,,,,,,,,,2012-11-26
1507632,Parking Lot 1,第一停車區,,,,,,,,,,2012-11-26
1507633,Parking Lot 2,第二停車區,,,,,,,,,,2012-11-26
1507634,Official Vehicles Only,公務車停車區,,,,,,,,,,2012-11-26
1507635,B2 Automobile Parking ,B2汽車停車區,,,,,,,,,,2012-11-26
1507636,Danger: Deep Water,水深危險請勿靠近,,,,,,,,,,2012-11-26
1507637,"Local  Tax  Bureau, Hsinchu County",新竹縣政府稅捐稽徵局,,,,,,,,,,2012-11-26
1507638,PET Bottles,寶特瓶,,,,,,,,,,2012-11-26
1507639,Welcome to Chiayi  National Forest Area,歡迎進入國有林地,,,,,,,,,,2012-11-26
1507640,Thank you for visiting Alishan National Forest Recreation Area. Please come again!,阿里山國家森林遊樂區歡迎再度光臨,,,,,,,,,,2012-11-26
1507641,Employment Development Program Desk,外展專案區,,,,,,,,,,2012-11-26
1507642,Supervision Officer  ,約聘社工督導員,,,,,,,,,,2012-11-26
1507643, Taoyuan County Early Intervention Referral Center  ,桃園縣兒童發展通報轉介中心,,,,,,,,,,2012-11-26
1507644,Anping Port,安平商港,,,,,,,,,,2012-11-26
1507645,This branch is an authorized foreign currency exchange bank.,奉准開辦指定外匯業務擴大服務各界,,,,,,,,,,2012-11-26
1507646,Latest One-Month Secondary Market Interest Rate (Percent Per Annum) on 31-90 Day Commercial Paper Disclosed in the Central Bank of the Republic of China's 'Financial Statistics Monthly',中央銀行金融統計月報最近一個月31天至90天期商業本票次級市場利率平均數,,,,,,,,,,2012-11-26
1507647,One-stop Window  ,一處收件全程服務,,,,,,,,,,2012-11-26
1507648,Administrative Area Planning,區里行政,,,,,,,,,,2012-11-26
1507649,Neighborhood Residents Assembly,里民大會,,,,,,,,,,2012-11-26
1507650,Assessor,審核員,,,,,,,,,,2012-11-26
1507651,National Pension Assessor,國民年金審核員,,,,,,,,,,2012-11-26
1507652,National Pension,國民年金,,,,,,,,,,2012-11-26
1507653,Case Filing and Assignment,收文登記 掛號分文,,,,,,,,,,2012-11-26
1507654,"Parks and Street Lamps Office, Renwu Township, Kaohsiung City",高雄市仁武鄉公園及路燈管理所,,,,,,,,,,2012-11-26
