ID,英文名稱,中文名稱,圖片,類號,化學式,更新日期
454292,α-tolueneboronic acid; benzylboric acid,苄硼酸,,11098,"<Font html:Color=""#000000"">C</Font><Sub><Fonthtml:Color=""#000000"">6</Font></Sub><Font html:Color=""#000000"">H</Font><Sub><Fonthtml:Color=""#000000"">5</Font></Sub><Font html:Color=""#000000"">CH</Font><Sub><Fonthtml:Color=""#000000"">2</Font></Sub><Font html:Color=""#000000"">B(OH)</Font><Sub><Fonthtml:Color=""#000000"">2</Font></Sub>",2012-11-26
454296,zinc tetraborate,四硼酸鋅,,化學化合物,"<Font html:Color=""#000000"">ZnB</Font><Sub><Fonthtml:Color=""#000000"">4</Font></Sub><Font html:Color=""#000000"">O</Font><Sub><Fonthtml:Color=""#000000"">7</Font></Sub>",2012-11-26
454297,zinc metaborate,偏硼酸鋅,,化學化合物,"<Font html:Color=""#000000"">Zn(BO</Font><Sub><Fonthtml:Color=""#000000"">2</Font></Sub><Font html:Color=""#000000"">)</Font><Sub><Fonthtml:Color=""#000000"">2</Font></Sub>",2012-11-26
454298,uranium boron hydride,硼氫化鈾(IV),,化學化合物,"<Font html:Color=""#000000"">U(BH</Font><Sub><Fonthtml:Color=""#000000"">4</Font></Sub><Font html:Color=""#000000"">)</Font><Sub><Fonthtml:Color=""#000000"">4</Font></Sub>",2012-11-26
454299,zinc borate,硼酸鋅,,化學化合物,"<Font html:Color=""#000000"">3ZnO·2B</Font><Sub><Fonthtml:Color=""#000000"">2</Font></Sub><Font html:Color=""#000000"">O</Font><Sub><Fonthtml:Color=""#000000"">3</Font></Sub>",2012-11-26
454300,tri-α-naphthylborine,三-α-萘硼[烷],,11509,"<Font html:Color=""#000000"">B(C</Font><Sub><Fonthtml:Color=""#000000"">10</Font></Sub><Font html:Color=""#000000"">H</Font><Sub><Fonthtml:Color=""#000000"">7</Font></Sub><Font html:Color=""#000000"">)</Font><Sub><Fonthtml:Color=""#000000"">3</Font></Sub>",2012-11-26
454301,tri-β-naphthyl borate,硼酸三-β-萘酯,,化學化合物,"<Font html:Color=""#000000"">B(OC</Font><Sub><Fonthtml:Color=""#000000"">10</Font></Sub><Font html:Color=""#000000"">H</Font><Sub><Fonthtml:Color=""#000000"">7</Font></Sub><Font html:Color=""#000000"">)</Font><Sub><Fonthtml:Color=""#000000"">3</Font></Sub>",2012-11-26
454302,tri-tert-butylborine,參三級-丁硼[烷],,11244,"<Font html:Color=""#000000"">B(C</Font><Sub><Fonthtml:Color=""#000000"">4</Font></Sub><Font html:Color=""#000000"">H</Font><Sub><Fonthtml:Color=""#000000"">9</Font></Sub><Font html:Color=""#000000"">)</Font><Sub><Fonthtml:Color=""#000000"">3</Font></Sub>",2021-09-28
454303,tri-p-xylylborine,三對茬硼[烷],,11609,"<Font html:Color=""#000000"">B(CH</Font><Sub><Fonthtml:Color=""#000000"">3</Font></Sub><Font html:Color=""#000000"">C</Font><Sub><Fonthtml:Color=""#000000"">6</Font></Sub><Font html:Color=""#000000"">H</Font><Sub><Fonthtml:Color=""#000000"">3</Font></Sub><Font html:Color=""#000000"">CH</Font><Sub><Fonthtml:Color=""#000000"">3</Font></Sub><Font html:Color=""#000000"">)</Font><Sub><Fonthtml:Color=""#000000"">3</Font></Sub>",2012-11-26
454304,tripropylborine; tripropylborane; tripropylboron,三丙硼[烷],,11567,"<Font html:Color=""#000000"">B(C</Font><Sub><Fonthtml:Color=""#000000"">3</Font></Sub><Font html:Color=""#000000"">H</Font><Sub><Fonthtml:Color=""#000000"">7</Font></Sub><Font html:Color=""#000000"">)</Font><Sub><Fonthtml:Color=""#000000"">3</Font></Sub>",2012-11-26
454305,tri-p-tolylborine,三對【草+叨】硼[烷],,11143,"<Font html:Color=""#000000"">B(CH</Font><Sub><Fonthtml:Color=""#000000"">3</Font></Sub><Font html:Color=""#000000"">C</Font><Sub><Fonthtml:Color=""#000000"">6</Font></Sub><Font html:Color=""#000000"">H</Font><Sub><Fonthtml:Color=""#000000"">4</Font></Sub><Font html:Color=""#000000"">)</Font><Sub><Fonthtml:Color=""#000000"">3</Font></Sub>",2012-11-26
454306,tripropoxyborane {tripropyl borate},三丙氧硼 {硼酸三丙酯},,11566,"<Font html:Color=""#000000"">B(OC</Font><Sub><Fonthtml:Color=""#000000"">3</Font></Sub><Font html:Color=""#000000"">H</Font><Sub><Fonthtml:Color=""#000000"">7</Font></Sub><Font html:Color=""#000000"">)</Font><Sub><Fonthtml:Color=""#000000"">3</Font></Sub>",2012-11-26
454307,tripropyl borate {tripropylborane},硼酸三丙酯 {三丙氧硼},,化學化合物,"<Font html:Color=""#000000"">(C</Font><Sub><Fonthtml:Color=""#000000"">3</Font></Sub><Font html:Color=""#000000"">H</Font><Sub><Fonthtml:Color=""#000000"">7</Font></Sub><Font html:Color=""#000000"">)</Font><Sub><Fonthtml:Color=""#000000"">3</Font></Sub><Font html:Color=""#000000"">BO</Font><Sub><Fonthtml:Color=""#000000"">3</Font></Sub><Font html:Color=""#000000""> &#160;</Font>",2012-11-26
454309,tripropyl borate {tripropoxyborane},硼酸三丙酯 {三丙氧硼},,11566,"<Font html:Color=""#000000"">(C</Font><Sub><Fonthtml:Color=""#000000"">3</Font></Sub><Font html:Color=""#000000"">H</Font><Sub><Fonthtml:Color=""#000000"">7</Font></Sub><Font html:Color=""#000000"">)</Font><Sub><Fonthtml:Color=""#000000"">3</Font></Sub><Font html:Color=""#000000"">BO</Font><Sub><Fonthtml:Color=""#000000"">3</Font></Sub><Font html:Color=""#000000""> </Font>",2012-11-26
454311,triphenylborine; triphenylborane; triphenylboron,三苯硼[烷],,化學化合物,"<Font html:Color=""#000000"">B(C</Font><Sub><Fonthtml:Color=""#000000"">6</Font></Sub><Font html:Color=""#000000"">H</Font><Sub><Fonthtml:Color=""#000000"">5</Font></Sub><Font html:Color=""#000000"">)</Font><Sub><Fonthtml:Color=""#000000"">3</Font></Sub><Font html:Color=""#000000""> </Font>",2012-11-26
454312,triphenoxyborane {triphenyl borate },三苯氧硼 {硼酸三苯酯},,化學化合物,"<Font html:Color=""#000000"">&#160;B(OC</Font><Sub><Fonthtml:Color=""#000000"">6</Font></Sub><Font html:Color=""#000000"">H</Font><Sub><Fonthtml:Color=""#000000"">5</Font></Sub><Font html:Color=""#000000"">)</Font><Sub><Fonthtml:Color=""#000000"">3</Font></Sub>",2012-11-26
454313,triphenyl borate {triphenoxyborane},硼酸三苯酯 {三苯氧硼},,化學化合物,"<Font html:Color=""#000000"">&#160;(C</Font><Sub><Fonthtml:Color=""#000000"">6</Font></Sub><Font html:Color=""#000000"">H</Font><Sub><Fonthtml:Color=""#000000"">5</Font></Sub><Font html:Color=""#000000"">)</Font><Sub><Fonthtml:Color=""#000000"">3</Font></Sub><Font html:Color=""#000000"">BO</Font><Sub><Fonthtml:Color=""#000000"">3</Font></Sub>",2012-11-26
454314,tri-p-anisylborine,三(對甲氧苯)硼[烷],,11184,"<Font html:Color=""#000000"">B(CH</Font><Sub><Fonthtml:Color=""#000000"">3</Font></Sub><Font html:Color=""#000000"">OC</Font><Sub><Fonthtml:Color=""#000000"">6</Font></Sub><Font html:Color=""#000000"">H</Font><Sub><Fonthtml:Color=""#000000"">4</Font></Sub><Font html:Color=""#000000"">)</Font><Sub><Fonthtml:Color=""#000000"">3</Font></Sub>",2012-11-26
454315,trimethylboron; trimethylborane; trimethylborine,三甲硼[烷],,11473,"<Font html:Color=""#000000"">B(CH</Font><Sub><Fonthtml:Color=""#000000"">3</Font></Sub><Font html:Color=""#000000"">)</Font><Sub><Fonthtml:Color=""#000000"">3</Font></Sub>",2012-11-26
454316,tri-n-butylborine,三正丁硼[烷],,11243,"<Font html:Color=""#000000"">B(C</Font><Sub><Fonthtml:Color=""#000000"">4</Font></Sub><Font html:Color=""#000000"">H</Font><Sub><Fonthtml:Color=""#000000"">9</Font></Sub><Font html:Color=""#000000"">)</Font><Sub><Fonthtml:Color=""#000000"">3</Font></Sub>",2012-11-26
454317,trimethylborine; trimethylboron; trimethylborane,三甲硼[烷],,化學化合物,"<Font html:Color=""#000000"">B(CH</Font><Sub><Fonthtml:Color=""#000000"">3</Font></Sub><Font html:Color=""#000000"">)</Font><Sub><Fonthtml:Color=""#000000"">3</Font></Sub>",2012-11-26
454318,trimethylaminoborine,三甲胺合硼[烷],,11464,"<Font html:Color=""#000000"">(CH</Font><Sub><Fonthtml:Color=""#000000"">3</Font></Sub><Font html:Color=""#000000"">)</Font><Sub><Fonthtml:Color=""#000000"">3</Font></Sub><Font html:Color=""#000000"">NBH</Font><Sub><Fonthtml:Color=""#000000"">3</Font></Sub>",2012-11-26
454319,trimethyl borate {trimethoxyborane},硼酸三甲酯 {三甲氧硼},,化學化合物,"<Font html:Color=""#000000"">(CH</Font><Sub><Fonthtml:Color=""#000000"">3</Font></Sub><Font html:Color=""#000000"">)</Font><Sub><Fonthtml:Color=""#000000"">3</Font></Sub><Font html:Color=""#000000"">BO</Font><Sub><Fonthtml:Color=""#000000"">3</Font></Sub>",2012-11-26
454320,triisopropylborine,三異丙硼[烷],,11433,"<Font html:Color=""#000000"">B(C</Font><Sub><Fonthtml:Color=""#000000"">3</Font></Sub><Font html:Color=""#000000"">H</Font><Sub><Fonthtml:Color=""#000000"">7</Font></Sub><Font html:Color=""#000000"">)</Font><Sub><Fonthtml:Color=""#000000"">3</Font></Sub>",2012-11-26
454321,trimethoxyborane; trimethoxyboron,三甲氧硼[烷],,化學化合物,,2012-11-26
454322,trimethoxyboron; trimethoxyborane {methyl borate},三甲氧硼 {硼酸甲酯},,11447,"<Font html:Color=""#000000"">(CH</Font><Sub><Fonthtml:Color=""#000000"">3</Font></Sub><Font html:Color=""#000000"">O)</Font><Sub><Fonthtml:Color=""#000000"">3</Font></Sub><Font html:Color=""#000000"">B</Font>",2012-11-26
454324,triisoamylborine; triisoamylboron,三異戊硼[烷],,11431,"<Font html:Color=""#000000"">B(C</Font><Sub><Fonthtml:Color=""#000000"">5</Font></Sub><Font html:Color=""#000000"">H</Font><Sub><Fonthtml:Color=""#000000"">11</Font></Sub><Font html:Color=""#000000"">)</Font><Sub><Fonthtml:Color=""#000000"">3</Font></Sub>",2012-11-26
454325,triisobutyl borate,硼酸三異丁酯,,化學化合物,"<Font html:Color=""#000000"">(C</Font><Sub><Fonthtml:Color=""#000000"">4</Font></Sub><Font html:Color=""#000000"">H</Font><Sub><Fonthtml:Color=""#000000"">9</Font></Sub><Font html:Color=""#000000"">)</Font><Sub><Fonthtml:Color=""#000000"">3</Font></Sub><Font html:Color=""#000000"">BO</Font><Sub><Fonthtml:Color=""#000000"">3</Font></Sub>",2012-11-26
454326,triethylboron; triethylborane; triethylborine,三乙硼[烷],,11364,"<Font html:Color=""#000000"">B(C</Font><Sub><Fonthtml:Color=""#000000"">2</Font></Sub><Font html:Color=""#000000"">H</Font><Sub><Fonthtml:Color=""#000000"">5</Font></Sub><Font html:Color=""#000000"">)</Font><Sub><Fonthtml:Color=""#000000"">3</Font></Sub>",2012-11-26
454327,triisoamyl borate; isoamyl borate,硼酸[三]異戊酯,,11429,"<Font html:Color=""#000000"">(C</Font><Sub><Fonthtml:Color=""#000000"">5</Font></Sub><Font html:Color=""#000000"">H</Font><Sub><Fonthtml:Color=""#000000"">11</Font></Sub><Font html:Color=""#000000"">O)</Font><Sub><Fonthtml:Color=""#000000"">3</Font></Sub><Font html:Color=""#000000"">B</Font>",2012-11-26
454328,triethyl borate {triethoxy borane},硼酸三乙酯 {三乙氧硼},,11348,"<Font html:Color=""#000000"">B(OC</Font><Sub><Fonthtml:Color=""#000000"">2</Font></Sub><Font html:Color=""#000000"">H</Font><Sub><Fonthtml:Color=""#000000"">5</Font></Sub><Font html:Color=""#000000"">)</Font><Sub><Fonthtml:Color=""#000000"">3</Font></Sub>",2012-11-26
454329,triethyl borate; ethyl borate {triethoxyborane},硼酸[三]乙酯 {三乙氧硼},,化學化合物,"<Font html:Color=""#000000"">(C</Font><Sub><Fonthtml:Color=""#000000"">2</Font></Sub><Font html:Color=""#000000"">H</Font><Sub><Fonthtml:Color=""#000000"">5</Font></Sub><Font html:Color=""#000000"">)</Font><Sub><Fonthtml:Color=""#000000"">3</Font></Sub><Font html:Color=""#000000"">BO</Font><Sub><Fonthtml:Color=""#000000"">3</Font></Sub>",2012-11-26
454330,triethylboron,三乙硼,,化學化合物,"<Font html:Color=""#000000"">B(C</Font><Sub><Fonthtml:Color=""#000000"">2</Font></Sub><Font html:Color=""#000000"">H</Font><Sub><Fonthtml:Color=""#000000"">5</Font></Sub><Font html:Color=""#000000"">)</Font><Sub><Fonthtml:Color=""#000000"">3</Font></Sub>",2012-11-26
454331,triethoxyboron; triethoxyborane {ethyl borate},三乙氧硼 {硼酸乙酯},,11344,"<Font html:Color=""#000000"">B(OC</Font><Sub><Fonthtml:Color=""#000000"">2</Font></Sub><Font html:Color=""#000000"">H</Font><Sub><Fonthtml:Color=""#000000"">5</Font></Sub><Font html:Color=""#000000"">)</Font><Sub><Fonthtml:Color=""#000000"">3</Font></Sub>",2012-11-26
454333,triethoxyboron,三乙氧硼,,化學化合物,"<Font html:Color=""#000000"">B(OC</Font><Sub><Fonthtml:Color=""#000000"">2</Font></Sub><Font html:Color=""#000000"">H</Font><Sub><Fonthtml:Color=""#000000"">5</Font></Sub><Font html:Color=""#000000"">)</Font><Sub><Fonthtml:Color=""#000000"">3</Font></Sub>",2012-11-26
454334,tricyclohexylborine,三環己硼[烷],,11322,"<Font html:Color=""#000000"">B(C</Font><Sub><Fonthtml:Color=""#000000"">6</Font></Sub><Font html:Color=""#000000"">H</Font><Sub><Fonthtml:Color=""#000000"">11</Font></Sub><Font html:Color=""#000000"">)</Font><Sub><Fonthtml:Color=""#000000"">3</Font></Sub>",2012-11-26
454335,triethoxyborane; triethoxyboron,三乙氧硼[烷],,化學化合物,"<Font html:Color=""#000000"">B(OC</Font><Sub><Fonthtml:Color=""#000000"">2</Font></Sub><Font html:Color=""#000000"">H</Font><Sub><Fonthtml:Color=""#000000"">5</Font></Sub><Font html:Color=""#000000"">)</Font><Sub><Fonthtml:Color=""#000000"">3</Font></Sub>",2012-11-26
454336,trichloroborine trimethylamine,三甲胺合三氯硼[烷],,11267,"<Font html:Color=""#000000"">(CH</Font><Sub><Fonthtml:Color=""#000000"">3</Font></Sub><Font html:Color=""#000000"">)</Font><Sub><Fonthtml:Color=""#000000"">3</Font></Sub><Font html:Color=""#000000"">NBCl</Font><Sub><Fonthtml:Color=""#000000"">3</Font></Sub>",2012-11-26
454337,trichloroborine dimethyl etherate,[二]甲醚合三氯硼[烷],,4123,"<Font html:Color=""#000000"">(CH</Font><Sub><Fonthtml:Color=""#000000"">3</Font></Sub><Font html:Color=""#000000"">)</Font><Sub><Fonthtml:Color=""#000000"">2</Font></Sub><Font html:Color=""#000000"">OBCl</Font><Sub><Fonthtml:Color=""#000000"">3</Font></Sub>",2012-11-26
454338,triboron silicide,矽化三硼,,化學化合物,"<Font html:Color=""#000000"">B</Font><Sub><Fonthtml:Color=""#000000"">3</Font></Sub><Font html:Color=""#000000"">Si</Font>",2012-11-26
454339,tributoxyboron,三(丁氧)硼,,11239,"<Font html:Color=""#000000"">(C</Font><Sub><Fonthtml:Color=""#000000"">4</Font></Sub><Font html:Color=""#000000"">H</Font><Sub><Fonthtml:Color=""#000000"">9</Font></Sub><Font html:Color=""#000000"">O)</Font><Sub><Fonthtml:Color=""#000000"">3</Font></Sub><Font html:Color=""#000000"">B</Font>",2012-11-26
454340,triamyloxyboron {triamyl borate},三戊氧硼 {硼酸三戊酯},,11181,"<Font html:Color=""#000000"">(C</Font><Sub><Fonthtml:Color=""#000000"">5</Font></Sub><Font html:Color=""#000000"">H</Font><Sub><Fonthtml:Color=""#000000"">11</Font></Sub><Font html:Color=""#000000"">O)</Font><Sub><Fonthtml:Color=""#000000"">3</Font></Sub><Font html:Color=""#000000"">B</Font>",2012-11-26
454341,strontium tetraborate,四硼酸鍶,,化學化合物,"<Font html:Color=""#000000"">SrB</Font><Sub><Fonthtml:Color=""#000000"">4</Font></Sub><Font html:Color=""#000000"">O</Font><Sub><Fonthtml:Color=""#000000"">7</Font></Sub>",2012-11-26
454342,triarylborane; triarylboron,三芳基硼[烷],,化學術語,,2012-11-26
454343,tribenzylborine,三苄硼[烷],,11209,"<Font html:Color=""#000000"">B(C</Font><Sub><Fonthtml:Color=""#000000"">6</Font></Sub><Font html:Color=""#000000"">H</Font><Sub><Fonthtml:Color=""#000000"">5</Font></Sub><Font html:Color=""#000000"">CH</Font><Sub><Fonthtml:Color=""#000000"">2</Font></Sub><Font html:Color=""#000000"">)</Font><Sub><Fonthtml:Color=""#000000"">3</Font></Sub>",2012-11-26
454344,tetraborate,四硼酸鹽,,化學術語,,2012-11-26
454345,trialkylborane; trialkylboron,三烷基硼[烷],,化學術語,,2012-11-26
454346,triamyl borate {triamyloxyboron},硼酸三戊酯 {三戊氧硼},,11181,"<Font html:Color=""#000000"">(C</Font><Sub><Fonthtml:Color=""#000000"">5</Font></Sub><Font html:Color=""#000000"">H</Font><Sub><Fonthtml:Color=""#000000"">11</Font></Sub><Font html:Color=""#000000"">O)</Font><Sub><Fonthtml:Color=""#000000"">3</Font></Sub><Font html:Color=""#000000"">B</Font>",2012-11-26
454347,tetraborane,四硼烷,,化學術語,,2012-11-26
454349,sodium trifluorohydroxoborate {sodium trifluoroborate},三氟羥硼酸鈉 {三氟硼酸鈉},,化學化合物,"<Font html:Color=""#000000"">Na[BF</Font><Sub><Fonthtml:Color=""#000000"">3</Font></Sub><Font html:Color=""#000000"">(OH)]</Font>",2012-11-26
454350,sodium tetraphenylboron{sodium tetraphenylborate},四苯硼鈉 {四苯硼酸鈉},,10323,"<Font html:Color=""#000000"">Na[B(C</Font><Sub><Fonthtml:Color=""#000000"">6</Font></Sub><Font html:Color=""#000000"">H</Font><Sub><Fonthtml:Color=""#000000"">5</Font></Sub><Font html:Color=""#000000"">)</Font><Sub><Fonthtml:Color=""#000000"">4</Font></Sub><Font html:Color=""#000000"">]</Font>",2012-11-26
454351,sodium trifluoroborate {sodium trifluorohydroxoborate},三氟硼酸鈉 {三氟羥硼酸鈉},,化學化合物,"<Font html:Color=""#000000"">Na[BF</Font><Sub><Fonthtml:Color=""#000000"">3</Font></Sub><Font html:Color=""#000000"">(OH)]</Font>",2012-11-26
454352,sodium tetraphenylborate {sodium tetraphenylboron},四苯硼酸鈉 {四苯硼鈉},,化學化合物,"<Font html:Color=""#000000"">Na[B(C</Font><Sub><Fonthtml:Color=""#000000"">6</Font></Sub><Font html:Color=""#000000"">H</Font><Sub><Fonthtml:Color=""#000000"">5</Font></Sub><Font html:Color=""#000000"">)</Font><Sub><Fonthtml:Color=""#000000"">4</Font></Sub><Font html:Color=""#000000"">]</Font>",2012-11-26
508725,sodium tetrafluoroborate,四氟硼酸鈉,,化學化合物,"<Font html:Color=""#000000"">NaBF</Font><Sub><Fonthtml:Color=""#000000"">4</Font></Sub>",2012-11-26
508726,sodium tetraethylborate,四乙硼酸鈉,,化學化合物,"<Font html:Color=""#000000"">Na[B(C2H5)</Font><Sub><Fonthtml:Color=""#000000"">4</Font></Sub><Font html:Color=""#000000"">]</Font>",2012-11-26
508727,sodium tetraborate peroxohydrate,四硼酸鈉過氧水合物,,化學化合物,"<Font html:Color=""#000000"">Na</Font><Sub><Fonthtml:Color=""#000000"">2</Font></Sub><Font html:Color=""#000000"">B</Font><Sub><Fonthtml:Color=""#000000"">4</Font></Sub><Font html:Color=""#000000"">O</Font><Sub><Fonthtml:Color=""#000000"">7</Font></Sub><Font html:Color=""#000000"">·H</Font><Sub><Fonthtml:Color=""#000000"">2</Font></Sub><Font html:Color=""#000000"">O</Font><Sub><Fonthtml:Color=""#000000"">2</Font></Sub><Font html:Color=""#000000"">·9H</Font><Sub><Fonthtml:Color=""#000000"">2</Font></Sub><Font html:Color=""#000000"">O</Font>",2012-11-26
508730,sodium pyroborate {sodium borate},焦硼酸鈉,,化學化合物,"<Font html:Color=""#000000"">Na</Font><Sub><Fonthtml:Color=""#000000"">2</Font></Sub><Font html:Color=""#000000"">B</Font><Sub><Fonthtml:Color=""#000000"">4</Font></Sub><Font html:Color=""#000000"">O</Font><Sub><Fonthtml:Color=""#000000"">7</Font></Sub>",2012-11-26
508731,sodium borate {sodium tetraborate},硼酸鈉,,化學化合物,"<Font html:Color=""#000000"">Na</Font><Sub><Fonthtml:Color=""#000000"">2</Font></Sub><Font html:Color=""#000000"">B</Font><Sub><Fonthtml:Color=""#000000"">4</Font></Sub><Font html:Color=""#000000"">O</Font><Sub><Fonthtml:Color=""#000000"">7</Font></Sub>",2012-11-26
508732,sodium tetraborate {sodium borate},四硼酸鈉,,化學化合物,"<Font html:Color=""#000000"">Na</Font><Sub><Fonthtml:Color=""#000000"">2</Font></Sub><Font html:Color=""#000000"">B</Font><Sub><Fonthtml:Color=""#000000"">4</Font></Sub><Font html:Color=""#000000"">O</Font><Sub><Fonthtml:Color=""#000000"">7</Font></Sub>",2012-11-26
508734,sodium peroxoborate; sodium peroxyborate {sodium perborate},過氧硼酸鈉 {過硼酸鈉},,化學化合物,"<Font html:Color=""#000000"">NaBO</Font><Sub><Fonthtml:Color=""#000000"">3</Font></Sub>",2012-11-26
508735,sodium octaborate,八硼酸鈉,,化學化合物,"<Font html:Color=""#000000"">Na</Font><Sub><Fonthtml:Color=""#000000"">2</Font></Sub><Font html:Color=""#000000"">B</Font><Sub><Fonthtml:Color=""#000000"">8</Font></Sub><Font html:Color=""#000000"">O</Font><Sub><Fonthtml:Color=""#000000"">13</Font></Sub>",2012-11-26
508736,sodium perborate {peroxoborate; peroxyborate},過硼酸鈉 {過氧硼酸鈉},,化學化合物,"<Font html:Color=""#000000"">NaBO</Font><Sub><Fonthtml:Color=""#000000"">3</Font></Sub>",2012-11-26
508737,sodium pentaborate,五硼酸鈉,,化學化合物,"<Font html:Color=""#000000"">NaB</Font><Sub><Fonthtml:Color=""#000000"">5</Font></Sub><Font html:Color=""#000000"">O</Font><Sub><Fonthtml:Color=""#000000"">8</Font></Sub>",2012-11-26
508738,sodium hexaborate,六硼酸鈉,,化學化合物,"<Font html:Color=""#000000"">Na</Font><Sub><Fonthtml:Color=""#000000"">2</Font></Sub><Font html:Color=""#000000"">B</Font><Sub><Fonthtml:Color=""#000000"">6</Font></Sub><Font html:Color=""#000000"">O</Font><Sub><Fonthtml:Color=""#000000"">10</Font></Sub>",2012-11-26
508739,sodium fluoroborate,氟硼酸鈉,,化學化合物,"<Font html:Color=""#000000"">Na[BF</Font><Sub><Fonthtml:Color=""#000000"">4</Font></Sub><Font html:Color=""#000000"">]</Font>",2012-11-26
508740,sodium metaborate,偏硼酸鈉,,化學化合物,"<Font html:Color=""#000000"">NaBO</Font><Sub><Fonthtml:Color=""#000000"">2</Font></Sub>",2012-11-26
508741,sodium hypoborate,次硼酸鈉,,化學化合物,"<Font html:Color=""#000000"">(NaOBH</Font><Sub><Fonthtml:Color=""#000000"">3</Font></Sub><Font html:Color=""#000000"">)</Font><Sub><Fonthtml:Color=""#000000"">2</Font></Sub>",2012-11-26
508743,sodium diborate,二硼酸鈉,,化學化合物,"<Font html:Color=""#000000"">Na</Font><Sub><Fonthtml:Color=""#000000"">4</Font></Sub><Font html:Color=""#000000"">B</Font><Sub><Fonthtml:Color=""#000000"">2</Font></Sub><Font html:Color=""#000000"">O</Font><Sub><Fonthtml:Color=""#000000"">5</Font></Sub>",2012-11-26
508744,sodium diborane,二硼烷[二]鈉,,化學化合物,"<Font html:Color=""#000000"">Na</Font><Sub><Fonthtml:Color=""#000000"">2</Font></Sub><Font html:Color=""#000000"">B</Font><Sub><Fonthtml:Color=""#000000"">2</Font></Sub><Font html:Color=""#000000"">H</Font><Sub><Fonthtml:Color=""#000000"">6</Font></Sub>",2012-11-26
508745,sodium decaborate,十硼酸鈉,,化學化合物,"<Font html:Color=""#000000"">(NaB</Font><Sub><Fonthtml:Color=""#000000"">5</Font></Sub><Font html:Color=""#000000"">O</Font><Sub><Fonthtml:Color=""#000000"">8</Font></Sub><Font html:Color=""#000000"">)</Font><Sub><Fonthtml:Color=""#000000"">2</Font></Sub>",2012-11-26
508746,sodium boron salicylate; sodium borosalicylate,硼柳酸鈉；硼水楊酸鈉,,化學化合物,"<Font html:Color=""#000000"">Na[B(C</Font><Sub><Fonthtml:Color=""#000000"">7</Font></Sub><Font html:Color=""#000000"">H</Font><Sub><Fonthtml:Color=""#000000"">4</Font></Sub><Font html:Color=""#000000"">O</Font><Sub><Fonthtml:Color=""#000000"">3</Font></Sub><Font html:Color=""#000000"">)</Font><Sub><Fonthtml:Color=""#000000"">2</Font></Sub><Font html:Color=""#000000"">]</Font>",2012-11-26
508747,sodium borohydride; sodium boron hydride,硼氫化鈉,,化學化合物,"<Font html:Color=""#000000"">NaBH</Font><Sub><Fonthtml:Color=""#000000"">4</Font></Sub>",2012-11-26
508748,p-tolylboron difluoride,二氟化對甲苯硼; 二氟化對【草+叨】硼,,化學化合物,"<Font html:Color=""#000000"">CH</Font><Sub><Fonthtml:Color=""#000000"">3</Font></Sub><Font html:Color=""#000000"">C</Font><Sub><Fonthtml:Color=""#000000"">6</Font></Sub><Font html:Color=""#000000"">H</Font><Sub><Fonthtml:Color=""#000000"">4</Font></Sub><Font html:Color=""#000000"">BF</Font><Sub><Fonthtml:Color=""#000000"">2</Font></Sub>",2012-11-26
508749,rubidium tetraphenylborate,四苯硼酸銣,,化學化合物,"<Font html:Color=""#000000"">Rb[B(C</Font><Sub><Fonthtml:Color=""#000000"">6</Font></Sub><Font html:Color=""#000000"">H</Font><Sub><Fonthtml:Color=""#000000"">5</Font></Sub><Font html:Color=""#000000"">)</Font><Sub><Fonthtml:Color=""#000000"">4</Font></Sub><Font html:Color=""#000000"">]</Font>",2012-11-26
508751,silver tetraborate,四硼酸銀,,化學化合物,"<Font html:Color=""#000000"">Ag</Font><Sub><Fonthtml:Color=""#000000"">2</Font></Sub><Font html:Color=""#000000"">B</Font><Sub><Fonthtml:Color=""#000000"">4</Font></Sub><Font html:Color=""#000000"">O</Font><Sub><Fonthtml:Color=""#000000"">7</Font></Sub>",2012-11-26
508752,potassium trifluorohydroxoborate {potassium trifluoroborate},三氟羥硼酸鉀 {三氟硼酸鉀},,化學化合物,"<Font html:Color=""#000000"">K[BF</Font><Sub><Fonthtml:Color=""#000000"">3</Font></Sub><Font html:Color=""#000000"">(OH)]</Font>",2012-11-26
508753,propyl borate,硼酸丙酯,,9707,"<Font html:Color=""#000000"">B(OC</Font><Sub><Fonthtml:Color=""#000000"">3</Font></Sub><Font html:Color=""#000000"">H</Font><Sub><Fonthtml:Color=""#000000"">7</Font></Sub><Font html:Color=""#000000"">)</Font><Sub><Fonthtml:Color=""#000000"">3</Font></Sub>",2012-11-26
508754,potassium trifluoroborate {potassium trifluorohydroxoborate},三氟硼酸鉀 {三氟羥硼酸鉀},,化學化合物,"<Font html:Color=""#000000"">K[BF</Font><Sub><Fonthtml:Color=""#000000"">3</Font></Sub><Font html:Color=""#000000"">(OH)]</Font>",2012-11-26
508755,p-tolylboron difluoride,二氟化對【草+叨】硼,,11144,"<Font html:Color=""#000000"">CH</Font><Sub><Fonthtml:Color=""#000000"">3</Font></Sub><Font html:Color=""#000000"">C</Font><Sub><Fonthtml:Color=""#000000"">6</Font></Sub><Font html:Color=""#000000"">H</Font><Sub><Fonthtml:Color=""#000000"">4</Font></Sub><Font html:Color=""#000000"">BF</Font><Sub><Fonthtml:Color=""#000000"">2</Font></Sub>",2012-11-26
508756,potassium tetraborate,四硼酸鉀,,化學化合物,"<Font html:Color=""#000000"">K</Font><Sub><Fonthtml:Color=""#000000"">2</Font></Sub><Font html:Color=""#000000"">B</Font><Sub><Fonthtml:Color=""#000000"">4</Font></Sub><Font html:Color=""#000000"">O</Font><Sub><Fonthtml:Color=""#000000"">7</Font></Sub>",2012-11-26
508757,potassium tetrafluoroborate,四氟硼酸鉀,,化學化合物,"<Font html:Color=""#000000"">KBF</Font><Sub><Fonthtml:Color=""#000000"">4</Font></Sub>",2012-11-26
508758,potassium tetraborane,四硼烷[二]鉀,,化學化合物,"<Font html:Color=""#000000"">K</Font><Sub><Fonthtml:Color=""#000000"">2</Font></Sub><Font html:Color=""#000000"">B</Font><Sub><Fonthtml:Color=""#000000"">4</Font></Sub><Font html:Color=""#000000"">H</Font><Sub><Fonthtml:Color=""#000000"">10</Font></Sub>",2012-11-26
508759,potassium peroxyborate {potassium perborate},過氧硼酸鉀 {過硼酸鉀},,化學化合物,"<Font html:Color=""#000000"">KBO</Font><Sub><Fonthtml:Color=""#000000"">3</Font></Sub>",2012-11-26
508760,potassium perborate,過硼酸鉀,,化學化合物,"<Font html:Color=""#000000"">KBO</Font><Sub><Fonthtml:Color=""#000000"">3</Font></Sub>",2012-11-26
508761,potassium pentaborate,五硼酸鉀,,化學化合物,"<Font html:Color=""#000000"">KB</Font><Sub><Fonthtml:Color=""#000000"">5</Font></Sub><Font html:Color=""#000000"">O</Font><Sub><Fonthtml:Color=""#000000"">8</Font></Sub>",2012-11-26
508762,potassium pentaborane,五硼烷[二]鉀,,化學化合物,"<Font html:Color=""#000000"">K</Font><Sub><Fonthtml:Color=""#000000"">2</Font></Sub><Font html:Color=""#000000"">B</Font><Sub><Fonthtml:Color=""#000000"">5</Font></Sub><Font html:Color=""#000000"">H</Font><Sub><Fonthtml:Color=""#000000"">9</Font></Sub>",2012-11-26
508763,potassium fluoroborate,四氟硼酸鉀,,化學化合物,"<Font html:Color=""#000000"">KBF</Font><Sub><Fonthtml:Color=""#000000"">4</Font></Sub>",2012-11-26
508764,potassium hexaborate,六硼酸鉀,,化學化合物,"<Font html:Color=""#000000"">K</Font><Sub><Fonthtml:Color=""#000000"">2</Font></Sub><Font html:Color=""#000000"">B</Font><Sub><Fonthtml:Color=""#000000"">6</Font></Sub><Font html:Color=""#000000"">O</Font><Sub><Fonthtml:Color=""#000000"">10</Font></Sub>",2012-11-26
508765,potassium metaborate,偏硼酸鉀,,化學化合物,"<Font html:Color=""#000000"">KBO</Font><Sub><Fonthtml:Color=""#000000"">2</Font></Sub>",2012-11-26
508766,potassium octaborate,八硼酸鉀,,化學化合物,"<Font html:Color=""#000000"">K</Font><Sub><Fonthtml:Color=""#000000"">2</Font></Sub><Font html:Color=""#000000"">B</Font><Sub><Fonthtml:Color=""#000000"">8</Font></Sub><Font html:Color=""#000000"">O</Font><Sub><Fonthtml:Color=""#000000"">13</Font></Sub>",2012-11-26
508767,potassium difluorodihydroxoborate {potassium difluoroborate},二氟二羥硼酸鉀 {二氟[代]硼酸鉀},,化學化合物,"<Font html:Color=""#000000"">KBF</Font><Sub><Fonthtml:Color=""#000000"">2</Font></Sub><Font html:Color=""#000000"">(OH)</Font><Sub><Fonthtml:Color=""#000000"">2</Font></Sub>",2012-11-26
508768,potassium diborane,二硼烷[二]鉀,,化學化合物,"<Font html:Color=""#000000"">K</Font><Sub><Fonthtml:Color=""#000000"">2</Font></Sub><Font html:Color=""#000000"">B</Font><Sub><Fonthtml:Color=""#000000"">2</Font></Sub><Font html:Color=""#000000"">H</Font><Sub><Fonthtml:Color=""#000000"">6</Font></Sub>",2012-11-26
508770,potassium decaborate,十硼酸鉀,,化學化合物,"<Font html:Color=""#000000"">K</Font><Sub><Fonthtml:Color=""#000000"">2</Font></Sub><Font html:Color=""#000000"">B</Font><Sub><Fonthtml:Color=""#000000"">10</Font></Sub><Font html:Color=""#000000"">O</Font><Sub><Fonthtml:Color=""#000000"">16</Font></Sub>",2012-11-26
508771,potassium difluoroborate {potassiumdifluorodihydroxoborate},二氟[代]硼酸鉀 {二氟二羥硼酸鉀},,化學化合物,"<Font html:Color=""#000000"">KBF</Font><Sub><Fonthtml:Color=""#000000"">2</Font></Sub><Font html:Color=""#000000"">(OH)</Font><Sub><Fonthtml:Color=""#000000"">2</Font></Sub>",2012-11-26
508772,potassium boron tartrate; potassium borotartrate,硼酒石酸鉀,,化學化合物,"<Font html:Color=""#000000"">K[B(C</Font><Sub><Fonthtml:Color=""#000000"">4</Font></Sub><Font html:Color=""#000000"">H</Font><Sub><Fonthtml:Color=""#000000"">4</Font></Sub><Font html:Color=""#000000"">O</Font><Sub><Fonthtml:Color=""#000000"">6</Font></Sub><Font html:Color=""#000000"">)</Font><Sub><Fonthtml:Color=""#000000"">2</Font></Sub><Font html:Color=""#000000"">]</Font>",2012-11-26
508774,phenylboron dichloride,二氯化苯硼,,化學化合物,"<Font html:Color=""#000000"">C</Font><Sub><Fonthtml:Color=""#000000"">6</Font></Sub><Font html:Color=""#000000"">H</Font><Sub><Fonthtml:Color=""#000000"">5</Font></Sub><Font html:Color=""#000000"">BCl</Font><Sub><Fonthtml:Color=""#000000"">2</Font></Sub>",2012-11-26
508775,potassium aluminum borate,硼酸鋁鉀,,化學化合物,"<Font html:Color=""#000000"">K(AlO)</Font><Sub><Fonthtml:Color=""#000000"">2</Font></Sub><Font html:Color=""#000000"">(BO</Font><Sub><Fonthtml:Color=""#000000"">2</Font></Sub><Font html:Color=""#000000"">)</Font><Sub><Fonthtml:Color=""#000000"">3</Font></Sub>",2012-11-26
508776,phenylboron difluoride,二氟化苯硼,,9285,"<Font html:Color=""#000000"">C</Font><Sub><Fonthtml:Color=""#000000"">6</Font></Sub><Font html:Color=""#000000"">H</Font><Sub><Fonthtml:Color=""#000000"">5</Font></Sub><Font html:Color=""#000000"">BF</Font><Sub><Fonthtml:Color=""#000000"">2</Font></Sub>",2012-11-26
508777,phenylboron dibromide,二溴化苯硼,,化學化合物,"<Font html:Color=""#000000"">B(C</Font><Sub><Fonthtml:Color=""#000000"">6</Font></Sub><Font html:Color=""#000000"">H</Font><Sub><Fonthtml:Color=""#000000"">5</Font></Sub><Font html:Color=""#000000"">)Br</Font><Sub><Fonthtml:Color=""#000000"">2</Font></Sub>",2012-11-26
508778,perborate,過硼酸鹽,,化學術語,,2012-11-26
508779,pentaborane,五硼烷,,化學化合物,,2012-11-26
508780,pentaborane(9),五硼烷,,化學化合物,"<Font html:Color=""#000000"">B</Font><Sub><Fonthtml:Color=""#000000"">5</Font></Sub><Font html:Color=""#000000"">H</Font><Sub><Fonthtml:Color=""#000000"">9</Font></Sub>",2012-11-26
508781,nitrosyl tetrafluoroborate,四氟硼酸亞硝,,化學化合物,"<Font html:Color=""#000000"">(NO)BF</Font><Sub><Fonthtml:Color=""#000000"">4</Font></Sub>",2012-11-26
508782,nitrosyl tetrafluoroborate,亞硝醯四氟硼酸,,化學化合物,,2012-11-26
508783,organoboron compound,有機硼化合物,,化學術語,,2012-11-26
508784,o-tolueneboronic acid; o-tolueneboric acid,鄰甲苯硼酸,,11097,"<Font html:Color=""#000000"">CH</Font><Sub><Fonthtml:Color=""#000000"">3</Font></Sub><Font html:Color=""#000000"">C</Font><Sub><Fonthtml:Color=""#000000"">6</Font></Sub><Font html:Color=""#000000"">H</Font><Sub><Fonthtml:Color=""#000000"">4</Font></Sub><Font html:Color=""#000000"">B(OH)</Font><Sub><Fonthtml:Color=""#000000"">2</Font></Sub>",2012-11-26
508785,methyl borate {trimethoxyboron},硼酸甲酯,,11447,"<Font html:Color=""#000000"">(CH</Font><Sub><Fonthtml:Color=""#000000"">3</Font></Sub><Font html:Color=""#000000"">O)</Font><Sub><Fonthtml:Color=""#000000"">3</Font></Sub><Font html:Color=""#000000"">B</Font>",2012-11-26
508786,methylborine trimethylamine,三甲胺合甲硼[烷],,7899,"<Font html:Color=""#000000"">(CH</Font><Sub><Fonthtml:Color=""#000000"">3</Font></Sub><Font html:Color=""#000000"">)</Font><Sub><Fonthtml:Color=""#000000"">3</Font></Sub><Font html:Color=""#000000"">NBH</Font><Sub><Fonthtml:Color=""#000000"">2</Font></Sub><Font html:Color=""#000000"">CH</Font><Sub><Fonthtml:Color=""#000000"">3</Font></Sub>",2012-11-26
508788,methyl borate,硼酸[三]甲酯,,化學化合物,"<Font html:Color=""#000000"">(CH</Font><Sub><Fonthtml:Color=""#000000"">3</Font></Sub><Font html:Color=""#000000"">O)</Font><Sub><Fonthtml:Color=""#000000"">3</Font></Sub><Font html:Color=""#000000"">B</Font>",2012-11-26
508789,metaborate,偏硼酸鹽,,化學術語,,2012-11-26
508790,methoxyboron dichloride,二氯化甲氧硼,,7630,"<Font html:Color=""#000000"">CH</Font><Sub><Fonthtml:Color=""#000000"">3</Font></Sub><Font html:Color=""#000000"">OBCl</Font><Sub><Fonthtml:Color=""#000000"">2</Font></Sub>",2012-11-26
508791,methoxyboron difluoride,二氟化甲氧硼,,7631,"<Font html:Color=""#000000"">CH</Font><Sub><Fonthtml:Color=""#000000"">3</Font></Sub><Font html:Color=""#000000"">OBF</Font><Sub><Fonthtml:Color=""#000000"">2</Font></Sub>",2012-11-26
508793,manganese(II) tetraborate,四硼酸錳(II),,化學化合物,"<Font html:Color=""#000000"">MnB</Font><Sub><Fonthtml:Color=""#000000"">4</Font></Sub><Font html:Color=""#000000"">O</Font><Sub><Fonthtml:Color=""#000000"">7</Font></Sub>",2012-11-26
508794,menthyl borate,硼酸【草孟】酯,,7528,"<Font html:Color=""#000000"">C</Font><Sub><Fonthtml:Color=""#000000"">30</Font></Sub><Font html:Color=""#000000"">H</Font><Sub><Fonthtml:Color=""#000000"">57</Font></Sub><Font html:Color=""#000000"">BO</Font><Sub><Fonthtml:Color=""#000000"">3</Font></Sub>",2012-11-26
508795,manganese(II) metaborate,偏硼酸錳(II),,化學化合物,"<Font html:Color=""#000000"">Mn(BO</Font><Sub><Fonthtml:Color=""#000000"">2</Font></Sub><Font html:Color=""#000000"">)</Font><Sub><Fonthtml:Color=""#000000"">2</Font></Sub>",2012-11-26
508796,manganese(II) orthoborate,[正]硼酸錳(II)；原硼酸錳(II),,化學化合物,"<Font html:Color=""#000000"">Mn</Font><Sub><Fonthtml:Color=""#000000"">3</Font></Sub><Font html:Color=""#000000"">(BO</Font><Sub><Fonthtml:Color=""#000000"">3</Font></Sub><Font html:Color=""#000000"">)</Font><Sub><Fonthtml:Color=""#000000"">2</Font></Sub>",2012-11-26
508797,manganese(II) hydrogen orthoborate,[正]硼酸二氫錳(II),,化學化合物,"<Font html:Color=""#000000"">Mn(H</Font><Sub><Fonthtml:Color=""#000000"">2</Font></Sub><Font html:Color=""#000000"">BO</Font><Sub><Fonthtml:Color=""#000000"">3</Font></Sub><Font html:Color=""#000000"">)</Font><Sub><Fonthtml:Color=""#000000"">2</Font></Sub>",2012-11-26
508798,manganese(II) borate; manganous borate,硼酸錳(II),,化學化合物,"<Font html:Color=""#000000"">Mn</Font><Sub><Fonthtml:Color=""#000000"">3</Font></Sub><Font html:Color=""#000000"">(BO</Font><Sub><Fonthtml:Color=""#000000"">3</Font></Sub><Font html:Color=""#000000"">)</Font><Sub><Fonthtml:Color=""#000000"">2</Font></Sub>",2012-11-26
508799,magnesium pyroborate {magnesium diborate},焦硼酸鎂 {二硼酸鎂},,化學化合物,,2012-11-26
508800,magnesium tetraborate,四硼酸鎂,,化學化合物,"<Font html:Color=""#000000"">MgB</Font><Sub><Fonthtml:Color=""#000000"">4</Font></Sub><Font html:Color=""#000000"">O</Font><Sub><Fonthtml:Color=""#000000"">7</Font></Sub>",2012-11-26
508801,magnesium perborate,過硼酸鎂,,化學化合物,"<Font html:Color=""#000000"">Mg(BO</Font><Sub><Fonthtml:Color=""#000000"">3</Font></Sub><Font html:Color=""#000000"">)</Font><Sub><Fonthtml:Color=""#000000"">2</Font></Sub>",2012-11-26
508802,magnesium peroxoborate; magnesium peroxyborate {magnesium perborate},過氧硼酸鎂 {過硼酸鎂},,化學化合物,"<Font html:Color=""#000000"">Mg(BO</Font><Sub><Fonthtml:Color=""#000000"">3</Font></Sub><Font html:Color=""#000000"">)</Font><Sub><Fonthtml:Color=""#000000"">2</Font></Sub>",2012-11-26
508803,magnesium metaborate,偏硼酸鎂,,化學化合物,"<Font html:Color=""#000000"">Mg(BO</Font><Sub><Fonthtml:Color=""#000000"">2</Font></Sub><Font html:Color=""#000000"">)</Font><Sub><Fonthtml:Color=""#000000"">2</Font></Sub>",2012-11-26
508804,magnesium orthoborate,[正]硼酸鎂,,化學化合物,"<Font html:Color=""#000000"">Mg</Font><Sub><Fonthtml:Color=""#000000"">3</Font></Sub><Font html:Color=""#000000"">(BO</Font><Sub><Fonthtml:Color=""#000000"">3</Font></Sub><Font html:Color=""#000000"">)</Font><Sub><Fonthtml:Color=""#000000"">2</Font></Sub>",2012-11-26
508805,magnesium diborate {magnesium pyroborate},二硼酸鎂 {焦硼酸鎂},,化學化合物,"<Font html:Color=""#000000"">Mg</Font><Sub><Fonthtml:Color=""#000000"">2</Font></Sub><Font html:Color=""#000000"">B</Font><Sub><Fonthtml:Color=""#000000"">2</Font></Sub><Font html:Color=""#000000"">O</Font><Sub><Fonthtml:Color=""#000000"">5</Font></Sub>",2012-11-26
508806,magnesium hexaborate,六硼酸鎂,,化學化合物,"<Font html:Color=""#000000"">MgB</Font><Sub><Fonthtml:Color=""#000000"">6</Font></Sub><Font html:Color=""#000000"">O</Font><Sub><Fonthtml:Color=""#000000"">10</Font></Sub>",2012-11-26
508807,lithium peroxyborate; lithium peroxoborate {lithium perborate},過氧硼酸鋰 {過硼酸鋰},,化學化合物,,2012-11-26
508808,lithium tetraborate,四硼酸鋰,,化學化合物,"<Font html:Color=""#000000"">Li</Font><Sub><Fonthtml:Color=""#000000"">2</Font></Sub><Font html:Color=""#000000"">B</Font><Sub><Fonthtml:Color=""#000000"">4</Font></Sub><Font html:Color=""#000000"">O</Font><Sub><Fonthtml:Color=""#000000"">7</Font></Sub>",2012-11-26
508809,magnesium borate,硼酸鎂,,化學化合物,"<Font html:Color=""#000000"">MgB</Font><Sub><Fonthtml:Color=""#000000"">2</Font></Sub><Font html:Color=""#000000"">O</Font><Sub><Fonthtml:Color=""#000000"">4</Font></Sub>",2012-11-26
508810,lithium metaborate,偏硼酸鋰,,化學化合物,"<Font html:Color=""#000000"">LiBO</Font><Sub><Fonthtml:Color=""#000000"">2</Font></Sub>",2012-11-26
508811,lithium monoborate,單硼酸鋰,,化學化合物,"<Font html:Color=""#000000"">LiBO</Font><Sub><Fonthtml:Color=""#000000"">2</Font></Sub>",2012-11-26
508812,lithium pentaborate,五硼酸鋰,,化學化合物,"<Font html:Color=""#000000"">LiB</Font><Sub><Fonthtml:Color=""#000000"">5</Font></Sub><Font html:Color=""#000000"">O</Font><Sub><Fonthtml:Color=""#000000"">8</Font></Sub>",2012-11-26
508813,lithium borohydride; lithium boron hydride,硼氫化鋰,,化學化合物,"<Font html:Color=""#000000"">LiBH</Font><Sub><Fonthtml:Color=""#000000"">4</Font></Sub>",2012-11-26
508814,lithium decaborate,十硼酸鋰,,化學化合物,"<Font html:Color=""#000000"">Li</Font><Sub><Fonthtml:Color=""#000000"">2</Font></Sub><Font html:Color=""#000000"">B</Font><Sub><Fonthtml:Color=""#000000"">10</Font></Sub><Font html:Color=""#000000"">O</Font><Sub><Fonthtml:Color=""#000000"">16</Font></Sub>",2012-11-26
508815,lead metaborate,偏硼酸鉛(II),,化學化合物,"<Font html:Color=""#000000"">Pb(BO</Font><Sub><Fonthtml:Color=""#000000"">2</Font></Sub><Font html:Color=""#000000"">)</Font><Sub><Fonthtml:Color=""#000000"">2</Font></Sub>",2012-11-26
508816,lead tetraborate,四硼酸鉛(IV),,化學化合物,"<Font html:Color=""#000000"">PbB</Font><Sub><Fonthtml:Color=""#000000"">4</Font></Sub><Font html:Color=""#000000"">O</Font><Sub><Fonthtml:Color=""#000000"">7</Font></Sub>",2012-11-26
508817,lithium borate; lithium biborate; lithium tetraborate,硼酸鋰,,化學化合物,"<Font html:Color=""#000000"">Li</Font><Sub><Fonthtml:Color=""#000000"">2</Font></Sub><Font html:Color=""#000000"">B</Font><Sub><Fonthtml:Color=""#000000"">4</Font></Sub><Font html:Color=""#000000"">O</Font><Sub><Fonthtml:Color=""#000000"">7</Font></Sub>",2012-11-26
508818,hydroboron,硼氫化物,,化學術語,,2012-11-26
508819,isoamyl borate,硼酸異戊酯,,6732,"<Font html:Color=""#000000"">B(OC</Font><Sub><Fonthtml:Color=""#000000"">5</Font></Sub><Font html:Color=""#000000"">H</Font><Sub><Fonthtml:Color=""#000000"">11</Font></Sub><Font html:Color=""#000000"">)</Font><Sub><Fonthtml:Color=""#000000"">3</Font></Sub>",2012-11-26
508820,isobutyl borate,硼酸異丁酯,,6808,"<Font html:Color=""#000000"">B(OC</Font><Sub><Fonthtml:Color=""#000000"">4</Font></Sub><Font html:Color=""#000000"">H</Font><Sub><Fonthtml:Color=""#000000"">9</Font></Sub><Font html:Color=""#000000"">)</Font><Sub><Fonthtml:Color=""#000000"">3</Font></Sub>",2012-11-26
508821,lead borate,硼酸鉛(II),,化學化合物,"<Font html:Color=""#000000"">Pb(BO</Font><Sub><Fonthtml:Color=""#000000"">2</Font></Sub><Font html:Color=""#000000"">)</Font><Sub><Fonthtml:Color=""#000000"">2</Font></Sub><Font html:Color=""#000000"">·H</Font><Sub><Fonthtml:Color=""#000000"">2</Font></Sub><Font html:Color=""#000000"">O</Font>",2012-11-26
508822,ferroboron,硼鐵合金,,化學術語,,2012-11-26
508823,fluoroborate,氟硼酸鹽,,化學術語,,2012-11-26
508824,fluoro-boron-complex,氟硼錯合物,,化學術語,,2012-11-26
508825,gallium borohydride; gallium boron hydride,硼氫化鎵(III),,化學化合物,"<Font html:Color=""#000000"">Ga(BH</Font><Sub><Fonthtml:Color=""#000000"">4</Font></Sub><Font html:Color=""#000000"">)</Font><Sub><Fonthtml:Color=""#000000"">3</Font></Sub>",2012-11-26
508826,hexaboron silicide,矽化六硼,,化學化合物,"<Font html:Color=""#000000"">B</Font><Sub><Fonthtml:Color=""#000000"">6</Font></Sub><Font html:Color=""#000000"">Si &#160;</Font>",2012-11-26
508827,ethylboron dihydroxide {ethylboric acid },二氫氧化乙硼 {乙硼酸},,化學化合物,"<Font html:Color=""#000000"">&#160;C</Font><Sub><Fonthtml:Color=""#000000"">2</Font></Sub><Font html:Color=""#000000"">H</Font><Sub><Fonthtml:Color=""#000000"">5</Font></Sub><Font html:Color=""#000000"">B(OH)</Font><Sub><Fonthtml:Color=""#000000"">2</Font></Sub>",2012-11-26
508828,ethylboron dihydroxide {ethylboric acid},二氫氧化乙硼,,4936,"<Font html:Color=""#000000"">C</Font><Sub><Fonthtml:Color=""#000000"">2</Font></Sub><Font html:Color=""#000000"">H</Font><Sub><Fonthtml:Color=""#000000"">5</Font></Sub><Font html:Color=""#000000"">B(OH)</Font><Sub><Fonthtml:Color=""#000000"">2</Font></Sub>",2012-11-26
508829,ethylboric acid; ethylboronic acid {ethylboron dihydroxide},乙[基]硼酸 {二氫氧化乙硼},,化學化合物,"<Font html:Color=""#000000"">&#160;C</Font><Sub><Fonthtml:Color=""#000000"">2</Font></Sub><Font html:Color=""#000000"">H</Font><Sub><Fonthtml:Color=""#000000"">5</Font></Sub><Font html:Color=""#000000"">B(OH)</Font><Sub><Fonthtml:Color=""#000000"">2</Font></Sub>",2012-11-26
508830,triethoxyboron {ethyl borate},三乙氧硼 {硼酸乙酯},,11344,"<Font html:Color=""#000000"">B(OC</Font><Sub><Fonthtml:Color=""#000000"">2</Font></Sub><Font html:Color=""#000000"">H</Font><Sub><Fonthtml:Color=""#000000"">5</Font></Sub><Font html:Color=""#000000"">)</Font><Sub><Fonthtml:Color=""#000000"">3</Font></Sub>",2012-11-26
508831,ethyl borate {triethoxyboron},硼酸乙酯 {三乙氧硼},,4935,"<Font html:Color=""#000000"">B(OC</Font><Sub><Fonthtml:Color=""#000000"">2</Font></Sub><Font html:Color=""#000000"">H</Font><Sub><Fonthtml:Color=""#000000"">5</Font></Sub><Font html:Color=""#000000"">)</Font><Sub><Fonthtml:Color=""#000000"">3</Font></Sub>",2012-11-26
508832,ethaneboronic acid; ethylboronic acid; ethylboric acid {ethylboron dihydroxide},乙[基]硼酸 {二氫氧化乙硼},,4807,"<Font html:Color=""#000000"">C</Font><Sub><Fonthtml:Color=""#000000"">2</Font></Sub><Font html:Color=""#000000"">H</Font><Sub><Fonthtml:Color=""#000000"">5</Font></Sub><Font html:Color=""#000000"">B(OH)</Font><Sub><Fonthtml:Color=""#000000"">2</Font></Sub>",2012-11-26
508834,ethoxyboron dichloride,二氯化乙氧硼,,4868,"<Font html:Color=""#000000"">(C</Font><Sub><Fonthtml:Color=""#000000"">2</Font></Sub><Font html:Color=""#000000"">H</Font><Sub><Fonthtml:Color=""#000000"">5</Font></Sub><Font html:Color=""#000000"">O)BCl</Font><Sub><Fonthtml:Color=""#000000"">2</Font></Sub>",2012-11-26
508835,diphenylboron bromide,溴化二苯硼,,化學化合物,B(C6H5)2Br&#160;,2012-11-26
508836,dimethylboron iodide,碘化二甲硼,,4100,"<Font html:Color=""#000000"">(CH</Font><Sub><Fonthtml:Color=""#000000"">3</Font></Sub><Font html:Color=""#000000"">)</Font><Sub><Fonthtml:Color=""#000000"">2</Font></Sub><Font html:Color=""#000000"">BI</Font>",2012-11-26
508837,dimethoxyboron chloride,氯化二(甲氧)硼,,化學化合物,"<Font html:Color=""#000000"">(CH</Font><Sub><Fonthtml:Color=""#000000"">3</Font></Sub><Font html:Color=""#000000"">O)</Font><Sub><Fonthtml:Color=""#000000"">2</Font></Sub><Font html:Color=""#000000"">BCl</Font>",2012-11-26
508838,dimethylborine; trimethylamine,三甲胺合二甲硼[烷],,4099,"<Font html:Color=""#000000"">(CH</Font><Sub><Fonthtml:Color=""#000000"">3</Font></Sub><Font html:Color=""#000000"">)</Font><Sub><Fonthtml:Color=""#000000"">3</Font></Sub><Font html:Color=""#000000"">NBH(CH</Font><Sub><Fonthtml:Color=""#000000"">3</Font></Sub><Font html:Color=""#000000"">)</Font><Sub><Fonthtml:Color=""#000000"">2</Font></Sub>",2012-11-26
508840,diisoamyloxyboron chloride,氯化二(異戊氧)硼,,3945,"<Font html:Color=""#000000"">(C</Font><Sub><Fonthtml:Color=""#000000"">5</Font></Sub><Font html:Color=""#000000"">H</Font><Sub><Fonthtml:Color=""#000000"">11</Font></Sub><Font html:Color=""#000000"">O)</Font><Sub><Fonthtml:Color=""#000000"">2</Font></Sub><Font html:Color=""#000000"">BCl</Font>",2012-11-26
508841,dimethoxyborine; dimethoxyborane,二甲氧硼[烷],,4005,"<Font html:Color=""#000000"">(CH</Font><Sub><Fonthtml:Color=""#000000"">3</Font></Sub><Font html:Color=""#000000"">O)</Font><Sub><Fonthtml:Color=""#000000"">2</Font></Sub><Font html:Color=""#000000"">BH</Font>",2012-11-26
508842,diborate ,二硼酸鹽,,化學術語,,2012-11-26
508843,diethoxyboron chloride,氯化二(乙氧)硼,,3709,"<Font html:Color=""#000000"">(C</Font><Sub><Fonthtml:Color=""#000000"">2</Font></Sub><Font html:Color=""#000000"">H</Font><Sub><Fonthtml:Color=""#000000"">5</Font></Sub><Font html:Color=""#000000"">O)</Font><Sub><Fonthtml:Color=""#000000"">2</Font></Sub><Font html:Color=""#000000"">BCl</Font>",2012-11-26
508844,diborane,二硼烷,,化學化合物,"<Font html:Color=""#000000"">B</Font><Sub><Fonthtml:Color=""#000000"">2</Font></Sub><Font html:Color=""#000000"">H</Font><Sub><Fonthtml:Color=""#000000"">6</Font></Sub>",2012-11-26
508845,cupric metaborate,偏硼酸銅(II),,化學化合物,"<Font html:Color=""#000000"">Cu(BO</Font><Sub><Fonthtml:Color=""#000000"">2</Font></Sub><Font html:Color=""#000000"">)</Font><Sub><Fonthtml:Color=""#000000"">2</Font></Sub>",2012-11-26
508846,copper(II) borate; cupric borate,硼酸銅(II),,化學化合物,"<Font html:Color=""#000000"">CuB</Font><Sub><Fonthtml:Color=""#000000"">4</Font></Sub><Font html:Color=""#000000"">O</Font><Sub><Fonthtml:Color=""#000000"">7</Font></Sub>",2012-11-26
508847,chloroborate,氯硼鹽酸,,化學術語,,2012-11-26
508848,copper(II) borate; copper(II) tetraborate,[四]硼酸銅(II),,化學化合物,"<Font html:Color=""#000000"">CuB</Font><Sub><Fonthtml:Color=""#000000"">4</Font></Sub><Font html:Color=""#000000"">O</Font><Sub><Fonthtml:Color=""#000000"">7</Font></Sub>",2012-11-26
508849,copper(II) metaborate,偏硼酸銅(II),,化學化合物,"<Font html:Color=""#000000"">Cu(BO</Font><Sub><Fonthtml:Color=""#000000"">2</Font></Sub><Font html:Color=""#000000"">)</Font><Sub><Fonthtml:Color=""#000000"">2</Font></Sub>",2012-11-26
508850,calcium tetraborate,四硼酸鈣,,化學化合物,"<Font html:Color=""#000000"">CaB</Font><Sub><Fonthtml:Color=""#000000"">4</Font></Sub><Font html:Color=""#000000"">O</Font><Sub><Fonthtml:Color=""#000000"">7</Font></Sub>",2012-11-26
508851,copper(II) tetraborate,四硼酸銅(II),,化學化合物,"<Font html:Color=""#000000"">CuB</Font><Sub><Fonthtml:Color=""#000000"">4</Font></Sub><Font html:Color=""#000000"">O</Font><Sub><Fonthtml:Color=""#000000"">7</Font></Sub>",2012-11-26
508852,carborane,碳硼烷,,化學術語,,2012-11-26
508853,calcium borate; calcium tetraborate,[四]硼酸鈣,,化學化合物,"<Font html:Color=""#000000"">CaB</Font><Sub><Fonthtml:Color=""#000000"">4</Font></Sub><Font html:Color=""#000000"">O</Font><Sub><Fonthtml:Color=""#000000"">7</Font></Sub>",2012-11-26
508854,calcium metaborate,偏硼酸鈣,,化學化合物,"<Font html:Color=""#000000"">Ca(BO</Font><Sub><Fonthtml:Color=""#000000"">2</Font></Sub><Font html:Color=""#000000"">)</Font><Sub><Fonthtml:Color=""#000000"">2</Font></Sub>",2012-11-26
508855,cadmium tetraborate,四硼酸鎘,,化學化合物,"<Font html:Color=""#000000"">CdB</Font><Sub><Fonthtml:Color=""#000000"">4</Font></Sub><Font html:Color=""#000000"">O</Font><Sub><Fonthtml:Color=""#000000"">7</Font></Sub>",2012-11-26
508856,cadmium orthoborate,[正]硼酸鎘,,化學化合物,"<Font html:Color=""#000000"">Cd</Font><Sub><Fonthtml:Color=""#000000"">3</Font></Sub><Font html:Color=""#000000"">(BO</Font><Sub><Fonthtml:Color=""#000000"">3</Font></Sub><Font html:Color=""#000000"">)</Font><Sub><Fonthtml:Color=""#000000"">2</Font></Sub>",2012-11-26
508857,cadmium borate,硼酸鎘,,化學化合物,"<Font html:Color=""#000000"">Cd</Font><Sub><Fonthtml:Color=""#000000"">3</Font></Sub><Font html:Color=""#000000"">(BO</Font><Sub><Fonthtml:Color=""#000000"">3</Font></Sub><Font html:Color=""#000000"">)</Font><Sub><Fonthtml:Color=""#000000"">2</Font></Sub>",2012-11-26
508858,butylboron dihydroxide {butylboric acid},二氫氧化丁硼 {丁基硼酸},,化學化合物,"<Font html:Color=""#000000"">&#160;C</Font><Sub><Fonthtml:Color=""#000000"">4</Font></Sub><Font html:Color=""#000000"">H</Font><Sub><Fonthtml:Color=""#000000"">9</Font></Sub><Font html:Color=""#000000"">B(OH)</Font><Sub><Fonthtml:Color=""#000000"">2</Font></Sub>",2012-11-26
508859,butylboric acid {butylboron dihydroxide},丁基硼酸 {二氫氧化丁硼},,化學化合物,"<Font html:Color=""#000000"">&#160;C</Font><Sub><Fonthtml:Color=""#000000"">4</Font></Sub><Font html:Color=""#000000"">H</Font><Sub><Fonthtml:Color=""#000000"">9</Font></Sub><Font html:Color=""#000000"">B(OH)</Font><Sub><Fonthtml:Color=""#000000"">2</Font></Sub>",2012-11-26
508861,butylboron dihydroxide{butylboric acid},二氫氧化丁[基]硼 ,,1928,"<Font html:Color=""#000000"">C</Font><Sub><Fonthtml:Color=""#000000"">4</Font></Sub><Font html:Color=""#000000"">H</Font><Sub><Fonthtml:Color=""#000000"">9</Font></Sub><Font html:Color=""#000000"">B(OH)</Font><Sub><Fonthtml:Color=""#000000"">2</Font></Sub>",2012-11-26
508862,butylboric acid {butylboron dihydroxide},丁[基]硼酸 {二氫氧化丁[基]硼},,2021,"<Font html:Color=""#000000"">C</Font><Sub><Fonthtml:Color=""#000000"">4</Font></Sub><Font html:Color=""#000000"">H</Font><Sub><Fonthtml:Color=""#000000"">9</Font></Sub><Font html:Color=""#000000"">B(OH)</Font><Sub><Fonthtml:Color=""#000000"">2</Font></Sub>",2012-11-26
508863,boron trisulfide,三硫化二硼；硫化硼,,化學化合物,"<Font html:Color=""#000000"">B</Font><Sub><Fonthtml:Color=""#000000"">2</Font></Sub><Font html:Color=""#000000"">S</Font><Sub><Fonthtml:Color=""#000000"">3</Font></Sub>",2012-11-26
508864,butyl borate,硼酸丁酯,,1927,"<Font html:Color=""#000000"">B(OC</Font><Sub><Fonthtml:Color=""#000000"">4</Font></Sub><Font html:Color=""#000000"">H</Font><Sub><Fonthtml:Color=""#000000"">9</Font></Sub><Font html:Color=""#000000"">)</Font><Sub><Fonthtml:Color=""#000000"">3</Font></Sub>",2012-11-26
508865,boron triiodide,三碘化硼,,化學化合物,"<Font html:Color=""#000000"">BI</Font><Sub><Fonthtml:Color=""#000000"">3</Font></Sub>",2012-11-26
508866,boron trioxide; boron oxide,三氧化二硼；氧化硼,,化學化合物,"<Font html:Color=""#000000"">B</Font><Sub><Fonthtml:Color=""#000000"">2</Font></Sub><Font html:Color=""#000000"">O</Font><Sub><Fonthtml:Color=""#000000"">3</Font></Sub>",2012-11-26
508867,boron trichloride,三氯化硼,,化學化合物,"<Font html:Color=""#000000"">BCl</Font><Sub><Fonthtml:Color=""#000000"">3</Font></Sub>",2012-11-26
508868,boron trifluoride,三氟化硼,,化學化合物,"<Font html:Color=""#000000"">BF</Font><Sub><Fonthtml:Color=""#000000"">3</Font></Sub>",2012-11-26
508869,boron trifluoride etherate,乙醚合三氟化硼,,1704,"<Font html:Color=""#000000"">(CH</Font><Sub><Fonthtml:Color=""#000000"">3</Font></Sub><Font html:Color=""#000000"">CH</Font><Sub><Fonthtml:Color=""#000000"">2</Font></Sub><Font html:Color=""#000000"">)</Font><Sub><Fonthtml:Color=""#000000"">2</Font></Sub><Font html:Color=""#000000"">OBF</Font><Sub><Fonthtml:Color=""#000000"">3</Font></Sub>",2012-11-26
508870,boron thermopile,硼熱電堆,,化學術語,,2012-11-26
508871,boron tetrachloride,四氯化二硼,,化學化合物,"<Font html:Color=""#000000"">B</Font><Sub><Fonthtml:Color=""#000000"">2</Font></Sub><Font html:Color=""#000000"">Cl</Font><Sub><Fonthtml:Color=""#000000"">4</Font></Sub>",2012-11-26
508872,boron tribromide,三溴化硼,,化學化合物,"<Font html:Color=""#000000"">BBr</Font><Sub><Fonthtml:Color=""#000000"">3</Font></Sub>",2012-11-26
508873,boron subbromide,次溴化硼,,化學化合物,"<Font html:Color=""#000000"">B</Font><Sub><Fonthtml:Color=""#000000"">2</Font></Sub><Font html:Color=""#000000"">Br</Font><Sub><Fonthtml:Color=""#000000"">4</Font></Sub>",2012-11-26
508874,boron subchloride,次氯化硼,,化學化合物,"<Font html:Color=""#000000"">B</Font><Sub><Fonthtml:Color=""#000000"">2</Font></Sub><Font html:Color=""#000000"">Cl</Font><Sub><Fonthtml:Color=""#000000"">4</Font></Sub>",2012-11-26
508875,boron polymer,硼聚合物,,化學術語,,2012-11-26
508876,boron selenide,硒化硼；三硒化二硼,,化學化合物,"<Font html:Color=""#000000"">B</Font><Sub><Fonthtml:Color=""#000000"">2</Font></Sub><Font html:Color=""#000000"">Se</Font><Sub><Fonthtml:Color=""#000000"">3</Font></Sub>",2012-11-26
508879,boron tetrabromide,四溴化二硼,,化學化合物,"<Font html:Color=""#000000"">B</Font><Sub><Fonthtml:Color=""#000000"">2</Font></Sub><Font html:Color=""#000000"">Br</Font><Sub><Fonthtml:Color=""#000000"">4</Font></Sub>",2012-11-26
508880,boron steel,硼鋼,,化學術語,,2012-11-26
508881,boron phosphide,磷化硼,,化學化合物,BP,2012-11-26
508882,boron phosphate,磷酸硼,,化學化合物,"<Font html:Color=""#000000"">BPO</Font><Sub><Fonthtml:Color=""#000000"">4</Font></Sub>",2012-11-26
508883,boron pentasulfide,五硫化二硼,,化學化合物,"<Font html:Color=""#000000"">B</Font><Sub><Fonthtml:Color=""#000000"">2</Font></Sub><Font html:Color=""#000000"">S</Font><Sub><Fonthtml:Color=""#000000"">5</Font></Sub>",2012-11-26
508884,boron oxide,氧化硼,,化學化合物,"<Font html:Color=""#000000"">B</Font><Sub><Fonthtml:Color=""#000000"">2</Font></Sub><Font html:Color=""#000000"">O</Font><Sub><Fonthtml:Color=""#000000"">3</Font></Sub>",2012-11-26
508885,boron nitride,氮化硼,,化學化合物,BN,2012-11-26
508886,boron nitride fiber,氮化硼纖維,,化學術語,,2012-11-26
508887,boron monobromide diiodide,一溴二碘化硼,,化學化合物,"<Font html:Color=""#000000"">BBrI</Font><Sub><Fonthtml:Color=""#000000"">2</Font></Sub>",2012-11-26
508888,boron iodide,[三]碘化硼,,化學化合物,"<Font html:Color=""#000000"">BI</Font><Sub><Fonthtml:Color=""#000000"">3</Font></Sub>",2012-11-26
508889,boron imide,亞胺化硼,,化學化合物,"<Font html:Color=""#000000"">B</Font><Sub><Fonthtml:Color=""#000000"">2</Font></Sub><Font html:Color=""#000000"">(NH)</Font><Sub><Fonthtml:Color=""#000000"">3</Font></Sub>",2012-11-26
508890,boron monoxide,一氧化硼,,化學化合物,"<Font html:Color=""#000000"">(BO)</Font><Sub><Fonthtml:Color=""#000000"">x</Font></Sub>",2012-11-26
508891,boron hydroxide {orthoboric acid},氫氧化硼 {[正]硼酸；原硼酸},,化學化合物,"<Font html:Color=""#000000"">&#160;H</Font><Sub><Fonthtml:Color=""#000000"">3</Font></Sub><Font html:Color=""#000000"">BO</Font><Sub><Fonthtml:Color=""#000000"">3</Font></Sub>",2012-11-26
508892,orthoboric acid {boron hydroxide},[正]硼酸；原硼酸 {氫氧化硼},,化學化合物,"<Font html:Color=""#000000"">&#160;H</Font><Sub><Fonthtml:Color=""#000000"">3</Font></Sub><Font html:Color=""#000000"">BO</Font><Sub><Fonthtml:Color=""#000000"">3</Font></Sub>",2012-11-26
508893,boron fuel,硼燃料,,化學術語,,2012-11-26
508894,boron hydroxide,氫氧化硼,,化學化合物,"<Font html:Color=""#000000"">B(OH)</Font><Sub><Fonthtml:Color=""#000000"">3</Font></Sub>",2012-11-26
508895,boron fluoride; boron trifluoride,[三]氟化硼,,化學化合物,"<Font html:Color=""#000000"">BF</Font><Sub><Fonthtml:Color=""#000000"">3</Font></Sub><Font html:Color=""#000000""> &#160;</Font>",2012-11-26
508896,boron chloride; boron trichloride,[三]氯化硼,,化學化合物,"<Font html:Color=""#000000"">BCl</Font><Sub><Fonthtml:Color=""#000000"">3</Font></Sub>",2012-11-26
508897,boron counter,硼數計；硼計數器,,化學術語,,2012-11-26
508898,boron carbide; tetraboron carbide,碳化[四]硼,,化學化合物,"<Font html:Color=""#000000"">B</Font><Sub><Fonthtml:Color=""#000000"">4</Font></Sub><Font html:Color=""#000000"">C</Font>",2012-11-26
508899,boron fiber; boron filament,硼絲,,化學術語,,2012-11-26
508900,boron dibromide monoiodide,二溴一碘化硼,,化學化合物,"<Font html:Color=""#000000"">BIBr</Font><Sub><Fonthtml:Color=""#000000"">2</Font></Sub>",2012-11-26
508901,boron dibromide iodide,二溴碘化硼,,化學化合物,"<Font html:Color=""#000000"">BBr</Font><Sub><Fonthtml:Color=""#000000"">2</Font></Sub><Font html:Color=""#000000"">I</Font>",2012-11-26
508902,boron chamber,硼室,,化學術語,,2012-11-26
508903,boron bromide; boron tribromide,[三]溴化硼,,化學化合物,"<Font html:Color=""#000000"">BBr</Font><Sub><Fonthtml:Color=""#000000"">3</Font></Sub><Font html:Color=""#000000"">&#160;</Font>",2012-11-26
508904,boron carbide,碳化硼,,化學術語,,2012-11-26
508906,boron,硼,,化學化合物,B,2012-11-26
508907,boron alloy,硼合金,,化學術語,,2012-11-26
508908,boron amide {boron amine},胺化硼 {硼胺},,化學化合物,"<Font html:Color=""#000000"">B(NH</Font><Sub><Fonthtml:Color=""#000000"">2</Font></Sub><Font html:Color=""#000000"">)</Font><Sub><Fonthtml:Color=""#000000"">3</Font></Sub>",2012-11-26
508909,boron amine {boron amide},硼胺 {胺化硼},,化學化合物,"<Font html:Color=""#000000"">B(NH</Font><Sub><Fonthtml:Color=""#000000"">2</Font></Sub><Font html:Color=""#000000"">)</Font><Sub><Fonthtml:Color=""#000000"">3</Font></Sub>",2012-11-26
508910,boron arsenate,砷酸硼,,化學化合物,"<Font html:Color=""#000000"">BAsO</Font><Sub><Fonthtml:Color=""#000000"">4</Font></Sub>",2012-11-26
508911,borate,硼酸鹽,,化學術語,,2012-11-26
508912,borane; borine; borone,硼烷,,化學化合物,,2012-11-26
508913,borane,硼烷,,化學術語,,2012-11-26
508914,borane,甲硼烷,,化學化合物,,2012-11-26
508915,benzeneboronic acid; phenylboric acid,苯[基]硼酸,,1210,"<Font html:Color=""#000000"">C</Font><Sub><Fonthtml:Color=""#000000"">6</Font></Sub><Font html:Color=""#000000"">H</Font><Sub><Fonthtml:Color=""#000000"">5</Font></Sub><Font html:Color=""#000000"">B(OH)</Font><Sub><Fonthtml:Color=""#000000"">2</Font></Sub>",2012-11-26
508916,bismuth borate,硼酸鉍(III),,化學化合物,"<Font html:Color=""#000000"">BiBO</Font><Sub><Fonthtml:Color=""#000000"">3</Font></Sub>",2012-11-26
508917,benzeneboronic acid; phenylboric acid,苯硼酸,,化學化合物,,2012-11-26
508918,barium pyroborate,焦硼酸鋇,,化學化合物,"<Font html:Color=""#000000"">Ba</Font><Sub><Fonthtml:Color=""#000000"">2</Font></Sub><Font html:Color=""#000000"">B</Font><Sub><Fonthtml:Color=""#000000"">2</Font></Sub><Font html:Color=""#000000"">O</Font><Sub><Fonthtml:Color=""#000000"">5</Font></Sub>",2012-11-26
508919,barium tetraborate,四硼酸鋇,,化學化合物,"<Font html:Color=""#000000"">BaB</Font><Sub><Fonthtml:Color=""#000000"">4</Font></Sub><Font html:Color=""#000000"">O</Font><Sub><Fonthtml:Color=""#000000"">7</Font></Sub>",2012-11-26
508920,barium metaborate,偏硼酸鋇,,化學化合物,"<Font html:Color=""#000000"">Ba(BO</Font><Sub><Fonthtml:Color=""#000000"">2</Font></Sub><Font html:Color=""#000000"">)</Font><Sub><Fonthtml:Color=""#000000"">2</Font></Sub>",2012-11-26
508921,barium orthoborate,[正]硼酸鋇,,化學化合物,"<Font html:Color=""#000000"">Ba</Font><Sub><Fonthtml:Color=""#000000"">3</Font></Sub><Font html:Color=""#000000"">(BO</Font><Sub><Fonthtml:Color=""#000000"">3</Font></Sub><Font html:Color=""#000000"">)</Font><Sub><Fonthtml:Color=""#000000"">2</Font></Sub>",2012-11-26
508922,barium fluoroborate,氟硼酸鋇,,化學化合物,"<Font html:Color=""#000000"">Ba(BF</Font><Sub><Fonthtml:Color=""#000000"">4</Font></Sub><Font html:Color=""#000000"">)</Font><Sub><Fonthtml:Color=""#000000"">2</Font></Sub>",2012-11-26
508923,barium fluoborate; barium fluoroborate; barium fluorborate {barium borofluoride},氟硼酸鋇 {硼氟化鋇},,化學化合物,"<Font html:Color=""#000000"">Ba(BF</Font><Sub><Fonthtml:Color=""#000000"">4</Font></Sub><Font html:Color=""#000000"">)</Font><Sub><Fonthtml:Color=""#000000"">2</Font></Sub>",2012-11-26
508924,barium diborate,二硼酸鋇,,化學化合物,"<Font html:Color=""#000000"">Ba</Font><Sub><Fonthtml:Color=""#000000"">2</Font></Sub><Font html:Color=""#000000"">B</Font><Sub><Fonthtml:Color=""#000000"">2</Font></Sub><Font html:Color=""#000000"">O</Font><Sub><Fonthtml:Color=""#000000"">5</Font></Sub>",2012-11-26
508925,barium borofluoride {barium fluoroborate},硼氟化鋇 {氟硼酸鋇},,化學化合物,"<Font html:Color=""#000000"">&#160;Ba(BF</Font><Sub><Fonthtml:Color=""#000000"">4</Font></Sub><Font html:Color=""#000000"">)</Font><Sub><Fonthtml:Color=""#000000"">2</Font></Sub>",2012-11-26
508926,ammonium tetraborate,四硼酸銨,,化學化合物,"<Font html:Color=""#000000"">(NH</Font><Sub><Fonthtml:Color=""#000000"">4</Font></Sub><Font html:Color=""#000000"">)</Font><Sub><Fonthtml:Color=""#000000"">2</Font></Sub><Font html:Color=""#000000"">B</Font><Sub><Fonthtml:Color=""#000000"">4</Font></Sub><Font html:Color=""#000000"">O</Font><Sub><Fonthtml:Color=""#000000"">7</Font></Sub>",2012-11-26
508927,amyl borate,硼酸戊酯,,744,"<Font html:Color=""#000000"">B(OC</Font><Sub><Fonthtml:Color=""#000000"">5</Font></Sub><Font html:Color=""#000000"">H</Font><Sub><Fonthtml:Color=""#000000"">11</Font></Sub><Font html:Color=""#000000"">)</Font><Sub><Fonthtml:Color=""#000000"">3</Font></Sub>",2012-11-26
508928,barium borate,硼酸鋇,,化學化合物,"<Font html:Color=""#000000"">Ba</Font><Sub><Fonthtml:Color=""#000000"">3</Font></Sub><Font html:Color=""#000000"">(BO</Font><Sub><Fonthtml:Color=""#000000"">3</Font></Sub><Font html:Color=""#000000"">)</Font><Sub><Fonthtml:Color=""#000000"">2</Font></Sub>",2012-11-26
508929,arylboron halide,芳硼鹵化物,,化學術語,,2012-11-26
508930,ammonium pentaborate,五硼酸銨,,化學化合物,"<Font html:Color=""#000000"">NH</Font><Sub><Fonthtml:Color=""#000000"">4</Font></Sub><Font html:Color=""#000000"">B</Font><Sub><Fonthtml:Color=""#000000"">5</Font></Sub><Font html:Color=""#000000"">O</Font><Sub><Fonthtml:Color=""#000000"">8</Font></Sub>",2012-11-26
508931,ammonium perborate,過硼酸銨,,化學化合物,"<Font html:Color=""#000000"">NH</Font><Sub><Fonthtml:Color=""#000000"">4</Font></Sub><Font html:Color=""#000000"">BO</Font><Sub><Fonthtml:Color=""#000000"">3</Font></Sub>",2012-11-26
508932,aluminum borate,硼酸鋁,,化學化合物,"<Font html:Color=""#000000"">AlBO</Font><Sub><Fonthtml:Color=""#000000"">3</Font></Sub><Font html:Color=""#000000"">; Al</Font><Sub><Fonthtml:Color=""#000000"">2</Font></Sub><Font html:Color=""#000000"">O</Font><Sub><Fonthtml:Color=""#000000"">3</Font></Sub><Font html:Color=""#000000"">·B</Font><Sub><Fonthtml:Color=""#000000"">2</Font></Sub><Font html:Color=""#000000"">O</Font><Sub><Fonthtml:Color=""#000000"">3</Font></Sub><Font html:Color=""#000000""> </Font>",2012-11-26
508933,ammonium acid tetraborate,酸式四硼酸銨 ,,化學化合物,"<Font html:Color=""#000000"">(NH</Font><Sub><Fonthtml:Color=""#000000"">4</Font></Sub><Font html:Color=""#000000"">)HB</Font><Sub><Fonthtml:Color=""#000000"">4</Font></Sub><Font html:Color=""#000000"">O</Font><Sub><Fonthtml:Color=""#000000"">7</Font></Sub>",2012-11-26
508934,alkyl boranes,烷基硼[烷]類,,化學術語,,2012-11-26
508935,ammonium fluoroborate,[四]氟硼酸銨,,化學化合物,"<Font html:Color=""#000000"">NH</Font><Sub><Fonthtml:Color=""#000000"">4</Font></Sub><Font html:Color=""#000000"">BF</Font><Sub><Fonthtml:Color=""#000000"">4</Font></Sub><Font html:Color=""#000000"">&#160;</Font>",2012-11-26
508936,1-propaneboronic acid {propylboric acid},1-丙硼酸 {丙硼酸},,9643,"<Font html:Color=""#000000"">C</Font><Sub><Fonthtml:Color=""#000000"">3</Font></Sub><Font html:Color=""#000000"">H</Font><Sub><Fonthtml:Color=""#000000"">7</Font></Sub><Font html:Color=""#000000"">B(OH)</Font><Sub><Fonthtml:Color=""#000000"">2</Font></Sub>",2012-11-26
508937,isoamylboric acid {3-methyl-1-butaneboronic acid},異戊硼酸 {3-甲-1-丁硼酸} ,,化學化合物,"<Font html:Color=""#000000"">&#160;C</Font><Sub><Fonthtml:Color=""#000000"">5</Font></Sub><Font html:Color=""#000000"">H</Font><Sub><Fonthtml:Color=""#000000"">11</Font></Sub><Font html:Color=""#000000"">B(OH)</Font><Sub><Fonthtml:Color=""#000000"">2</Font></Sub>",2012-11-26
508938,3-methyl-1-butaneboronic acid {isoamylboric acid},3-甲-1-丁[基]硼酸 {異戊硼酸},,7889,"<Font html:Color=""#000000"">C</Font><Sub><Fonthtml:Color=""#000000"">5</Font></Sub><Font html:Color=""#000000"">H</Font><Sub><Fonthtml:Color=""#000000"">11</Font></Sub><Font html:Color=""#000000"">B(OH)</Font><Sub><Fonthtml:Color=""#000000"">2</Font></Sub>",2012-11-26
508939,propylboric acid {1-propaneboronic acid},丙硼酸 {1-丙硼酸},,化學化合物,"<Font html:Color=""#000000"">C</Font><Sub><Fonthtml:Color=""#000000"">3</Font></Sub><Font html:Color=""#000000"">H</Font><Sub><Fonthtml:Color=""#000000"">7</Font></Sub><Font html:Color=""#000000"">B(OH)</Font><Sub><Fonthtml:Color=""#000000"">2</Font></Sub>",2012-11-26
