ID,英文名詞,中文名詞,審譯日期,更新日期
21381924,abrasion action,磨蝕作用,113.06.14,
21381925,abrasives ,研磨料；研磨物 ,113.06.14,
21381926,absolute age ,絕對年齡 ,113.06.14,
21381927,absolute dating,絕對定年,113.06.14,
21381928,absolute solid density ,絕對固體密度,113.04.25,
21381929,absorbed layer ,吸收層 ,113.06.14,
21381930,absorbed water ,吸收水 ,113.06.14,
21381931,absorption limit ,吸收界限 ,113.06.14,
21381932,absorption loss ,吸收損失 ,113.06.14,
21381933,abutment ,橋台；壩座,113.06.14,
21381934,abutment wall ,橋台翼牆 ,113.06.14,
21381935,abysmal deposit ,深海沉積 ,113.06.14,
21381936,acceptable wave condition ,容許波浪條件 ,113.06.14,
21381937,accident investigation ,意外調查；事故調查 ,113.06.14,
21381938,accident report ,意外事件報告；意外事故報告,113.06.14,
21381939,accident statistics ,意外事件統計；意外事故統計,113.06.14,
21381940,accidental loading,意外荷載；意外載重,113.06.14,
21381941,accredited private laboratory ,認證私營實驗室,113.06.14,
21381942,accumulated deformation ,累積變形 ,113.06.14,
21381943,accuracy ,精度 ,113.06.14,
21381944,acidic corrosion ,酸性腐蝕,113.06.14,
21381945,acidic igneous rock  ,酸性火成岩,113.06.14,
21381946,acidity and alkalinity test ,酸鹼度試驗 ,113.06.14,
21381947,acidity test ,酸度試驗 ,113.06.14,
21381948,acid-pickling ,酸洗；酸浸 ,113.06.14,
21381949,acoustic detection,聲輻探測,113.06.14,
21381950,Acoustic Doppler Current Profiler (ADCP) ,聲波都卜勒流速剖面量測儀；聲波都卜勒流剖儀,113.06.14,
21381951,acoustic emission monitoring ,聲射監測；音射監測,113.06.14,
21381952,acoustic exploration ,聲輻探勘,113.06.14,
21381953,acoustic frequency geo-electric field method ,聲頻大地電場法 ,113.06.14,
21381954,acoustic piezometer ,聲輻測壓計 ,113.06.14,
21381955,acrylamide grouting ,丙烯醯胺灌漿,113.06.14,
21381956,active clay ,活性黏土 ,113.06.14,
21381957,active earth pressure,主動土壓力,113.04.19,
21381958,active fault ,活動斷層,113.06.14,
21381959,active isolation ,主動隔振；主動隔離,113.06.14,
21381960,active period ,活動期；活躍期 ,113.06.14,
21381961,active stabilizer ,活性穩定劑,113.06.14,
21381962,active state ,主動狀態 ,113.06.14,
21381963,active water ,活性水,113.06.14,
21381964,active zone ,主動區；活性區,113.06.14,
21381965,activity ,活性,113.06.14,
21381966,activity index,活性指數,113.04.19,
21381967,additional stress ,額外應力,113.06.14,
21381968,adhesion ,黏著力；黏著作用,113.06.14,
21381969,adhesive ,黏合劑；黏著劑,113.06.14,
21381970,admiralty chart ,海圖 ,113.06.14,
21381971,admixture ,摻料；混合物,113.06.14,
21381972,advance works ,前期工程；先期作業,113.06.14,
21381973,adverse geological condition ,不良地質情況；不良地質條件,113.06.14,
21381974,aeolian deposit,風積層；風積土,113.04.19,
21381975,aeolian soil ,風積土 ,113.06.14,
21381976,aerated water ,氣溶水,113.06.14,
21381977,aeration zone ,通氣帶 ,113.06.14,
21381978,aeration zone water ,通氣帶水 ,113.06.14,
21381979,aerobe ,好氧菌；需氧菌,113.06.14,
21381980,age dating,定年,113.06.14,
21381981,ageing ,老化 ,113.06.14,
21381982,agglomerate ,集塊岩 ,113.06.14,
21381983,aggregate ,團粒；粒料,113.06.14,
21381984,aggregate abrasion value ,粒料耐磨值 ,113.06.14,
21381985,aggregate impact value ,粒料衝擊強度值 ,113.06.14,
21381986,agitator ,攪拌器 ,113.06.14,
21381987,A-horizon ,土壤A層；土壤風化表層,113.06.14,
21381988,air compressor ,空氣壓縮機 ,113.06.14,
21381989,air content,含氣率 ,113.06.14,
21381990,air jet ,噴射氣流；噴嘴 ,113.06.14,
21381991,air permeability ,透氣性；透氣率 ,113.06.14,
21381992,air permeability test ,透氣性試驗；透氣率試驗 ,113.06.14,
21381993,air void,空氣孔隙；氣隙,113.06.14,
21381994,air void ratio,氣隙比 ,113.06.14,
21381995,air-dried soil ,氣乾土 ,113.06.14,
21381996,air-lift equipment ,氣升設備；氣升泵,113.06.14,
21381997,air-lock ,氣閘 ,113.06.14,
21381998,alert level ,警戒層級；警戒值,113.06.14,
21381999,alignment,定線；路線,113.06.14,
21382000,alignment survey ,定線測量 ,113.06.14,
21382001,A-line ,塑性圖A線 ,113.06.14,
21382002,allowable amplitude ,容許振幅 ,113.06.14,
21382003,allowable bearing capacity,容許承載力；容許支承力,113.06.14,
21382004,allowable deformation ,容許變形 ,113.06.14,
21382005,allowable displacement ,容許位移 ,113.06.14,
21382006,allowable error ,容許誤差 ,113.06.14,
21382007,allowable loading,容許荷載 ,113.06.14,
21382008,allowable settlement ,容許沉陷量,113.06.14,
21382009,alluvial plain ,沖積平原 ,113.06.14,
21382010,alluvial soil ,沖積土 ,113.06.14,
21382011,alluvial terrace ,沖積階地 ,113.06.14,
21382012,alluvium ,沖積物；沖積層 ,113.06.14,
21382013,all-weather ,全天候 ,113.06.14,
21382014,alternating loading,反復荷載,113.06.14,
21382015,altimeter ,測高儀 ,113.06.14,
21382016,altitude ,高程；海拔 ,113.06.14,
21382017,aluminum octahedron ,鋁八面體 ,113.06.14,
21382018,ambient pressure ,環境壓力 ,113.06.14,
21382019,ambient temperature ,環境溫度 ,113.06.14,
21382020,amplification factor ,放大因數 ,113.06.14,
21382021,amplitude ratio ,振幅比 ,113.06.14,
21382022,anaerobe ,厭氧菌；厭氧生物 ,113.06.14,
21382023,anaerobic sulfate-reducing bacteria,厭氧硫酸鹽還原菌,113.06.14,
21382024,anchor pile ,錨定樁 ,113.06.14,
21382025,anchor plate ,錨定板 ,113.06.14,
21382026,anchor rod ,錨桿 ,113.06.14,
21382027,anchor slab,錨定版,113.04.19,
21382028,anchor wall ,錨定牆 ,113.06.14,
21382029,anchored retaining wall,錨定式擋土牆,113.05.22,
21382030,ancillary works ,附屬工程 ,113.06.14,
21382031,andesite ,安山岩 ,113.06.14,
21382032,andesite tuff ,安山凝灰岩 ,113.06.14,
21382033,anemometer ,風速計,113.06.14,
21382034,ANFO blasting agent ,硝酸銨油混合炸藥 ,113.06.14,
21382035,angle of contact ,接觸角,113.06.14,
21382036,angle of dilatancy ,膨脹角,113.06.14,
21382037,angle of external friction ,外摩擦角 ,113.06.14,
21382038,angle of inclination ,傾角 ,113.06.14,
21382039,angle of internal friction,內摩擦角,113.04.19,
21382040,angle of reach ,抵達角,113.06.14,
21382041,angle of repose ,安息角,113.06.14,
21382042,angle of skin friction ,表面摩擦角 ,113.06.14,
21382043,angle of slope ,坡角；斜坡角度 ,113.06.14,
21382044,"angle of wall friction, δ ",牆背摩擦角,113.06.14,
21382045,angularity chart ,棱角度對比圖 ,113.07.11,
21382046,angularity factor ,棱角度因數 ,113.07.11,
21382047,anhydrite ,硬石膏；無水石膏,113.07.11,
21382048,anion adsorption ,陰離子吸附 ,113.07.11,
21382049,anion exchange ,陰離子交換 ,113.07.11,
21382050,anisotropic consolidation ,異向性壓密；異向性固結,113.07.11,
21382051,anisotropic hardening ,異向性硬化,113.07.11,
21382052,anisotropic medium ,異向性介質,113.07.11,
21382053,anisotropic soil ,異向性土壤,113.07.11,
21382054,anisotropy ,異向性,113.07.11,
21382055,anticline ,背斜 ,113.07.11,
21382056,anti-slide pile ,抗滑樁 ,113.07.11,
21382057,anvil ,砧 ,113.07.11,
21382058,aplite ,細晶岩 ,113.07.11,
21382059,apparent angle of internal friction ,視內摩擦角,113.07.11,
21382060,apparent bulk density ,視統體密度,113.04.25,
21382061,apparent cohesion ,視凝聚力,113.04.25,
21382062,apparent preconsolidation pressure ,視預壓密壓力,113.07.11,
21382063,apparent saturated density,視飽和密度,113.04.25,
21382064,apparent saturated surface dry density,視飽和面乾密度,113.04.25,
21382065,apparent shearing strength ,視抗剪強度,113.07.11,
21382066,apparent velocity ,視流速,113.07.11,
21382067,apron ,護坦,113.07.11,
21382068,aquiclude ,不透水層,113.07.11,
21382069,aquifer ,含水層 ,113.07.11,
21382070,aquitard ,阻水層；半透水層；滯水層,113.07.11,
21382071,arch action,拱作用 ,113.07.11,
21382072,arching ,成拱作用 ,113.07.11,
21382073,area load ,面荷載,113.07.11,
21382074,area ratio ,面積比 ,113.07.11,
21382075,argillaceous rock ,泥質岩,113.07.11,
21382076,arid region ,乾燥區,113.07.11,
21382077,armour ,護面,113.07.11,
21382078,armour layer ,護面層 ,113.07.11,
21382079,armour rock ,護面塊石 ,113.07.11,
21382080,artesian aquifer ,自流含水層,113.07.11,
21382081,artesian basin ,自流盆地 ,113.07.11,
21382082,artificial ground ,人工地盤,113.07.11,
21382083,aseismatic design ,耐震設計,113.07.11,
21382084,aseismic region ,無震區 ,113.07.11,
21382085,asphalt mix design ,瀝青配比設計,113.07.11,
21382086,asphalt paver ,瀝青鋪面機 ,113.07.11,
21382087,associated  flow rule,諧和流法則,113.07.11,
21382088,attenuation ,衰減 ,113.07.11,
21382089,Atterberg limits ,阿太堡限度,113.07.11,
21382090,attitude ,位態,113.07.11,
21382091,auger ,螺旋鑽 ,113.07.11,
21382092,auger bit ,螺旋鑽頭 ,113.07.11,
21382093,auger boring ,螺旋鑽探 ,113.07.11,
21382094,auger drill ,螺旋鑽 ,113.07.11,
21382095,auger pile ,螺旋鑽掘樁 ,113.07.11,
21382096,autograph ,自動繪圖機,113.07.11,
21382097,autographic record ,自動記錄 ,113.07.11,
21382098,automatic rain gauge ,自動雨量計 ,113.07.11,
21382099,avalanche ,崩滑；山崩；雪崩,113.07.11,
21382100,axial bearing capacity ,軸向承載力,113.07.11,
21382101,axial compression ,軸向壓縮 ,113.07.11,
21382102,axial extension test ,軸向拉伸試驗 ,113.07.11,
21382103,axial load ,軸向荷載,113.07.11,
21382104,axial pressure ,軸向壓力,113.07.11,
21382105,axial strain ,軸向應變 ,113.07.11,
21382106,axial stress ,軸向應力 ,113.07.11,
21382107,axial symmetry ,軸對稱 ,113.07.11,
21382108,azimuth ,方位角,113.07.11,
21382109,back analysis ,反算分析,113.07.11,
21382110,back calculation ,反算法,113.07.11,
21382111,back drain ,牆背排水 ,113.07.11,
21382112,back pressure ,背壓；反壓；反水壓,113.07.11,
21382113,backfill ,回填土；回填 ,113.07.11,
21382114,background noise level ,背景噪音位準；背景噪音水平,113.07.11,
21382115,backward erosion ,逆向侵蝕 ,113.07.11,
21382116,backwater effect ,回水作用 ,113.07.11,
21382117,bad land ,惡地；劣地,113.07.11,
21382118,bagged concrete ,袋裝混凝土 ,113.07.11,
21382119,bailer ,汲筒,113.07.11,
21382120,balance cone ,平衡錐{稠度試驗} ,113.07.11,
21382121,ballast ,道碴,113.07.11,
21382122,balloon densimeter ,球式密度計,113.07.11,
21382123,balloon volumeter ,球式體積儀,113.07.11,
21382124,band-shaped prefabricated drain ,帶狀預製排水板,113.07.11,
21382125,bank,堤岸；河岸,113.07.11,
21382126,bar bending schedule ,鋼筋加工表,113.08.22,
21382127,barge ,駁船 ; 平底船,113.07.11,
21382128,barging point ,駁船點,113.07.11,
21382129,barrette ,方形樁；矩形樁 ,113.08.22,
21382130,barrette pile,壁樁 ,113.08.22,
21382131,barrier effect ,屏障效應,113.08.22,
21382132,basal conglomerate ,底礫岩；基底礫岩,113.08.22,
21382133,basalt ,玄武岩 ,113.08.22,
21382134,basalt dyke ,玄武岩岩脈,113.08.22,
21382135,base course ,底層 ,113.08.22,
21382136,base level ,基準面 ,113.08.22,
21382137,basic igneous rock ,基性火成岩 ,113.08.22,
21382138,batholith ,岩基 ,113.08.22,
21382139,bathymetry ,測深法；測深學,113.08.22,
21382140,Baume hydrometer ,波美比重計 ,113.08.22,
21382141,bearing capacity ,承載力 ,113.08.22,
21382142,bearing capacity factor ,承載力因數,113.08.22,
21382143,bearing graph ,承載力曲線圖,113.08.22,
21382144,bearing layer ,承載層,113.08.22,
21382145,bearing pile ,支承樁；承載樁,113.08.22,
21382146,bearing plate ,承載板,113.08.22,
21382147,bearing stratum,承載層；承載地層,113.08.22,
21382148,bearing test ,載重試驗；載荷試驗,113.08.22,
21382149,bedding ,層理；層面,113.08.22,
21382150,bedding layer ,墊層；底層,113.08.22,
21382151,bedding plane ,層面 ,113.08.22,
21382152,bedrock ,基岩；基盤 ,113.08.22,
21382153,belled pile ,擴座樁 ,113.08.22,
21382154,belling bucket ,擴座挖斗 ,113.08.22,
21382155,benched foundation ,階式基礎 ,113.08.22,
21382156,bending strength ,抗彎強度 ,113.08.22,
21382157,bentonite ,膨潤土,113.08.22,
21382158,bentonite liner ,膨潤土襯墊 ,113.08.22,
21382159,bentonite slurry ,膨潤土泥漿 ,113.08.22,
21382160,berm ,護堤,113.08.22,
21382161,bermstone ,護腳石；護堤石,113.08.22,
21382162,berth ,泊位,113.08.22,
21382163,berthing ,停泊 ,113.08.22,
21382164,berthing condition ,靠泊條件,113.08.22,
21382165,B-horizon ,B積層 ,113.08.22,
21382166,bias of risk ,風險偏差,113.08.22,
21382167,biaxial state of stress ,雙軸應力狀態 ,113.08.22,
21382168,bilinear model ,雙線性模式,113.08.22,
21382169,bills of quantities ,數量清單；工料清單,113.08.22,
21382170,binder,膠結料；黏結劑；結合料,113.04.25,
21382171,binder course ,黏結層,113.08.22,
21382172,Bingham model ,賓漢模式,113.08.22,
21382173,biological weathering ,生物風化 ,113.08.22,
21382174,biotite ,黑雲母 ,113.08.22,
21382175,Biot's consolidation theory ,Biot壓密理論,113.08.22,
21382176,bird's-eye view ,鳥瞰圖；俯視圖,113.08.22,
21382177,Bishop's simplified method of slice ,Bishop簡化切片法,113.08.22,
21382178,bit,鑽頭,113.04.25,
21382179,bitumen ,瀝青 ,113.08.22,
21382180,bitumen grouting ,瀝青灌漿 ,113.08.22,
21382181,blanket grouting,覆毯灌漿；護坦灌漿；鋪蓋灌漿,113.08.22,
21382182,blast ,爆破,113.08.22,
21382183,blastibility,可爆破度,113.04.25,
21382184,blasting compaction,炸震夯實；炸震壓實,113.04.19,
21382185,blasting compaction method ,炸震夯實法,113.08.22,
21382186,blasting works ,爆破工程,113.08.22,
21382187,bleeder well ,減壓井；洩壓井,113.08.22,
21382188,bleeding,溢流；泌水{水泥混凝土}；泛油{瀝青混凝土},113.04.25,
21382189,bleeding rate,溢流率；泌水速率{水泥混凝土},113.04.25,
21382190,blind catch basin ,截留陰井；截留盲井,113.08.22,
21382191,blind drain ,盲溝 ,113.08.22,
21382192,blinding layer ,墊層 ,113.08.22,
21382193,blockage ,堵塞；淤塞 ,113.08.22,
21382194,blockwork wall ,砌塊牆,113.08.22,
21382195,blow count ,打擊數,113.08.22,
21382196,blow-in,湧入,113.04.25,
21382197,bluff ,陡岸；懸崖；峭壁,113.08.22,
21382198,body force ,徹體力；物體力,113.08.22,
21382199,body wave ,體波,113.08.22,
21382200,bog,沼澤,113.04.25,
21382201,boiling ,砂湧,113.08.22,
21382202,bolt ,螺栓 ,113.08.22,
21382203,bolting ,栓固 ,113.08.22,
21382204,bond ,握裹；黏著；黏結,113.08.22,
21382205,bonding ,鍵結；黏合；結合,113.08.22,
21382206,bookhouse fabric ,書堆組構 ,113.08.22,
21382207,border pile ,地界樁,113.08.22,
21382208,bored pile ,鑽掘樁,113.08.22,
21382209,borehole ,鑽孔 ,113.08.22,
21382210,borehole camera ,孔內攝影機 ,113.08.22,
21382211,borehole extensometer ,孔內伸張儀 ,113.08.22,
21382212,borehole log,鑽孔柱狀圖,113.04.25,
21382213,borehole logging,井錄,113.04.19,
21382214,borehole specimen ,鑽孔試樣 ,113.08.22,
21382215,borehole television log,鑽孔攝影柱狀圖,113.04.25,
21382216,borescope ,管道鏡,113.08.22,
21382217,boring (for ground investigation) ,鑽孔；鑽探,113.08.22,
21382218,boring bit ,鑽頭 ,113.08.22,
21382219,boring casing ,鑽探套管；鑽孔套管,113.08.22,
21382220,boring frame ,鑽架 ,113.08.22,
21382221,boring log,鑽孔柱狀圖,113.04.19,
21382222,boring machine ,鑽機 ,113.08.22,
21382223,boring rig ,鑽機 ,113.08.22,
21382224,boring rod ,鑽桿 ,113.08.22,
21382225,borrow area ,借土區,113.08.22,
21382226,borrow pit ,取土坑 ,113.08.22,
21382227,bottom charge,底部裝藥,113.04.25,
21382228,bottom dump ,底式卸載,113.08.22,
21382229,bottom heave ,底部隆起,113.08.22,
21382230,bottom pressure ,底部壓力,113.08.22,
21382231,boulder,巨礫；巨石,113.04.19,
21382232,boulder clay,冰川礫泥；冰礫泥,113.09.10,
21382233,boulder fence ,防石欄 ,113.09.10,
21382234,bound water ,束縛水；結合水,113.09.10,
21382235,boundary condition ,邊界條件 ,113.09.10,
21382236,boundary element ,邊界元素,113.09.10,
21382237,boundary element method ,邊界元素法,113.09.10,
21382238,boundary element method (BEM),邊界元素法,114.08.22,
21382239,boundary mark ,界標,113.09.10,
21382240,boundary wall ,邊界牆 ,113.09.10,
21382241,Bourdon gauge ,巴登管壓力計,113.09.10,
21382242,Boussinesq solution ,布新內斯克解 ,113.09.10,
21382243,Boussinesq theory ,布新內斯克理論 ,113.09.10,
21382244,box caisson ,箱型沈箱,113.09.10,
21382245,box culvert ,箱涵,113.09.10,
21382246,box foundation ,箱型基礎 ,113.09.10,
21382247,box pile ,箱型樁 ,113.09.10,
21382248,B-parameter ,孔隙壓力係數B ,113.09.10,
21382249,braced excavation ,支撐開挖 ,113.09.10,
21382250,braced sheeting ,支撐擋板 ,113.09.10,
21382251,bracing ,支撐,113.09.10,
21382252,Brazilian test ,巴西人試驗,113.09.10,
21382253,break damage ,破裂損壞,113.09.10,
21382254,breakdown pressure ,破裂壓力,113.09.10,
21382255,breaking strain ,破裂應變；斷裂應變,113.09.10,
21382256,breaking stress ,破裂應力；斷裂應力,113.09.10,
21382257,breaking wave ,碎波 ,113.09.10,
21382258,breakwater ,防波堤 ,113.09.10,
21382259,breakwater stone,防波拋石,113.04.25,
21382260,breast wall ,胸墻 ,113.09.10,
21382261,breccia ,角礫岩 ,113.09.10,
21382262,bridge abutment ,橋台 ,113.09.10,
21382263,British Standards (BS) ,英國標準 ,113.09.10,
21382264,British Standards Institution (BSI),英國標準協會 ,113.09.10,
21382265,brittle failure ,脆性破壞 ,113.09.10,
21382266,brittle fracture ,脆裂；脆性破裂,113.09.10,
21382267,brittleness index ,脆性指數 ,113.09.10,
21382268,Brownian movement ,布朗運動 ,113.09.10,
21382269,bucket auger ,勺形鑽 ,113.09.10,
21382270,bucket dredger ,斗式挖泥船 ,113.09.10,
21382271,buckling ,挫屈 ,113.09.10,
21382272,bulb pile ,球根樁 ,113.09.10,
21382273,bulging,鼓脹,113.09.10,
21382274,bulk compressibility ,統體壓縮性,113.09.10,
21382275,bulk density ,統體密度 ,113.09.10,
21382276,bulk explosive ,散裝炸藥 ,113.09.10,
21382277,bulk modulus ,統體模數 ,113.09.10,
21382278,bulk shrinkage ,體縮 ,113.09.10,
21382279,bulk solid,統體固體,113.04.25,
21382280,bulk unit weight ,統體單位重,113.09.10,
21382281,bulk volume ,統體體積 ,113.09.10,
21382282,bulk weight ,統體重,113.09.10,
21382283,bulkhead,擋土壁；端版；膈板；隔牆,113.04.25,
21382284,bunker,貯坑,113.04.25,
21382285,buoy ,浮標 ,113.09.10,
21382286,buoyancy ,浮力 ,113.09.10,
21382287,buoyant density,浸水密度 ,114.01.13,
21382288,buoyant foundation ,浮筏基礎 ,113.09.10,
21382289,buoyant unit weight,浸水單位重 ,113.09.10,
21382290,Burgers model ,伯格斯模式,113.09.10,
21382291,buried karst ,潛伏岩溶 ,113.09.10,
21382292,butt ,對接 ,113.09.10,
21382293,buttress ,扶壁；扶牆,113.09.10,
21382294,buttressed retaining wall ,扶壁式擋土牆 ,113.09.10,
21382295,cable percussion boring,鋼繩衝擊鑽探,113.09.10,
21382296,cable tool drill,鋼繩衝擊鑽頭,113.09.10,
21382297,cadastral plan,地籍圖,113.09.10,
21382298,cadastral survey,地籍測量,113.09.10,
21382299,caisson,沉箱牆,113.09.10,
21382300,caisson foundation,沉箱基礎,113.04.19,
21382301,caisson wall,沉箱牆,113.09.10,
21382302,calcareous concretion,鈣質結核,113.09.10,
21382303,calcareous soil,石灰質土,113.09.10,
21382304,calcareous tufa,石灰華；鈣華,113.09.10,
21382305,calcite,方解石,113.09.10,
21382306,calendar day,日曆天,113.09.10,
21382307,calibration,標定試驗；校準[正]試驗,113.09.10,
21382308,California bearing ratio (CBR),加州承載比,113.09.10,
21382309,calorimetric method,量熱法,113.09.10,
21382310,Cambrian,寒武紀；寒武系,113.09.10,
21382311,Cambridge model,劍橋模式,113.09.10,
21382312,cantilever footing,懸臂式基腳,113.09.10,
21382313,cantilever footpath,懸臂式步道,113.09.10,
21382314,cantilever pile,懸臂樁,113.09.10,
21382315,cantilever retaining wall,懸臂式擋土牆,113.09.10,
21382316,cantilever sheet pile,懸臂式板樁,113.09.10,
21382317,cantilever sheet pile wall,懸臂式板樁牆,113.09.10,
21382318,cap model,帽蓋模式,113.09.10,
21382319,capblock,帽塊,113.09.10,
21382320,capillarimeter,毛細管儀,113.09.10,
21382321,capillarity,毛細現象；毛細作用,114.01.13,
21382322,capillary action,毛細管作用,113.09.10,
21382323,capillary fringe,毛細水邊緣,113.09.10,
21382324,capillary fringe zone,毛細邊緣區,113.04.25,
21382325,capillary head,毛細水頭,113.09.10,
21382326,capillary height,毛細水高度,113.09.10,
21382327,capillary migration,毛細水遷移,113.09.10,
21382328,capillary pressure,毛細水壓力,113.09.10,
21382329,capillary tension,毛細張力,113.09.10,
21382330,capillary water,毛細水；毛細管水,113.09.10,
21382331,carbonaceous mudstone,鈣質泥岩,113.09.10,
21382332,Carboniferous,石炭紀；石炭系,113.09.10,
21382333,cardboard drain,紙板排水,113.09.10,
21382334,cardhouse fabric,片架組構,113.09.10,
21382335,Carlson stress meter,卡爾森應力計,113.09.10,
21382336,Casagrande's soil classification,卡薩格蘭德土壤分類法,113.09.10,
21382337,case history,案例實錄,113.09.10,
21382338,case study,案例研究,113.09.10,
21382339,cased borehole,套管鑽孔,113.09.10,
21382340,cased pile,套管樁,113.09.10,
21382341,casing,套管,113.09.10,
21382342,cast iron,鑄鐵,113.09.10,
21382343,cast-in anchor bolt,預埋錨栓,113.09.10,
21382344,casting,澆鑄；鑄件,113.09.10,
21382345,casting basin,澆注場；澆灌場,113.09.10,
21382346,casting yard/basin,澆灌場,113.09.10,
21382347,cast-in-place pile,場鑄樁,113.04.19,
21382348,cast-in-situ,現場澆注,113.09.10,
21382349,cast-in-situ pile,場鑄樁,113.09.10,
21382350,cataclasis,碎裂作用,113.10.22,
21382351,cataclasite,碎裂岩,113.10.22,
21382352,cataclastic,碎裂岩石,113.10.22,
21382353,catch drain,截水溝,113.10.22,
21382354,catchment,集水區,113.10.22,
21382355,catchment area,集水面積,113.10.22,
21382356,catchpit,集水坑,113.10.22,
21382357,catchwater,引水道；排水溝,113.10.22,
21382358,categories of cost,成本類別,113.10.22,
21382359,cathodic protection,陰極防蝕,113.10.22,
21382360,cation exchange,陽離子交換,113.10.22,
21382361,cation exchange capacity,陽離子交換能力；陽離子交換量,114.01.13,
21382362,causative fault,致震斷層,113.10.22,
21382363,cavern,洞穴；岩洞,113.10.22,
21382364,cavernous marble,多孔大理石,113.10.22,
21382365,cavernous rock,多孔岩石,113.10.22,
21382366,caving,坍落；坍孔,114.01.13,
21382367,cavity,模槽；孔洞；洞穴；洞；穴,113.10.22,
21382368,cavity expansion theory,孔穴擴張理論,113.10.22,
21382369,cell pressure ,圍壓；腔壓,113.10.22,
21382370,cellular bulkhead,格型岸壁,113.10.22,
21382371,cellular cofferdam,格型圍堰,113.10.22,
21382372,cellular retaining wall,格狀擋土牆,113.10.22,
21382373,cellular steel sheet pile,格狀鋼板樁,113.10.22,
21382374,cellular texture,格狀紋理,113.10.22,
21382375,cement,水泥；膠結材料,113.10.22,
21382376,cement grouting,水泥灌漿,113.04.19,
21382377,cement injection,水泥灌注,113.10.22,
21382378,cement mortar,水泥砂漿,113.10.22,
21382379,cementation,膠結作用,113.10.22,
21382380,cemented soil,膠結土,113.10.22,
21382381,cementing agent,膠結劑,113.10.22,
21382382,cementitious factor,膠結材因數；膠結材因子,113.04.25,
21382383,cement-stabilized soil,水泥固化土；水泥加固土,113.10.22,
21382384,centralizer,定心器；扶正器；中心定位器,113.04.25,
21382385,centrifugal model test,離心機模型試驗；離心模型試驗,113.10.22,
21382386,centrifuge moisture equivalent,離心機含水當量；離心含水當量,113.10.22,
21382387,centrifuge test,離心機試驗；離心試驗,113.10.22,
21382388,ceramic filter,陶瓷過濾器,113.10.22,
21382389,chain bucket dredger,鏈斗式挖泥船,113.10.22,
21382390,chain sounding,鏈式水深測量,113.10.22,
21382391,chainage,里程；鏈測長度,113.10.22,
21382392,chainman,丈量員,113.10.22,
21382393,chalk,白堊,113.10.22,
21382394,chalky clay,白堊黏土,113.10.22,
21382395,chamber,坑室,114.01.13,
21382396,chamber blasting,坑室爆破,113.04.25,
21382397,channel,渠道；溝渠,113.10.22,
21382398,channelization ratio,溝豁比,113.10.22,
21382399,channelized debris flow,渠道化土石流,113.10.22,
21382400,characteristic compressive strength,特徵抗壓強度,113.10.22,
21382401,characteristic load,特徵荷載,113.10.22,
21382402,characteristic strength,特徵強度,113.10.22,
21382403,chart datum,海圖基準面,113.10.22,
21382404,chartered engineer,特許工程師,113.10.22,
21382405,charting,製圖,113.10.22,
21382406,chaser,送樁器,113.10.22,
21382407,chemical churning pile,化學攪拌樁,113.10.22,
21382408,chemical grout,化學漿料,113.04.25,
21382409,chemical grouting,化學灌漿,113.04.19,
21382410,chemical injection process,化學灌注法；化學灌注程序,113.10.22,
21382411,chemical stabilization,化學固化；化學加固,113.10.22,
21382412,chemical weathering,化學風化,113.10.22,
21382413,chequer plate,檢查板,113.10.22,
21382414,chimney drain ,豎向截水體；豎向排水道,113.10.22,
21382415,chip,石片,113.04.25,
21382416,chisel,鑿,113.04.25,
21382417,chloride content,氯化物含量,113.10.22,
21382418,chopping bit,衝擊鑽頭,113.10.22,
21382419,C-horizon,C-層；母質層,113.10.22,
21382420,chunam,灰泥；朱南,113.10.22,
21382421,chunk sample,塊狀試樣,113.10.22,
21382422,churn drill,攪拌鑽,113.10.22,
21382423,churn drilling,攪拌鑽掘,113.10.22,
21382424,cinder,煤渣；礦渣；爐渣,113.10.22,
21382425,circle of stress,應力圓,113.10.22,
21382426,circuit grouting,循環灌漿,113.04.25,
21382427,circular foundation,圓形基礎,113.10.22,
21382428,circular road,環形道路,113.10.22,
21382429,circular slip surface ,圓弧滑動面,113.10.22,
21382430,classification test ,分類試驗,113.10.22,
21382431,clastic flow,碎屑流,113.10.22,
21382432,clastic structure,碎屑結構,113.10.22,
21382433,clay,黏土,113.04.19,
21382434,clay binder,黏土膠結物,113.10.22,
21382435,clay blanket ,黏土鋪蓋；黏土護層,113.10.22,
21382436,clay content,黏土含量,113.10.22,
21382437,clay fraction,黏土分數；黏土百分比,113.10.22,
21382438,clay grouting,黏土灌漿,113.10.22,
21382439,clay loam,黏土質壤土,113.10.22,
21382440,clay mineral,黏土礦物,113.10.22,
21382441,clay onion-skin bond,黏土質蔥皮黏結,113.10.22,
21382442,clay partings,黏土分層,113.10.22,
21382443,clay platelet,黏土片狀體；黏土片晶,113.10.22,
21382444,clay shale,黏土質頁岩,113.10.22,
21382445,clay stratum,黏土層,113.10.22,
21382446,clay-cement grouting,黏土-水泥灌漿,113.10.22,
21382447,clayey sand,黏質砂土,113.10.22,
21382448,clayey silt,黏質粉土,113.04.19,
21382449,claystone,黏土岩,113.10.22,
21382450,cleavage,劈理；劈裂；解理,113.10.22,
21382451,cleavage plane,劈理面,113.04.25,
21382452,cleft water,裂縫水,113.04.25,
21382453,cliff,峭壁；懸崖,113.10.22,
21382454,clinometer,測傾儀；測角儀,113.10.22,
21382455,clogging,淤塞；堵塞,113.10.22,
21382456,closed conduit,封閉導管；暗管,113.10.22,
21382457,closure,閉合度；閉合段{混凝土澆注}；結案｛專案管理｝,113.04.25,
21382458,closure error,閉合差,113.10.22,
21382459,cloup,灰岩坑,113.10.22,
21382460,cluster structure,團粒結構；團狀結構,113.10.22,
21382461,coagulant,凝聚劑,113.10.22,
21382462,coagulation,凝聚作用,113.10.22,
21382463,coagulator,促凝劑,113.10.22,
21382464,coal gangue,煤礦石,113.10.22,
21382465,coal tar epoxy,煤焦油環氧樹脂,113.10.22,
21382466,coarse aggregate,粗粒料,113.10.22,
21382467,coarse ash tuff,粗灰凝灰岩,113.10.22,
21382468,coarse fraction content,粗粒含量,113.10.22,
21382469,coarse grained soil,粗粒土壤,113.10.22,
21382470,coarse particle,粗顆粒；粗粒,113.10.22,
21382471,coarse sand,粗砂,113.04.19,
21382472,coarse-grained soi,粗粒土,113.04.19,
21382473,coastal habitat,海岸棲息地,113.10.22,
21382474,coastline,海岸線,113.10.22,
21382475,coated pile,塗層樁,113.10.22,
21382476,coaxiality,共軸性,113.10.22,
21382477,cobble,中礫；卵石,113.04.19,
21382478,coefficient of absolute viscosity,絕對黏滯係數,113.04.25,
21382479,coefficient of active earth pressure,主動土壓力係數,113.04.25,
21382480,coefficient of active earth pressure (Ka),主動土壓力係數,113.10.22,
21382481,coefficient of adhesion,黏附係數,113.10.22,
21382482,coefficient of attenuation,衰減係數,113.10.22,
21382483,coefficient of collapsibility,濕陷係數,113.10.22,
21382484,coefficient of compressibility,壓縮係數,113.04.19,
21382485,coefficient of consolidation,壓密係數,113.04.19,
21382486,coefficient of consolidation  (Cv),壓密係數,113.10.22,
21382487,coefficient of consolidation for radial flow,徑向流壓密係數,113.10.22,
21382488,coefficient of correlation,相關係數,113.10.22,
21382489,coefficient of curvature,曲率係數,113.10.22,
21382490,coefficient of deformation,變形係數,113.10.22,
21382491,coefficient of dynamic viscosity,動力黏滯係數,113.10.22,
21382492,coefficient of earth pressure at rest ,靜止土壓力係數,113.04.25,
21382493,coefficient of earth pressure at rest (Ko),靜止土壓力係數,113.10.22,
21382494,coefficient of elastic non-uniform compression,彈性非均勻壓縮係數,113.10.22,
21382495,coefficient of elastic uniform compression,彈性均勻壓縮係數,113.10.22,
21382496,coefficient of external friction,外摩擦係數,113.04.25,
21382497,coefficient of friction ,摩擦係數,113.04.25,
21382498,coefficient of horizontal consolidation,水平壓密係數,113.10.22,
21382499,coefficient of internal friction,內摩擦係數,113.04.25,
21382500,coefficient of kinematic viscosity,運動黏滯係數,113.10.22,
21382501,coefficient of passive earth pressure ,被動土壓力係數,113.04.25,
21382502,coefficient of passive earth pressure (Kp),被動土壓力係數,113.10.22,
21382503,coefficient of permeability,滲透係數,113.10.22,
21382504,coefficient of resilience,韌性係數,113.10.22,
21382505,coefficient of restitution,恢復係數,113.10.22,
21382506,coefficient of rigidity,剛度係數,113.10.22,
21382507,coefficient of secondary consolidation,二次壓密係數,113.10.22,
21382508,coefficient of self-weight collapsibility,自重濕陷係數,113.10.22,
21382509,coefficient of shrinkage,收縮係數,113.10.22,
21382510,coefficient of softening,軟化係數,113.10.22,
21382511,coefficient of sorting,分選係數,113.10.22,
21382512,coefficient of stiffness,勁度係數,113.10.22,
21382513,coefficient of subgrade reaction,地基反力係數；地盤反力係數；路基反應係數,113.04.25,
21382514,"coefficient of subgrade reaction, ks",路基反力係數,113.10.22,
21382515,coefficient of swelling,膨脹係數,113.10.22,
21382516,coefficient of thaw,融化係數,113.10.22,
21382517,coefficient of thaw compression,融化壓縮係數,113.10.22,
21382518,coefficient of thaw-subsidence,融化沉陷係數,113.10.22,
21382519,coefficient of thermal conductivity,熱傳導係數；導熱係數,113.10.22,
21382520,coefficient of thermometric conductivity,導溫係數,113.11.26,
21382521,coefficient of transmissibility,輸水係數；輸送係數,113.04.25,
21382522,coefficient of uniformity,均勻係數,113.04.19,
21382523,coefficient of vertical consolidation,垂直壓密係數,113.11.26,
21382524,coefficient of viscosity,黏滯係數,113.11.26,
21382525,coefficient of volume compressibility,體積壓縮係數,113.11.26,
21382526,cofferdam,圍堰,113.11.26,
21382527,cofferdam bracing,圍堰支撐,113.11.26,
21382528,cohesiometer,黏度計,113.11.26,
21382529,cohesion,凝聚力；內聚力,113.04.19,
21382530,cohesionless soil,無凝聚性土；無凝聚性土壤,114.01.13,
21382531,cohesive soil,凝聚性土；凝聚性土壤,113.11.26,
21382532,collapse,崩塌；坍陷,113.11.26,
21382533,collapse post,陷落柱,113.11.26,
21382534,collapse settlement,塌陷量,113.11.26,
21382535,collapsibility,塌陷性；崩塌性,113.11.26,
21382536,collapsibility index,塌陷指數；崩塌指數,113.11.26,
21382537,collapsible loess,濕陷性黃土,113.11.26,
21382538,collapsible soil,濕陷性土；濕陷性土壤,114.01.13,
21382539,collar,孔口,113.04.25,
21382540,collar (of a drill hole),套環；護圈,113.11.26,
21382541,collection station,集錄站,113.11.26,
21382542,colloid fraction,膠體分數；膠粒分數,113.11.26,
21382543,colloidal particle,膠粒,113.11.26,
21382544,colloidal particles,膠粒,113.04.25,
21382545,colluvial fan,崩積扇,113.11.26,
21382546,colluvial lobe,崩積舌,113.11.26,
21382547,colluvium,崩積層；崩積物,113.11.26,
21382548,column pile,柱樁,113.11.26,
21382549,columnar joint,柱狀節理,113.11.26,
21382550,columnar structure,柱狀結構,113.11.26,
21382551,combined footing,聯合基腳,113.04.19,
21382552,combined foundation,聯合基礎,113.04.19,
21382553,combustible liquid,可燃液體,113.11.26,
21382554,communal drain,公用排水溝,113.11.26,
21382555,compacted depth,夯實深度,113.11.26,
21382556,compacted fill,夯實填土 ,113.11.26,
21382557,compacted lift,夯實分層,113.11.26,
21382558,compacted lift thickness,夯實分層厚度,113.11.26,
21382559,compacted refuse,壓縮垃圾,113.11.26,
21382560,compacted soil,夯實土,113.11.26,
21382561,compactibility,可夯實性,113.11.26,
21382562,compacting factor,夯實係數,113.11.26,
21382563,compaction,夯實,114.01.13,
21382564,compaction curve,夯實曲線,113.04.25,
21382565,compaction device,夯實裝置；夯實設備,113.11.26,
21382566,compaction mould,夯實模,113.11.26,
21382567,compaction pile,壓實樁,113.11.26,
21382568,compaction test,夯實試驗,114.01.13,
21382569,compactor,夯實機,113.11.26,
21382570,compass,羅盤,113.11.26,
21382571,compatibility equation,諧和方程式；相容方程式,113.11.26,
21382572,compensated foundation,補償式基礎,113.11.26,
21382573,completely decomposed rock,全風化岩石,113.11.26,
21382574,complex landslide,複合式山崩；複合式崩塌,113.11.26,
21382575,composite pile,組合樁,113.11.26,
21382576,composite sieving,複合篩分析,113.04.25,
21382577,composite sliding surface,複合滑動面,113.11.26,
21382578,composite slope,複合坡度,113.11.26,
21382579,compressed-air caisson,壓氣式沉箱,113.11.26,
21382580,compressed-air hammer,壓縮氣動錘,113.11.26,
21382581,compressed-air method,壓氣工法,113.11.26,
21382582,compressed-air tamper,壓氣搗固機,113.11.26,
21382583,compressibility,壓縮性,113.11.26,
21382584,compressibility ratio,壓縮比,113.11.26,
21382585,compressible soil,壓縮性土；可壓縮土,113.11.26,
21382586,compression,壓縮,113.11.26,
21382587,compression curve,壓縮曲線,113.11.26,
21382588,compression index,壓縮指數,113.11.26,
21382589,compression test,壓縮試驗,113.04.19,
21382590,compression wave,壓縮波；壓力波,114.01.13,
21382591,compression zone,壓縮區,113.11.26,
21382592,compressive deformation,壓縮變形,113.11.26,
21382593,compressive strain,壓應變,113.11.26,
21382594,compressive strength,抗壓強度,114.01.13,
21382595,compressive stress,壓應力,113.11.26,
21382596,computational simulation,計算模擬,113.11.26,
21382597,concentrated load,集中荷載,113.11.26,
21382598,concentration,濃度,113.11.26,
21382599,concentration factor,集中因數,114.01.13,
21382600,conceptual design,概念設計,113.11.26,
21382601,concrete,混凝土,113.11.26,
21382602,concrete batching plant,混凝土拌合廠,113.11.26,
21382603,concrete buttress,混凝土扶壁,113.11.26,
21382604,concrete corer,混凝土鑽心機,113.11.26,
21382605,concrete cutter,混凝土切削機,113.11.26,
21382606,concrete gravity platform,混凝土重力式平臺,113.11.26,
21382607,concrete groover,混凝土刮槽機,113.11.26,
21382608,concrete mix,混凝土配比,113.11.26,
21382609,concrete mix proportion,混凝土配比,113.11.26,
21382610,concrete mix ratio,混凝土配比,113.11.26,
21382611,concrete mixer,混凝土攪拌機,113.11.26,
21382612,concrete paving,混凝土鋪面,113.11.26,
21382613,concrete paving train,混凝土鋪面車,113.11.26,
21382614,concrete pile,混凝土樁,113.11.26,
21382615,concrete pump,混凝土泵,113.11.26,
21382616,concrete tubular pile,混凝土管樁,113.11.26,
21382617,condensation water,凝結水,113.11.26,
21382618,condensed water,冷凝水,113.11.26,
21382619,conductance,電導性,113.04.25,
21382620,conduit,水道；導管,113.12.03,
21382621,cone of depression ,洩降錐,113.12.03,
21382622,cone of impression,灌注錐,113.04.25,
21382623,cone penetration test (CPT),圓錐貫入試驗,113.12.03,
21382624,cone penetrometer,圓錐貫入試驗,113.12.03,
21382625,cone resistance,圓錐貫入儀,113.12.03,
21382626,confined aquifer,錐尖阻抗,113.12.03,
21382627,confined compression test,受壓含水層,113.12.03,
21382628,confined water,受壓水；承壓水,113.12.03,
21382629,confining pressure,圍壓,113.12.03,
21382630,conformable bedding,整合層面,113.12.03,
21382631,conglomerate,礫岩,113.12.03,
21382632,conjugate joint,共軛節理,113.04.25,
21382633,connate water,原生水,113.12.03,
21382634,consistency,稠度,113.12.03,
21382635,consistency index,稠度指數,113.12.03,
21382636,consistency limit ,稠度界限,113.04.19,
21382637,consistency limits,稠度限度,113.12.03,
21382638,consistency test,稠度試驗,113.12.03,
21382639,consolidated drained direct shear test,壓密排水直剪試驗；慢剪試驗,113.12.03,
21382640,consolidated drained test,壓密排水試驗,113.12.03,
21382641,consolidated drained triaxial compression test (CD test),壓密排水三軸壓縮試驗,113.12.03,
21382642,consolidated undrained test,壓密不排水試驗,113.12.03,
21382643,consolidated undrained triaxial compression test (CU test),壓密不排水三軸壓縮試驗,113.12.03,
21382644,consolidated-drained test (CD test),壓密排水試驗,113.04.25,
21382645,consolidated-undrained test (CU test),壓密不排水試驗,113.04.25,
21382646,consolidation,壓密,113.12.03,
21382647,consolidation apparatus,壓密儀,113.12.03,
21382648,consolidation curve,壓密曲線,113.12.03,
21382649,consolidation deformation,壓密變形,113.12.03,
21382650,consolidation grouting,固結灌漿,113.04.25,
21382651,consolidation ratio,壓密比,113.04.19,
21382652,consolidation settlement,壓密沉陷,113.12.03,
21382653,consolidation test,壓密試驗,113.04.19,
21382654,consolidometer,壓密儀,113.12.03,
21382655,constant head permeability test,定水頭滲透試驗,113.12.03,
21382656,constant head permeameter,定水頭滲透儀,113.12.03,
21382657,constant head test,定水頭試驗,113.12.03,
21382658,constant pressure device,定壓裝置,113.12.03,
21382659,constant volume shear test,定體積剪力試驗,113.12.03,
21382660,constitutive equation,組成方程式,113.12.03,
21382661,constitutive law,組成律,113.04.25,
21382662,constitutive relation,組成關係,113.04.19,
21382663,constrained modulus,側限模數,114.01.13,
21382664,construction fabric,建築用織物,113.12.03,
21382665,construction fiber,建築用纖維,113.12.03,
21382666,construction joint,施工縫,113.12.03,
21382667,construction load,施工荷載,113.12.03,
21382668,construction sequence,施工順序,113.12.03,
21382669,contact erosion,接觸侵蝕,113.12.03,
21382670,contact pressure,接觸壓力,113.12.03,
21382671,contaminant,汙染物；汙染物質,113.04.25,
21382672,contaminated mud,受汙泥,113.12.03,
21382673,contaminated mud pit,汙泥坑,113.12.03,
21382674,continental shelf,大陸棚,113.12.03,
21382675,continuous footing,連續基腳,113.12.03,
21382676,continuous medium,連續介質,113.12.03,
21382677,continuous mixer,連續拌和機；連續拌和設備{相對於分次拌和設備},113.04.25,
21382678,continuous sampling,連續取樣,113.12.03,
21382679,contour,等高線,113.12.03,
21382680,contour interval,等高線間隔；等高距,113.12.03,
21382681,contractile skin,收縮膜,113.12.03,
21382682,contractive soil,收縮性土,113.12.03,
21382683,control point,控制點,113.12.03,
21382684,control survey,控制測量,113.12.03,
21382685,control well,控制井,113.04.25,
21382686,controlled blasting,控制開炸；控制爆破,114.01.13,
21382687,convergence,收斂；收斂角,113.04.25,
21382688,conversion factor,換算因數,113.12.03,
21382689,conveyor belt,輸送帶,113.12.03,
21382690,conveyor screw,輸送螺旋,113.12.03,
21382691,coordinates,坐標,113.12.03,
21382692,core,岩心；心層{壩},114.01.13,
21382693,core barrel,岩心管；岩芯管,113.12.03,
21382694,core drill,取心鑽探；取芯鑽探,113.12.03,
21382695,core drill rig,岩心鑽機；岩芯鑽機,113.12.03,
21382696,core drilling,岩心鑽採,114.01.13,
21382697,core hole,岩心鑽孔；岩芯鑽孔,113.12.03,
21382698,core recovery,岩心鑽取率,114.01.13,
21382699,core sample,岩心樣本；岩芯樣本,113.12.03,
21382700,core sampler,岩心取樣器；岩芯取樣器,113.12.03,
21382701,core wall,心牆；芯牆,113.12.03,
21382702,corner point method,角點法,113.12.03,
21382703,correlation analysis,相關性分析,113.12.03,
21382704,corrigendum,勘誤表,113.12.03,
21382705,corrosion,腐蝕；侵蝕；銹蝕；鏽蝕,113.12.03,
21382706,corrosion protection,銹蝕保護；腐蝕保護,113.12.03,
21382707,corrosive water,腐蝕性水,113.12.03,
21382708,Coulomb's earth pressure theory,庫侖土壓力理論,113.04.19,
21382709,Coulomb's law,庫侖定律,113.12.03,
21382710,counter drain,反向排水,113.12.03,
21382711,counter ion,反離子,113.12.03,
21382712,counterfort retaining wall,扶壁式擋土牆,113.12.03,
21382713,counterweight fill,壓重填土,113.12.03,
21382714,coupled vibration,耦合振動,114.01.13,
21382715,cover layer,覆蓋層,114.01.13,
21382716,crack deformation,裂縫變形,114.01.13,
21382717,craftsman,技工,114.01.13,
21382718,crater,火山口；炸坑；塌陷坑；銲疤,113.04.25,
21382719,creep,潛變；蠕動,114.01.13,
21382720,creep limit,潛變極限,114.01.13,
21382721,creep rate,潛變速率；潛變率,114.01.13,
21382722,creep settlement,潛變沉陷,114.01.13,
21382723,creep strain,潛應變,114.01.13,
21382724,creep strength,潛變強度,114.01.13,
21382725,Cretaceous,白堊紀；白堊系,114.01.13,
21382726,crib cofferdam,框格式圍堰,114.01.13,
21382727,crib retaining wall,框格式擋土牆,114.01.13,
21382728,critical acceleration,臨界加速度,114.01.13,
21382729,critical angle,臨界角,113.04.25,
21382730,critical angle of refraction,臨界折射角,114.01.13,
21382731,critical depth,臨界深度,114.01.13,
21382732,critical duration,臨界延時,114.01.13,
21382733,critical factor,臨界因數；關鍵因子,114.01.13,
21382734,critical failure surface,臨界破壞面,114.01.13,
21382735,critical flow velocity,臨界流速,114.01.13,
21382736,critical frequency,臨界頻率,114.01.13,
21382737,critical height,臨界高度,113.04.25,
21382738,critical height of slope,臨界邊坡高度,114.01.13,
21382739,critical hydraulic gradient,臨界水力梯度,114.01.13,
21382740,critical load,臨界荷載,114.01.13,
21382741,critical slide curve,臨界滑動弧,114.01.13,
21382742,critical slope,臨界坡度,114.01.13,
21382743,critical stable state,臨界穩態,114.01.13,
21382744,critical state,臨界狀態,114.01.13,
21382745,critical state energy theory,臨界物態能量理論,114.01.13,
21382746,critical state line,臨界狀態線,114.01.13,
21382747,critical state locus,臨界狀態軌跡,114.01.13,
21382748,critical state model,臨界狀態模式,114.01.13,
21382749,critical state soil mechanics,臨界狀態土壤力學,114.01.13,
21382750,critical state strength,臨界狀態強度,114.01.13,
21382751,critical surface,臨界面,114.01.13,
21382752,critical void ratio,臨界孔隙比,114.01.13,
21382753,crop,露頭,114.01.13,
21382754,cross bedding,交錯層理；交錯層,114.01.13,
21382755,cross section,斷面；截面；剖面,114.01.13,
21382756,crosshole method,跨孔法,114.01.13,
21382757,cross-sectional area,斷面積；截面積,114.01.13,
21382758,cross-sectional shape,斷面形狀；截面形狀,114.01.13,
21382759,cross-stratification,交錯層理；交互成層,114.01.13,
21382760,crushing failure,壓碎破壞,114.01.13,
21382761,crushing strength,抗碎強度；壓碎強度,114.01.13,
21382762,crust,地殼；外殼,114.01.13,
21382763,cryogenics,低溫現象；低溫學；冷凍工程學,114.01.13,
21382764,cryology,冰川學,114.01.13,
21382765,cryopedology,凍土學,114.01.13,
21382766,crystal lattice,晶格,114.01.13,
21382767,crystal structure,晶體結構,114.01.13,
21382768,crystal water,結晶水,114.01.13,
21382769,Culmann graphical method,庫爾曼圖解法,114.01.13,
21382770,culvert,涵管,114.01.13,
21382771,cumulative rainfall,累積雨量,114.01.13,
21382772,cumulative retained mass,累積留篩量,113.04.25,
21382773,cumulative retained percent ,累積留篩百分比,113.04.25,
21382774,cumulose soil,植積土；腐植土,114.01.13,
21382775,cure time,養護時間；固化時間；硬化時間,113.04.25,
21382776,current meter,流速計,114.01.13,
21382777,curtain grout,隔幕灌漿,114.01.13,
21382778,curtain wall,隔幕牆,114.01.13,
21382779,curve fitting,曲線擬合,114.01.13,
21382780,cut,挖方,114.01.13,
21382781,cut slope,開挖坡,114.01.13,
21382782,cut-and-fill,挖填,114.01.13,
21382783,cut-off drain,截水排水設施,114.01.13,
21382784,cut-off level,截水高程；截斷高程,114.01.13,
21382785,cut-off trench,截水溝,114.01.13,
21382786,cut-off wall,截水牆,114.01.13,
21382787,cutter suction dredger,鉸刀吸入式挖泥船,114.01.13,
21382788,cutting jet,切割射流,114.01.13,
21382789,cutting ring,切削環,114.01.13,
21382790,cyclic change,反復變化,114.01.13,
21382791,cyclic degradation,循環衰減,114.01.13,
21382792,cyclic load test,反復加載試驗；循環加載試驗,114.01.13,
21382793,cyclic loading,反復荷載；循環荷載,114.01.13,
21382794,cyclic simple shear test,反復單剪試驗,114.01.13,
21382795,cyclic stress,反復應力；循環應力,114.01.13,
21382796,cyclic triaxial test,反復荷載三軸試驗；動三軸試驗,114.01.13,
21382797,cyclone pump,旋流泵,114.01.13,
21382798,cylinder pile foundation,圓柱樁基礎,113.04.19,
21382799,cylindrical rubber fender,圓柱形橡膠護舷,114.01.13,
21382800,daily site record,工地日誌,114.02.04,
21382801,dam,壩,113.04.19,
21382802,damage index,損傷指數,114.02.04,
21382803,damp,微潮；潮濕,114.02.04,
21382804,damp proof course,防潮處理；防潮流程,114.02.04,
21382805,damping,阻尼,113.04.25,
21382806,damping ratio,阻尼比,113.04.25,
21382807,dangerous goods licence,危險品許可證,114.02.04,
21382808,dashpot,阻尼器；減震器,114.02.04,
21382809,data acquisition,數據收集；資料收集；資料擷取,114.02.04,
21382810,data processing system,數據處理系統；資料處理系統,114.02.04,
21382811,deaired water,除氣水,114.02.04,
21382812,debris,岩屑；泥石,114.02.04,
21382813,debris avalanche,岩屑崩落；泥石崩滑,114.02.04,
21382814,debris flow deposit,土石流堆積物；泥石流堆積物,114.02.04,
21382815,debris flow fan,土石流堆積扇；泥石流堆積扇,114.02.04,
21382816,debris run-out,土石流流動距離,114.02.04,
21382817,debris slide,土石滑動；泥石滑移,114.02.04,
21382818,decay time,衰減時間,113.04.25,
21382819,decompaction,崩解,114.02.04,
21382820,decomposed granite,崩解花崗岩,114.02.04,
21382821,decomposed volcanics,崩解火山岩,114.02.04,
21382822,decomposition,分解；分解作用,114.02.04,
21382823,decompression curve,解壓曲線；減壓曲線,114.02.04,
21382824,decontamination,去汙；除汙,113.04.25,
21382825,deep foundation,深基礎,113.04.19,
21382826,deep seated landslide,深層滑坡；深層地滑,114.02.04,
21382827,deep-mixed pile,深層攪拌樁,113.04.19,
21382828,deflected pile,偏位樁；偏斜樁,114.02.04,
21382829,deflocculant,分散劑；解凝劑,113.04.25,
21382830,deflocculating agent,分散劑；去絮凝劑,114.02.04,
21382831,deflocculation,去絮凝作用,114.02.04,
21382832,deformability,變形性,113.04.25,
21382833,deformeter,變形儀；變形測定器,114.02.04,
21382834,degradation,降解；衰化,114.02.04,
21382835,degradation index,降解指數；衰化指數,114.02.04,
21382836,degree of consolidation,壓密度,114.02.04,
21382837,degree of freedom,自由度,113.04.25,
21382838,degree of saturation,飽和度,114.02.04,
21382839,degree of shrinkage,收縮度,114.02.04,
21382840,dehydration test,脫水試驗,114.02.04,
21382841,deltaic deposit,三角洲沉積物,114.02.04,
21382842,Demec gauge,縫隙測量計,114.02.04,
21382843,dense sand,緊密砂,114.02.04,
21382844,densification,加密；加密作用,114.02.04,
21382845,density bottle,比重瓶,114.02.04,
21382846,density index,密度指數,114.02.04,
21382847,density meter,密度計,114.02.04,
21382848,density of collapse,塌陷密度,114.02.04,
21382849,density of dry soil,乾土密度,114.02.04,
21382850,density of saturated soil,飽和土密度,114.02.04,
21382851,density of soil,土壤密度,114.02.04,
21382852,density of solid particles,土粒密度,114.02.04,
21382853,density of submerged soil,浸沒土密度,114.02.04,
21382854,density of water,水密度,114.02.04,
21382855,density probe,密度探測儀,114.02.04,
21382856,densometer,密度計；比重計,114.02.04,
21382857,denudation,剝蝕作用,114.02.04,
21382858,deposit,沉積；沉積物,114.02.04,
21382859,deposition point,最遠沉積點,114.02.04,
21382860,depression cone,水位洩降錐,114.02.04,
21382861,depth factor,埋深因數,114.02.04,
21382862,depth of flow,水流深度,113.04.25,
21382863,depth of foundation,基礎埋置深度,114.02.04,
21382864,depth of penetration,貫入深度,114.02.04,
21382865,depth of scour,沖刷深度,114.02.04,
21382866,depth ratio,埋深比,114.02.04,
21382867,derrick barge,浮式起重機,114.02.04,
21382868,design discharge,設計流量,113.04.25,
21382869,designated separating sieve,指定分離篩,113.04.25,
21382870,desilting material,清淤料；疏浚料,114.02.04,
21382871,deswamping,去沼澤化,114.02.04,
21382872,detailed exploration,細部探勘；詳細探勘,114.02.04,
21382873,detailed geotechnical investigation,細部大地工程調查,114.02.04,
21382874,detailed survey,細部測量；詳細測量,114.02.04,
21382875,detection limit,偵測限度,113.04.25,
21382876,detection monitoring,偵測監控,113.04.25,
21382877,detonating relay,起爆器,114.02.04,
21382878,detonator,雷管,114.02.04,
21382879,detrital sediment,碎屑沉積,114.02.04,
21382880,detritus,岩屑；碎屑,114.02.04,
21382881,deviator stress,軸差應力,114.02.04,
21382882,deviatoric state of stress,軸差應力狀態,114.02.04,
21382883,deviatoric strain,軸差應變,113.04.25,
21382884,deviatoric stress,軸差應力,114.02.04,
21382885,Devonian,泥盆紀；泥盆系,114.02.04,
21382886,dewatering,袪水；降水位；脫水,114.02.04,
21382887,D-horizon,D層；下伏岩土層,114.02.04,
21382888,diagenesis,成岩作用,114.02.04,
21382889,dial gauge,測微計,114.03.05,
21382890,diaphragm,連續壁；隔板,114.03.05,
21382891,diaphragm wall,連續壁,114.03.05,
21382892,dielectric dispersion,介電分散,114.03.05,
21382893,differential frost heave,不均勻凍脹,114.03.05,
21382894,differential global positioning system (DGPS),差分全球定位系統,114.03.05,
21382895,differential heave,差異隆起；不均勻隆起,114.03.05,
21382896,differential settlement,差異沉陷；不均勻沉陷,114.03.05,
21382897,differential thermal analysis,差熱分析,114.03.05,
21382898,differential-acting steam hammer,差動汽錘,114.03.05,
21382899,difficult ground,困難地盤,114.03.05,
21382900,diffuse double layer,擴散電雙層,114.03.05,
21382901,diffuse flow,擴散流,114.03.05,
21382902,diffusion potential,擴散勢能,114.03.05,
21382903,digital echo sounder,數位回聲測深儀,114.03.05,
21382904,digital map,數位地圖,114.03.05,
21382905,digital tape,數位磁帶,114.03.05,
21382906,digitizer,數化儀,114.03.05,
21382907,dilatancy,膨脹性；剪脹性,114.03.05,
21382908,dilatation,膨脹；擴張,114.03.05,
21382909,dilatational wave,膨脹波,114.03.05,
21382910,dilation,膨脹；擴張,114.03.05,
21382911,dilation rate,膨脹率,114.03.05,
21382912,dilatometer,膨脹儀；膨脹計,114.03.05,
21382913,diluvium,洪積層,114.03.05,
21382914,dimensional analysis,因次分析,114.03.05,
21382915,diorite,閃長岩,114.03.05,
21382916,dip,傾斜；傾向,114.03.05,
21382917,dipmeter,測傾儀,114.03.05,
21382918,dipole,偶極,114.03.05,
21382919,direct shear apparatus,直接剪力儀；直剪儀,114.03.05,
21382920,direct shear test,直剪試驗,114.03.05,
21382921,direct simple shear test,直接單剪試驗,114.03.05,
21382922,disaggregation,崩解,114.03.05,
21382923,discharge velocity,放流速度,113.04.25,
21382924,disconformeable plane,假整合,114.03.05,
21382925,disconformity,不整合,114.03.05,
21382926,discontinuity,不連續面,114.03.19,
21382927,discretization,離散化,114.03.19,
21382928,disintegration,崩解；分解,114.03.19,
21382929,dislocation,錯位；差排,114.03.19,
21382930,dispersion,分散作用,114.03.19,
21382931,dispersive soil,分散性土壤,114.03.19,
21382932,displacement,位移,114.03.19,
21382933,displacement gradient field,位移梯度場,114.03.19,
21382934,displacement gradient tensor,位移梯度張量,114.03.19,
21382935,displacement grouting,擠入灌漿,113.04.25,
21382936,displacement increment,位移增量,114.03.19,
21382937,displacement pile,位移樁,114.03.19,
21382938,disposal dump,垃圾處理場,114.03.19,
21382939,dissipation,消散,114.03.19,
21382940,dissipation test,消散試驗,114.03.19,
21382941,dissolved oxygen,溶氧,114.03.19,
21382942,dissolved salts,溶解鹽類,114.03.19,
21382943,distortion,扭曲變形；扭曲；扭變,113.04.25,
21382944,distortional wave,扭曲波,114.03.19,
21382945,disturbed sample,擾動土樣；擾動樣本,114.03.19,
21382946,disturbed soil,擾動土壤,114.03.19,
21382947,disturbed soil sample,擾動土樣,113.04.19,
21382948,divergence loss,發散損耗；擴散損耗,113.04.25,
21382949,dock,船塢；碼頭,114.03.19,
21382950,dolerite,輝綠岩；粗粒玄武岩,114.03.19,
21382951,dolerite dyke,輝綠岩岩脈；粗粒玄武岩岩脈,114.03.19,
21382952,doline,陷穴；陷坑；滲穴,114.03.19,
21382953,dolomite,白雲石；白雲岩,114.03.19,
21382954,dome foundation,穹頂結構基礎,114.03.19,
21382955,Doppler effect,都卜勒效應,114.03.19,
21382956,double amplitude,雙振幅,114.03.19,
21382957,double layer,雙層；電雙層,114.03.19,
21382958,double shear test,雙面剪切試驗；雙剪試驗,114.03.19,
21382959,double track tunnel,雙軌隧道,114.03.19,
21382960,dowel bar,綴縫筋；榫筋；傳力桿,114.03.19,
21382961,downhole method,下孔法,114.03.19,
21382962,downhole seismic test,下孔式震測法,114.03.19,
21382963,draft plan,草案計畫,114.03.19,
21382964,drag bit,曳引鑽頭,113.04.25,
21382965,drag force,拖曳力；阻力,114.03.19,
21382966,draghead,拖曳吸頭,114.03.19,
21382967,drainage blanket,排水墊層,114.03.19,
21382968,drainage channel,排水渠；排水道,114.03.19,
21382969,drainage curtain,排水幕,113.04.25,
21382970,drainage gallery,排水廊道,114.03.19,
21382971,drainage material,排水材料,114.03.19,
21382972,drainage path,排水路徑,114.03.19,
21382973,drainage reserve,排水保留區,114.03.19,
21382974,drainage well,排水井,114.03.19,
21382975,drained shear test,排水剪切試驗,114.03.19,
21382976,drained triaxial test,排水三軸試驗,114.03.19,
21382977,drawdown,洩降,114.03.19,
21382978,drawdown ratio,降水比,114.03.19,
21382979,dredge level,疏浚標高,114.04.23,
21382980,dredge loss,疏浚損失,114.04.23,
21382981,dredgeability,疏浚能力,114.04.23,
21382982,dredged material,浚渫料,114.04.23,
21382983,dredging,浚渫；疏浚；挖泥；挖掘,114.04.23,
21382984,dressed block,修整石塊,114.04.23,
21382985,drill,鑽；鑽機,113.04.25,
21382986,drill bit,鑽頭,114.04.23,
21382987,drill cuttings,鑽屑,113.04.25,
21382988,drill rig,鑽探機具,114.04.23,
21382989,drill rod,鑽桿,114.04.23,
21382990,drillability,可鑽性,113.04.25,
21382991,drilled caisson,鑽掘沉箱,114.04.23,
21382992,drilled shaft,鑽掘樁；鑽掘墩柱,114.04.23,
21382993,driller,鑽機,114.04.23,
21382994,drilling,鑽,114.04.23,
21382995,drilling fluid,鑽孔液,114.04.23,
21382996,drilling hole,鑽孔,114.04.23,
21382997,drilling log,鑽孔柱狀圖；鑽孔井錄,114.04.23,
21382998,drilling machine,鑽孔機,114.04.23,
21382999,drilling mud,鑽孔泥漿,114.04.23,
21383000,drilling record,鑽孔記錄,114.04.23,
21383001,drilling rig,鑽機,114.04.23,
21383002,drive sampler,打入式取樣器,114.04.23,
21383003,driven pile,打擊樁；打入樁,113.04.19,
21383004,driving formula,打樁公式,114.04.23,
21383005,driving test,打樁試驗,114.04.23,
21383006,drop hammer,落錘；重力落錘,114.04.23,
21383007,Drucker-Prager criterion,杜拉克-普拉格準則,114.04.23,
21383008,dry bulk density,乾統體密度,113.04.25,
21383009,dry compaction,乾夯實,114.04.23,
21383010,dry density,乾密度,114.04.23,
21383011,dry film thickness,乾膜厚度,114.04.23,
21383012,dry oven,烘箱,114.04.23,
21383013,dry rodding,乾搗；乾搗實,114.04.23,
21383014,dry sieving,乾篩,114.04.23,
21383015,dry unit weight,乾單位重,114.04.23,
21383016,ductile iron,延性鑄鐵,114.04.23,
21383017,ductility,延展性；延性,114.04.23,
21383018,dumping site,卸土區,114.04.23,
21383019,dumping truck,卸土車,114.04.23,
21383020,dune,砂丘,114.04.23,
21383021,Dupuit equation,杜布依特方程式,114.04.23,
21383022,durability,耐久性,113.04.19,
21383023,dustpan dredger,簸箕式疏浚機,114.04.23,
21383024,Dutch cone penetrometer,荷蘭錐貫入儀,114.04.23,
21383025,Dutch cone test,荷蘭錐貫入試驗,114.04.23,
21383026,dye tracer,染料示蹤劑,113.04.25,
21383027,dynamic analysis,動態分析；動力分析,114.04.23,
21383028,dynamic compaction,動力夯實,114.04.23,
21383029,dynamic cone penetrometer,動態圓錐貫入儀,114.04.23,
21383030,dynamic consolidation,動力壓密,114.04.23,
21383031,dynamic elastic modulus,動態彈性模數,114.04.23,
21383032,dynamic load,動態荷載,114.04.23,
21383033,dynamic magnification factor,動態放大因數,114.04.23,
21383034,dynamic resistance,動態阻力,114.04.23,
21383035,dynamic strain,動態應變,114.04.23,
21383036,dynamic stress,動態應力,114.04.23,
21383037,dynamic subgrade reaction,動態地基反力；動態地盤反力,114.04.23,
21383038,dynamic triaxial test,動力三軸試驗,114.04.23,
21383039,dynamic viscosity,動態黏度,114.04.23,
21383040,dynamite,代納邁炸藥；硝化甘油炸藥,114.04.23,
21383041,earth anchor,地錨,114.04.23,
21383042,earth auger,螺旋鑽,114.04.23,
21383043,earth borer,鑽土器,114.04.23,
21383044,earth cofferdam,土堤圍堰,114.04.23,
21383045,earth crust,地殼,114.04.23,
21383046,earth dam,土壩,114.05.21,
21383047,earth embankment,土堤；土堰,114.04.23,
21383048,earth excavation,土方開挖；挖土,114.04.23,
21383049,earth fill cofferdam,填土圍堰,114.04.23,
21383050,earth load,土壤荷載,114.04.23,
21383051,earth pile,土樁,114.04.23,
21383052,earth pressure,土壓力；土壓,114.04.23,
21383053,earth pressure at rest,靜止土壓力,113.04.19,
21383054,earth pressure coefficient,土壓力係數,114.04.23,
21383055,earth pressure theory,土壓力理論,113.10.22,
21383056,earth science,地球科學,114.04.23,
21383057,earth slump,土石坍滑,114.04.23,
21383058,earthenware pipe,陶管,114.04.23,
21383059,earthfill slope,填方邊坡；填土邊坡,114.04.23,
21383060,earthquake fault,地震斷層,114.05.21,
21383061,earthquake focus,震源,114.05.21,
21383062,earthquake force,地震力,114.05.21,
21383063,earthquake hazard assessment,地震災害評估,114.05.21,
21383064,earthquake intensity,地震震度,114.05.21,
21383065,earthquake magnitude,地震規模,114.05.21,
21383066,earthquake prediction,地震預測,114.05.21,
21383067,earthquake resistant design,耐震設計,114.05.21,
21383068,earthquake response spectrum,地震反應譜,114.05.21,
21383069,earthquake subsidence,震陷,114.05.21,
21383070,earthquake wave,地震波,114.05.21,
21383071,earthquake-proof foundation,抗震基礎,114.05.21,
21383072,earthquake-proof joint,耐震接頭,114.05.21,
21383073,eccentricity,偏心率；偏心距,114.05.21,
21383074,eccentricity coefficient,偏心係數,114.05.21,
21383075,echo sounding,回聲測深,114.05.21,
21383076,edge-to-face flocculation,邊對面絮凝,114.05.21,
21383077,effect of surcharge,超載效應,114.05.21,
21383078,effective angle of internal friction,有效內摩擦角,114.05.21,
21383079,effective cohesion,有效凝聚力,114.05.21,
21383080,effective drainage porosity,有效排水孔隙率,113.04.25,
21383081,effective force,有效力,113.04.25,
21383082,effective grain size,有效粒徑,114.05.21,
21383083,effective normal stress,有效正應力;有效正向應力,114.05.21,
21383084,effective overburden pressure,有效覆蓋壓力,114.05.21,
21383085,effective stress,有效應力,114.05.21,
21383086,effective stress parameter,有效應力參數,114.05.21,
21383087,effective stress path,有效應力路徑,114.05.21,
21383088,effective unit weight,有效單位重,114.05.21,
21383089,efficiency formula,效率公式,114.05.21,
21383090,efflux time,射流時間,113.04.25,
21383091,elastic beam,彈性梁,114.05.21,
21383092,elastic compression,彈性壓縮,114.05.21,
21383093,elastic constant,彈性常數,114.05.21,
21383094,elastic distortion,彈性扭曲變形;彈性畸變,114.05.21,
21383095,elastic equilibrium,彈性平衡,114.05.21,
21383096,elastic half-space theory,彈性半空間理論,114.05.21,
21383097,elastic heave,彈性隆起,114.05.21,
21383098,elastic line,彈性線,114.05.21,
21383099,elastic medium,彈性介質,114.05.21,
21383100,elastic semi-infinite body,彈性半無限體,114.05.21,
21383101,elastic state of equilibrium,彈性平衡狀態,114.05.21,
21383102,elastic subgrade reaction,彈性路基反力,114.05.21,
21383103,elastic visco-plastic model,彈黏塑性模式,114.05.21,
21383104,elastic wall,彈性牆,114.05.21,
21383105,elastic wave,彈性波,114.05.21,
21383106,elastic-plastic behavior,彈塑性行為,114.05.21,
21383107,elastic-plastic model,彈塑性模式,114.05.21,
21383108,elastic-plastic solid,彈塑性體,114.05.21,
21383109,elastic-plasticity of soil,土壤彈塑性,114.05.21,
21383110,elasto-plastic model,彈塑性模式,113.05.22,
21383111,elasto-plasticity theory,彈塑性理論,114.05.21,
21383112,electric crane,電動起重機,114.05.21,
21383113,electric detonator,電雷管,114.05.21,
21383114,electric double layer,電雙層,114.05.21,
21383115,electric log,電井測,113.04.25,
21383116,electric profiling,電測剖面法,114.05.21,
21383117,electrical piezometer,電子水壓計,114.05.21,
21383118,electrical prospecting,電探法,114.05.21,
21383119,electrical resistivity,電阻率,114.05.21,
21383120,electrical sounding,電探,114.05.21,
21383121,electrochemical effect,電化學效應,114.05.21,
21383122,electrochemical hardening,電化學加固,114.05.21,
21383123,electrochemical process,電化程序,114.05.21,
21383124,electrochemical soil stabilization,電化學土壤穩固,113.04.19,
21383125,electrochemical stabilization,電化學穩固,114.05.21,
21383126,electrokinetic coupling,電動耦合,114.05.21,
21383127,electrokinetic phenomena,電動現象,114.05.21,
21383128,electrokinetic potential,電位,114.05.21,
21383129,electrokinetics,電動力學,113.04.25,
21383130,electromagnetic attraction,電磁引力,114.06.23,
21383131,electromagnetic oscillator,電磁振盪器,114.06.23,
21383132,electromagnetic prospecting,電磁探勘,114.06.23,
21383133,electromagnetic subsurface probing,電磁地下探測,114.06.23,
21383134,electron microscope,電子顯微鏡,114.06.23,
21383135,electronic chart,電子海圖,114.06.23,
21383136,electronic distance measurement,電子測距法,114.06.23,
21383137,electronic map,電子地圖,114.06.23,
21383138,electro-osmosis,電滲,114.06.23,
21383139,electro-osmosis consolidation,電滲透壓密,113.12.03,
21383140,electro-osmosis drainage,電滲排水,114.03.19,
21383141,electro-osmotic drainage,電滲排水,114.06.23,
21383142,electro-osmotic stabilization,電滲加固,114.06.23,
21383143,electro-osmotic transmission coefficient,電滲傳導係數,114.06.23,
21383144,electrostatic force,靜電力,114.06.23,
21383145,elevated interchange,高架交流道,114.06.23,
21383146,elevation of borehole,孔口高程；鑽孔高程,114.06.23,
21383147,e-log p curve,孔隙比-對數壓力曲線；孔隙比-對數平均有效壓力曲線,114.06.23,
21383148,elutriation test,淘析試驗,114.06.23,
21383149,eluvial soil,淋洗殘積土；淋濾殘積土,114.06.23,
21383150,eluviation,淋洗作用；淋濾作用,114.06.23,
21383151,eluvium,淋洗殘積層,114.06.23,
21383152,embankment,岸堤,113.05.22,
21383153,embankment dam,堆填壩,114.06.23,
21383154,embeded construction,嵌埋式構造,114.06.23,
21383155,embeded depth,埋置深度,114.06.23,
21383156,embedment,埋置；埋置物,114.06.23,
21383157,emergency works,緊急工程,114.06.23,
21383158,end restraint effect,端部約束效應,114.06.23,
21383159,end-bearing pile,點承樁,114.06.23,
21383160,endochronic theory,內涵時間理論,114.06.23,
21383161,end-tipping,端傾卸,114.06.23,
21383162,energy ratio,能量比,114.06.23,
21383163,engineered fill,工程填料,114.06.23,
21383164,engineering geological condition,工程地質條件,114.06.23,
21383165,engineering geological evaluation,工程地質評估,114.06.23,
21383166,engineering geological exploration,工程地質探勘,114.06.23,
21383167,engineering geological investigation,工程地質調查,114.06.23,
21383168,engineering geological map,工程地質圖,114.06.23,
21383169,engineering geological mapping,工程地質繪圖；工程地質測繪,114.06.23,
21383170,engineering geological prospecting,工程地質勘察,114.06.23,
21383171,Engineering News formula,工程新聞打樁公式,114.06.23,
21383172,engineering practice,工程實務,114.06.23,
21383173,engineering property,工程性質,114.06.23,
21383174,engineering survey,工程測量,114.06.23,
21383175,engineering treatment,工程處理,114.06.23,
21383176,enlarged base,擴座,114.06.23,
21383177,entrained material,攜帶物,114.06.23,
21383178,entrainment factor,傳輸因子；傳輸因數,114.06.23,
21383179,envelope grouting,包絡灌漿,113.04.25,
21383180,environmental data,環境資料,114.06.23,
21383181,environmental effect,環境效應,114.06.23,
21383182,environmental engineering geology,環境工程地質學,114.06.23,
21383183,environmental factor,環境因子；環境因數,114.06.23,
21383184,environmental geology,環境地質學,114.06.23,
21383185,environmental hydrogeology,環境水文地質學,114.06.23,
21383186,environmentally sensitive industries,環境敏感產業,114.06.23,
21383187,eolian deposit,風積土,114.06.23,
21383188,epeirogenic movement,造陸運動,114.06.23,
21383189,epeirogeny,造陸作用,114.06.23,
21383190,epicenter,震央,114.06.23,
21383191,equation,公式；方程式,114.06.23,
21383192,equipotential line,等勢能線；等位線,114.06.23,
21383193,equivalent angle of internal friction,等效內摩擦角,114.06.23,
21383194,equivalent consolidation pressure,等效壓密壓力,114.06.23,
21383195,equivalent damping ratio,等效阻尼比,114.06.23,
21383196,equivalent diameter,等效直徑,114.06.23,
21383197,equivalent fluid,等效流體,114.06.23,
21383198,equivalent grain size,等效粒徑,114.06.23,
21383199,equivalent soil layer method,等效土層法；等值土層法,114.06.23,
21383200,equivalent specific heat,等效比熱,114.06.23,
21383201,equivalent stress,等效應力,114.06.23,
21383202,equivalent time,等效時間,114.06.23,
21383203,equivalent weight replacement method,等效重量置換法,114.06.23,
21383204,equivoluminal wave,等體積波,114.06.23,
21383205,erosion activity,侵蝕作用,114.06.23,
21383206,erosion control blanket (ECB),防蝕護毯,113.04.25,
21383207,erosion gully,侵蝕溝；沖蝕溝,114.06.23,
21383208,erosion surface,侵蝕面,114.06.23,
21383209,establishment period,創設期,114.07.31,
21383210,estavelle,岩溶消溢穴,114.07.31,
21383211,estuarine deposit,河口沉積物,114.07.31,
21383212,excavation works,開挖工程，挖掘工程,114.07.31,
21383213,excavator,挖土機,114.07.31,
21383214,excess pore water pressure,超額孔隙水壓,114.07.31,
21383215,exchange capacity,交換能力；交換容量,113.04.25,
21383216,excitation,激發,114.07.31,
21383217,exit angle,流出角；出射角,114.07.31,
21383218,exit gradient,流出梯度,114.07.31,
21383219,exogenic geological hazard,外營地質災害,114.07.31,
21383220,exogenous process,外營作用,114.07.31,
21383221,expandability,擴充性,114.07.31,
21383222,expanding auger,擴孔鑽,114.07.31,
21383223,expansion index,膨脹指數,114.07.31,
21383224,expansive soil,膨脹土；膨脹性土,114.07.31,
21383225,exploitation,開發；開採 ,114.07.31,
21383226,exploration,探勘；探查,114.07.31,
21383227,exploratory adit,探查橫坑,114.07.31,
21383228,exploratory borehole,探查鑽孔,114.07.31,
21383229,exploratory phase,探查階段；探勘階段,114.07.31,
21383230,exploratory pit,探查坑,114.07.31,
21383231,exploratory point,探查點,114.07.31,
21383232,exploratory shaft,探查井；探測井,114.07.31,
21383233,exploratory trench,探查槽溝,114.07.31,
21383234,explosive compaction,炸震夯實,114.07.31,
21383235,explosives depot,炸藥庫,114.07.31,
21383236,extension,伸張,113.04.25,
21383237,extension test,伸張試驗,114.07.31,
21383238,extensometer,伸張計；伸縮儀,114.07.31,
21383239,external water pressure,外水壓力,114.07.31,
21383240,extract,萃取,114.07.31,
21383241,extractor,拔樁機；萃取器,114.07.31,
21383242,extrados,拱背；外弧線,113.04.25,
21383243,extrapolation,外推法,114.07.31,
21383244,extra-sensitive clay,超靈敏性黏土,114.07.31,
21383245,extreme event,極端事件,114.07.31,
21383246,extreme loading condition,極端荷載條件,114.07.31,
21383247,extruder,頂土器,114.07.31,
21383248,extrusion test,擠出試驗,114.07.31,
21383249,extrusive rock,噴出岩,114.07.31,
21383250,fabric,織物；組構,113.04.25,
21383251,fabric analysis,組構分析,114.07.31,
21383252,fabric anisotropy,組構異向性,114.07.31,
21383253,fabric form,組構形式；織物型態,114.07.31,
21383254,fabric peak strength,織物尖峰強度,114.07.31,
21383255,facing stone,面層石；護層石,114.07.31,
21383256,factor,因數；係數；因素,114.07.31,
21383257,factor of reduction,折減因數,114.07.31,
21383258,factor of safety,安全因數；安全係數,114.07.31,
21383259,factor of safety against overturning,抗傾倒安全因數；抗傾倒安全係數,114.07.31,
21383260,factor of safety against sliding,抗滑安全因數；抗滑安全係數,114.07.31,
21383261,failure,破壞；失效,114.07.31,
21383262,failure criterion,破壞準則,114.07.31,
21383263,failure envelope,破壞包絡線；破壞包絡面,114.07.31,
21383264,failure mechanism,破壞機制,114.07.31,
21383265,failure plane,破壞面,114.07.31,
21383266,failure scar,崩崖；崩塌殘壁,114.07.31,
21383267,failure strain,破壞應變,114.07.31,
21383268,failure stress,破壞應力,114.07.31,
21383269,failure surface,破壞面,114.07.31,
21383270,failure volume,坍塌體積；崩塌體積,114.07.31,
21383271,failure wedge,坍塌楔塊；崩塌楔塊,114.07.31,
21383272,fall cone method,落錐法{液限試驗},114.08.22,
21383273,falling cone method,落錐法{液限試驗},114.08.22,
21383274,falling head permeability test,變水頭試驗,114.08.22,
21383275,fault,斷層；接縫高差,113.04.25,
21383276,fault breccia,斷層角礫岩,114.08.22,
21383277,fault creep,斷層潛移；斷層蠕動,114.08.22,
21383278,fault displacement,斷層位移,114.08.22,
21383279,fault gouge,斷層泥,114.08.22,
21383280,fault zone,斷層帶,114.08.22,
21383281,feasibility,可行性,114.08.22,
21383282,feasibility assessment,可行性評估,114.08.22,
21383283,feasibility design,可行性設計,114.08.22,
21383284,feeler inspection,探隙檢測,114.08.22,
21383285,feldspar porphyry dyke,長石斑岩脈,114.08.22,
21383286,Fellenius method of slices,費倫尼斯切片法,114.08.22,
21383287,fen,泥炭質沼澤,114.08.22,
21383288,fence diagram,柵狀圖,114.08.22,
21383289,fencing,圍籬；圍欄,114.08.22,
21383290,fender,防護墊,114.08.22,
21383291,fender pile,防護樁,114.08.22,
21383292,fendering system,護舷系統,114.08.22,
21383293,Ferret's triangle,菲瑞特三角圖,114.08.22,
21383294,ferrihydrite,褐鐵礦；水合氧化鐵,114.08.22,
21383295,fetch length,風浪作用距離,114.08.22,
21383296,fibrous soil,纖維質土壤,114.08.22,
21383297,field bearing test,現地承載力試驗,114.08.22,
21383298,field book,野外手簿；野帳本,114.08.22,
21383299,field data,野外資料,114.08.22,
21383300,field inspection,野外檢測,114.08.22,
21383301,field loading test,現地荷載試驗,114.08.22,
21383302,field measurement,現地量測,114.08.22,
21383303,field moisture equivalent,工地溼當量；現地含水當量,114.08.22,
21383304,field recompression curve,現地再壓縮曲線,114.08.22,
21383305,field seepage test,現地滲透試驗,113.04.19,
21383306,field survey,野外測量；野外勘測,114.08.22,
21383307,field test,現地試驗,114.08.22,
21383308,field vane shear test,現地記錄表,114.08.22,
21383309,field vane test,現地十字片剪試驗,114.08.22,
21383310,fill,填方；填土,114.08.22,
21383311,fill material,填方材料；填土材料,114.08.22,
21383312,fill resources,填料資源,114.08.22,
21383313,fill slope,填坡；回填坡,114.08.22,
21383314,fill source,填料來源,114.08.22,
21383315,fill structure,填土結構；填築結構,114.08.22,
21383316,filling,夾心{岩石力學},113.04.25,
21383317,filter,濾層；過濾器,114.08.22,
21383318,filter bedding stone,濾層石,113.04.25,
21383319,filter blanket,過濾鋪層；過濾護毯,114.08.22,
21383320,filter mat,濾墊,114.08.22,
21383321,filter paper drain,濾紙排水,114.08.22,
21383322,final penetration,最終貫入度,114.08.22,
21383323,final settlement,最終沉陷量,114.08.22,
21383324,fine gravel,細礫,114.08.22,
21383325,fine sand,細砂,113.04.19,
21383326,fine-grained soil,細粒土,113.04.19,
21383327,finger pier,突堤碼頭,114.08.22,
21383328,finite element method (FEM),有限元素法,114.08.22,
21383329,fishing tool,撈具{鑽探工程},113.04.25,
21383330,fissure,裂隙,114.08.22,
21383331,fissured clay,裂隙黏土,113.05.22,
21383332,fixed boundary condition,固定邊界條件,114.08.22,
21383333,fixed piston sampler,固定活塞取樣器,114.08.22,
21383334,fixed-ring consolidometer,固定環式壓密儀,114.08.22,
21383335,flaky constituent,片狀成分,114.08.22,
21383336,flame cleaning,火焰清理,114.08.22,
21383337,flammable liquid,易燃液體,113.11.26,
21383338,flat dilatometer,平板膨脹儀,114.08.22,
21383339,flat jack,平板千斤頂,114.08.22,
21383340,flexible conduit,柔性管道,114.08.22,
21383341,flexible retaining structure,柔性支撐結構；柔性擋土結構,114.08.22,
21383342,flexure,撓曲,114.08.22,
21383343,floating crane,浮吊；浮式起重機,114.08.22,
21383344,floc,絮凝物；膠羽,113.04.25,
21383345,flocculation,絮凝；膠凝作用,113.04.25,
21383346,flocculent structure,絮凝結構；飛絮狀結構,113.04.25,
21383347,flow channel,水流渠道；流槽,114.01.13,
21383348,flow curve,流性曲線,113.04.25,
21383349,flow failure,流動型破壞,113.04.25,
21383350,flow function,流函數,113.04.25,
21383351,flow index,流性指數,113.04.25,
21383352,flow net,流網,113.04.25,
21383353,flow velocity,流速,113.04.25,
21383354,flowing ground,流動性地盤,113.04.25,
21383355,fluidifier,流化劑,113.04.25,
21383356,flush joint,平接頭,113.04.25,
21383357,fluvial deposit,河流堆積,113.04.19,
21383358,foliation,葉理,113.04.25,
21383359,footing,基腳,113.04.19,
21383360,footwall,下盤{地質},113.04.25,
21383361,forced oscillation,強制振盪,113.04.25,
21383362,forced vibration,強制振動,113.04.25,
21383363,forepoling,矢板工法；插板工法,113.04.25,
21383364,foundation,基礎,113.04.19,
21383365,foundation treatment,高壓噴射注漿法,113.05.22,
21383366,fracture,破裂；裂隙；斷口{地質},113.04.25,
21383367,fracture aperture,隙寬；裂隙寬度,113.07.11,
21383368,fracture frequency,破裂頻率,113.04.25,
21383369,fracture pattern,破裂型態,113.04.25,
21383370,fracture width,隙寬；裂隙寬度,113.07.11,
21383371,fracturing,破裂,113.04.25,
21383372,fragmentation,破碎作用；破碎度,113.04.25,
21383373,free vibration,自由振動,113.04.25,
21383374,friable rock,易碎岩石,113.04.25,
21383375,friction pile,摩擦樁,113.04.19,
21383376,frost action,凍融作用,113.04.25,
21383377,frost boil,凍沸,113.04.25,
21383378,frost heave,凍脹,113.04.25,
21383379,gel time,膠凝時間,113.04.25,
21383380,general shear failure,全面剪力破壞,113.05.22,
21383381,geophysical exploration,地球物理探勘,114.01.13,
21383382,geosynthetics,地工合成材；地工聚合物,113.05.22,
21383383,geotextile,地工織物,113.05.22,
21383384,glacial deposit,粒度分析,113.05.22,
21383385,grain size analysis,粒徑分析,113.04.25,
21383386,grain size curve,粒徑曲線,113.05.22,
21383387,granular material,顆粒材料,113.04.25,
21383388,granule,細礫,113.04.19,
21383389,gravel,礫石；卵礫石,113.04.19,
21383390,gravel pack,礫石填充材,113.04.25,
21383391,gravelly sand,礫砂；礫質砂,113.05.22,
21383392,gravelly soil,礫質土,113.05.22,
21383393,gravity grouting,重力灌漿,113.04.25,
21383394,groin,丁壩,113.04.25,
21383395,ground anchor,地錨,115.02.26,
21383396,ground arch,地拱,113.04.25,
21383397,ground treatment,地盤處理,113.05.22,
21383398,groundwater,地下水,113.05.22,
21383399,groundwater barrier,地下水障壁,113.04.25,
21383400,groundwater discharge,地下水流量,113.04.25,
21383401,groundwater elevation,地下水高程,113.04.25,
21383402,groundwater level,地下水位,113.04.25,
21383403,groundwater surface,地下水面,113.04.25,
21383404,group pile,群樁,113.05.22,
21383405,grout cap,灌漿帽,113.04.25,
21383406,grout gallery,灌漿廊道,113.04.25,
21383407,grout mix,灌漿料,113.04.25,
21383408,grout system,灌漿系統,113.04.25,
21383409,grout take,吃漿量；耗漿量,113.04.25,
21383410,groutability,可灌性,113.04.25,
21383411,grouted aggregate concrete,粒料灌漿混凝土,113.04.25,
21383412,hanging wall,上盤{地質},113.04.25,
21383413,hardpan,硬土盤,113.04.25,
21383414,high pressure jet grouting,高壓噴射灌漿法,113.05.22,
21383415,hydraulic fracturing,水力破裂,113.05.22,
21383416,hydraulic ram pile driver ,液壓式衝錘打樁機 ,113.07.11,
21383417,hypocenter,震源,114.05.21,
21383418,illite,伊利石,113.05.22,
21383419,initial compression,初期壓縮,113.04.25,
21383420,initial consolidation,初期壓密,113.04.25,
21383421,initiator,起爆器；起發劑,113.04.25,
21383422,inlet well,集水井,113.11.26,
21383423,in-situ direct shear test,現地直剪試驗,113.05.22,
21383424,in-situ test,現地試驗,113.05.22,
21383425,inspection,查驗；檢測,114.07.31,
21383426,internal friction angle,內摩擦角,113.04.19,
21383427,International Association for Engineering Geology and the Environment (IAEG),國際工程地質協會 ,113.06.14,
21383428,investigation,調查{綜合調查},114.07.31,
21383429,kaolinite,高嶺石；高嶺土,113.05.22,
21383430,laboratory soil test,室內土壤試驗,113.05.22,
21383431,lacustrine deposit,湖積層；湖泊沉積,113.05.22,
21383432,lateral earth pressure,側向土壓力,113.05.22,
21383433,laterite,紅土,113.05.22,
21383434,levee,堤,113.05.22,
21383435,lime soil,石灰質土,113.05.22,
21383436,limit equilibrium analysis,極限平衡分析,113.05.22,
21383437,liquefaction,液化,114.05.21,
21383438,liquid limit,液性限度,113.05.22,
21383439,liquidity index,液性指數,113.05.22,
21383440,local shear failure,局部剪力破壞,113.05.22,
21383441,loess,黃土,113.05.22,
21383442,long-term strength,長期強度,113.05.22,
21383443,medium sand,中砂,113.05.22,
21383444,mica,雲母,113.05.22,
21383445,minimum dry density,最小乾密度,113.04.25,
21383446,Mohr-Coulomb law,摩爾庫侖定律,113.05.22,
21383447,Mohr's envelope ,摩爾包絡線,113.05.22,
21383448,moist density,濕密度,113.04.25,
21383449,montmorillonite,蒙脫石 ; 蒙脫土,113.05.22,
21383450,non-displacement pile,非打入樁,113.05.22,
21383451,normally consolidated soil,正常壓密土,113.05.22,
21383452,oceanic deposit,海洋沉積,113.05.22,
21383453,oedometer test,壓密試驗,113.04.19,
21383454,oedometric modulus,側限壓密模數,113.05.22,
21383455,offshore deposit,離岸沉積,113.05.22,
21383456,open caisson foundation,開放式沉箱基礎,113.05.22,
21383457,organic soil,有機土,113.05.22,
21383458,osmotic pressure ,滲透壓 ,113.07.11,
21383459,overburden pressure,覆土壓力；覆蓋壓力,113.05.22,
21383460,overconsolidated soil,過壓密土,113.05.22,
21383461,particle density,顆粒密度,113.04.25,
21383462,particle size distribution,粒徑分布,113.04.25,
21383463,passive earth pressure,被動土壓力,113.05.22,
21383464,peak strength,尖峰強度,113.05.22,
21383465,peat ,泥炭,113.04.25,
21383466,pebble,小礫；小卵石,113.04.19,
21383467,percussion boring,衝擊鑽孔,113.08.22,
21383468,permafrost,永凍土,113.05.22,
21383469,permeability test,滲透試驗,113.05.22,
21383470,phreatic surface,自由水面,113.04.25,
21383471,pier foundation,墩基,113.05.22,
21383472,pile cap,樁帽,113.05.22,
21383473,pile end resistance,樁底阻力,114.06.23,
21383474,pile foundation,樁基礎；樁基,113.05.22,
21383475,piling dolly,樁墊,114.03.19,
21383476,pipe jacking,推管工法,113.12.03,
21383477,pipe roofing,管冪工法；管幕工法,113.04.25,
21383478,piping,管湧,113.05.22,
21383479,plastic limit,塑性限度,113.05.22,
21383480,plasticity index,塑性指數,113.05.22,
21383481,plate-loading test,平鈑載重試驗；平板載重試驗,113.05.22,
21383482,pneumatic caisson foundation,氣動沉箱基礎,113.04.19,
21383483,point bearing pile,點承樁,113.05.22,
21383484,pore pressure dissipation,孔隙壓力消散,113.05.22,
21383485,pore water pressure,孔隙水壓,113.05.22,
21383486,primary consolidation,主要壓密,113.05.22,
21383487,Proctor curve,夯實曲線,113.04.25,
21383488,progressive failure,漸進式破壞,113.05.22,
21383489,protective casing,保護套管,113.04.25,
21383490,protective filter,保護濾層,113.04.25,
21383491,punching shear failure ,貫穿剪力破壞,113.05.22,
21383492,radar geophysical survey,雷達地球物理調查,113.05.22,
21383493,raft foundation,筏基；筏式基礎,113.05.22,
21383494,Rankine state of stress,朗金應力狀態,113.05.22,
21383495,reconnaissance,初勘；踏勘,114.07.31,
21383496,reinforced concrete pile,鋼筋混凝土樁,113.05.22,
21383497,reinforced earth,加勁土,113.05.22,
21383498,reinforcement cage,鋼筋籠,113.09.10,
21383499,relative density test,相對密度試驗,113.05.22,
21383500,reliability ,可靠度,113.05.22,
21383501,remolded sample,重模樣本,113.05.22,
21383502,residual strength,殘餘強度,113.05.22,
21383503,retaining pile,擋土樁,113.04.19,
21383504,retaining wall,擋土牆,113.04.19,
21383505,Richter scale,芮氏規模,114.05.21,
21383506,rigid foundation,剛性基礎,113.05.22,
21383507,rigid-plastic model,剛塑性模型,113.05.22,
21383508,rock blasting,岩石爆破,113.08.22,
21383509,rock dentition,岩縫補隙,114.02.04,
21383510,rockfill dam,堆石壩,114.05.21,
21383511,rolling compaction,滾壓夯實；碾壓夯實,113.11.26,
21383512,saline soil,鹽漬土,113.05.22,
21383513,salty soil,鹽漬土,113.05.22,
21383514,sample,樣本,113.05.22,
21383515,sampling,取樣,113.05.22,
21383516,sand,砂,113.05.22,
21383517,sand drain,砂井,113.05.22,
21383518,sand pile,砂樁,113.05.22,
21383519,sandy silt,砂質粉土,113.05.22,
21383520,saturated collapse ,濕陷,113.11.26,
21383521,saturated density,飽和密度,113.04.25,
21383522,secondary consolidation,次要壓密,113.05.22,
21383523,seepage failure,滲流破壞,113.05.22,
21383524,seepage force,滲流力,113.05.22,
21383525,seismic geophysical  exploration,震波地球物理探勘,113.05.22,
21383526,seismic wave,地震波；震波,114.05.21,
21383527,serviceability,服務性,113.05.22,
21383528,settlement,沉陷,113.05.22,
21383529,shallow foundation,淺基礎,113.05.22,
21383530,shrinkage limit,縮性限度,113.05.22,
21383531,silicification,矽化作用,113.05.22,
21383532,silt,粉土,113.05.22,
21383533,silty clay,粉質黏土,113.05.22,
21383534,silty sand,粉質砂,113.05.22,
21383535,single footing,獨立基腳,113.05.22,
21383536,slab foundation,版式基礎,113.05.22,
21383537,slices method,切片法；圓弧切片分析法,113.10.22,
21383538,slip surface,滑動面,113.05.22,
21383539,sloughing,坍孔；沼澤化；垂流{噴凝土}；崩潰；崩塌,113.04.25,
21383540,soft clay,軟黏土,113.05.22,
21383541,soil binder,土壤結合料,113.04.25,
21383542,soil exploration,土壤探勘；土壤探查,113.05.22,
21383543,soil investigation,土壤調查,113.05.22,
21383544,soil profile,土壤剖面,113.05.22,
21383545,solid density,固體密度,113.04.25,
21383546,specimen,試體；試樣,113.05.22,
21383547,spread foundation,擴展式基礎,113.05.22,
21383548,state of plastic equilibrium,塑性平衡狀態,113.05.22,
21383549,static loading test,靜載重試驗,114.02.04,
21383550,steady flow,穩定流,113.04.25,
21383551,strain softening,應變軟化,113.05.22,
21383552,strain-controlled test,應變控制試驗,113.04.25,
21383553,stress-controlled test,應力控制試驗,113.04.25,
21383554,strip footing,條形基腳,113.04.19,
21383555,submerged density,浸水密度；浸沒密度,113.04.25,
21383556,substratum,基底層,113.05.22,
21383557,suction,吸力,113.05.22,
21383558,sump well,集水井,113.11.26,
21383559,superimposed load,外加載重,113.05.22,
21383560,surface casing,表層套管,113.04.25,
21383561,surface dry density ,面乾密度,113.04.25,
21383562,survey,測量；調查 {普查},114.07.31,
21383563,swelling pressure,膨脹壓力,113.05.22,
21383564,swelling soil,回脹性土壤,113.04.19,
21383565,telemetry ,遙測術 ,113.07.11,
21383566,texture,紋理；組構,113.04.25,
21383567,timber pile,木樁,113.05.22,
21383568,time factor,時間因數；時間因子,113.04.25,
21383569,total density,總密度,113.04.25,
21383570,total stress,總應力,113.05.22,
21383571,triaxial shear test,三軸剪力試驗,113.05.22,
21383572,true triaxial test apparatus,真三軸試驗儀,114.01.13,
21383573,tubular column foundation,管柱基礎,113.04.19,
21383574,ultimate bearing capacity,極限承載力,113.05.22,
21383575,unconfined compression test,無圍壓縮試驗,113.05.22,
21383576,unconfined compressive strength,無圍壓縮強度,113.04.25,
21383577,unconsolidated-undrained test (UU test),不壓密不排水試驗,113.04.25,
21383578,underlying stratum,下伏層,113.05.22,
21383579,underpinning method,托底工法,113.05.22,
21383580,undisturbed soil sample,未擾動土樣,113.05.22,
21383581,uniaxial compressive strength,單軸壓縮強度,113.04.25,
21383582,vacuum preloading,真空預壓,113.05.22,
21383583,vibrating roller,振動滾壓機,113.11.26,
21383584,vibro-densification,振動密實,113.05.22,
21383585,vibroflotation,振沖壓實工法；振動揚實法,113.05.22,
21383586,viscoelastic behavior,黏彈行為,113.05.22,
21383587,void ratio,孔隙比,113.05.22,
21383588,volcanic ash,火山灰,113.05.22,
21383589,water density,水密度,113.04.25,
21383590,wave velocity survey,波速調查,113.05.22,
21383591,wet density,濕密度,113.04.25,
21383593,environmental impact assessment (EIA),環境影響評估,114.06.23,
21383594,epoxy coating,環氧樹脂塗層,114.06.23,
21383595,equipressure line,等壓線,114.06.23,
21383596,failure loading,破壞荷載,114.07.31,
21383597,finite difference method (FDM),有限差分法,114.08.22,
