ID,英文名詞,中文名詞,詞類,更新日期
21383598,abutment line,橋台線,橋梁工程,
21383599,abutment wall,橋台軀體,橋梁工程,
21383600,abutting joint,對抵接頭；毗連接頭,橋梁工程,
21383601,accelerated bridge construction (ABC),快速橋梁施工,橋梁工程,
21383602,accelerated bridge program (ABP) ,快速橋梁施工計畫,橋梁工程,
21383603,accidental discovery,遺址發掘,橋梁工程,
21383604,acid Bessemer steel,酸性柏思麥鋼 ,橋梁工程,
21383605,acid open-hearth furnace,酸性平爐 ,橋梁工程,
21383606,acid open-hearth process,酸性平爐法,橋梁工程,
21383607,acid open-hearth steel,酸性平爐鋼 ,橋梁工程,
21383608,activity of cement,水泥活性,橋梁工程,
21383609,actual horsepower,實際馬力,橋梁工程,
21383610,adiabatic curve,絕熱曲線 ,橋梁工程,
21383611,adjustable eye-bar,可調式眼桿,橋梁工程,
21383612,adjustable key,活動扳手,橋梁工程,
21383613,adjustable member,可調桿件,橋梁工程,
21383614,adjusting key,活動扳手,橋梁工程,
21383615,administration,主管機關,橋梁工程,
21383616,adopt-a-bridge program,橋梁認養計畫,橋梁工程,
21383617,adulterant,摻假物,橋梁工程,
21383618,adulteration,摻假 ,橋梁工程,
21383619,advancing load stress,預加載重應力,橋梁工程,
21383620,adze,錛；錛鋤,橋梁工程,
21383621,aesthetic requirement,美學要求,橋梁工程,
21383622,air chamber,氣室 ,橋梁工程,
21383623,air compressor,空壓機；空氣壓縮機,橋梁工程,
21383624,air current,氣流,橋梁工程,
21383625,air cushion,氣墊,橋梁工程,
21383626,air cylinder,氣缸 ,橋梁工程,
21383627,air dolly,氣動台車,橋梁工程,
21383628,air gauge,氣壓計；氣壓表,橋梁工程,
21383629,air gun,氣槍,橋梁工程,
21383630,air hammer,氣鎚 ,橋梁工程,
21383631,air hoist,氣壓起重機,橋梁工程,
21383632,air hose,輸氣管,橋梁工程,
21383633,air line,航線；架空線；空氣線,橋梁工程,
21383634,air piston,氣動活塞 ,橋梁工程,
21383635,air pressure,氣壓,橋梁工程,
21383636,air pump,空氣泵；空氣幫浦,橋梁工程,
21383637,air reamer,氣動鉸孔機 ,橋梁工程,
21383638,air riveter,氣動鉚釘槍,橋梁工程,
21383639,air shaft,通風井 ,橋梁工程,
21383640,air slaked lime,風化石灰 ,橋梁工程,
21383641,air slaking,風化,橋梁工程,
21383642,air working chamber,沉箱工作氣室,橋梁工程,
21383643,air-blast,氣爆,橋梁工程,
21383644,air-lift,氣升器；氣力起重機 ,橋梁工程,
21383645,air-lift pump,氣升泵,橋梁工程,
21383646,air-lock,氣鎖室,橋梁工程,
21383647,air-receiver,貯氣箱；集氣箱,橋梁工程,
21383648,air-setting,空氣固化,橋梁工程,
21383649,algebraic curve,代數曲線 ,橋梁工程,
21383650,alkaline copper quarternary (ACQ),鹼性銅烷基銨化合物{木材防腐劑},橋梁工程,
21383651,alligator riveter,鉗口鉚釘機,橋梁工程,
21383652,alligator wrench,鱷齒扳手,橋梁工程,
21383653,allowable unit stress,容許單位應力,橋梁工程,
21383654,alloy,合金,橋梁工程,
21383655,alloy steel,合金鋼,橋梁工程,
21383656,alluvial deposition,沖積淤積；沖淤,橋梁工程,
21383657,all-welded construction bridge,全銲接[施工]橋梁,橋梁工程,
21383658,alternate layout,替代方案；替選方案,橋梁工程,
21383659,alternating current,交流電,橋梁工程,
21383660,alternative layout,替選配置,橋梁工程,
21383661,aluminum,鋁,橋梁工程,
21383662,aluminum bronze,鋁青銅 ,橋梁工程,
21383663,American Association of State and Highway Transportation Officials (AASHTO) ,美國國家公路與運輸官員協會,橋梁工程,
21383664,ammeter,電流計；安培計 ,橋梁工程,
21383665,amorphous,非晶質 ,橋梁工程,
21383666,amortization,資本攤提；攤銷,橋梁工程,
21383667,amount,總計；本利和,橋梁工程,
21383668,anchor arm,錨定端邊跨,橋梁工程,
21383669,anchor bar,錨定棒,橋梁工程,
21383670,anchor pier,錨定橋墩,橋梁工程,
21383671,anchor plate,錨定板,橋梁工程,
21383672,anchor shackle,錨接環,橋梁工程,
21383673,anchor span,錨定端邊跨,橋梁工程,
21383674,angle,角鋼；夾角,橋梁工程,
21383675,angle clip,剪力連接角鋼,橋梁工程,
21383676,angle joint,斜接；角接,橋梁工程,
21383677,angle lacing,角鋼繫條,橋梁工程,
21383678,angle lug,短角鐵；短角鋼,橋梁工程,
21383679,angle of friction,摩擦角,橋梁工程,
21383680,angle of rupture,破裂角,橋梁工程,
21383681,angle of torsion,扭角；扭轉角,橋梁工程,
21383682,angle shears,角鐵剪切機,橋梁工程,
21383683,angle strut,角鋼支撐；角鋼支柱；角鋼支桿,橋梁工程,
21383684,angle-iron,角鋼,橋梁工程,
21383685,angular fracture,角尖破裂；角端破裂,橋梁工程,
21383686,angular strain,扭轉應變；角應變,橋梁工程,
21383687,angular velocity,角速度,橋梁工程,
21383688,anneal,退火；回火；韌化,橋梁工程,
21383689,annealing furnace,退火爐 ,橋梁工程,
21383690,annual average daily traffic (AADT) ,年平均每日交通流量,橋梁工程,
21383691,annual exceedance probability (AEP) ,年超越機率,橋梁工程,
21383692,annuity,年金,橋梁工程,
21383693,anvil,鐵砧,橋梁工程,
21383694,anvil vise,砧鉗,橋梁工程,
21383695,apex,桁架頂點,橋梁工程,
21383696,apex load,桁架頂點載重,橋梁工程,
21383697,apparent stress,視應力 ,橋梁工程,
21383698,approach,引道,橋梁工程,
21383699,approach embankment,引道路堤,橋梁工程,
21383700,approach map,進橋版,橋梁工程,
21383701,approach railing ,引道欄杆,橋梁工程,
21383702,approach road,引道,橋梁工程,
21383703,approach slab ,進橋版,橋梁工程,
21383704,approach span,進橋版跨,橋梁工程,
21383705,aquaduct,渡槽,橋梁工程,
21383706,aqueduct,水道；渠道；渡槽；輸水道,橋梁工程,
21383707,arc,弧,橋梁工程,
21383708,arch barrel,拱體筒圈,橋梁工程,
21383709,arch buttress,拱扶壁；飛扶壁,橋梁工程,
21383710,arch centre,拱支撐,橋梁工程,
21383711,arch culvert,拱形橋涵,橋梁工程,
21383712,arch dam,拱壩,橋梁工程,
21383713,arch depth,拱深,橋梁工程,
21383714,arch face,拱立面,橋梁工程,
21383715,arch method ,拱構法,橋梁工程,
21383716,arch rib,拱肋,橋梁工程,
21383717,arch ring,拱圈,橋梁工程,
21383718,arch stone,拱石,橋梁工程,
21383719,arch truss,拱式桁架,橋梁工程,
21383720,archaeological investigation,考古調查,橋梁工程,
21383721,archaeological plan,考古計畫,橋梁工程,
21383722,archaeological report,考古報告,橋梁工程,
21383723,archaeological resource,考古資源,橋梁工程,
21383724,archaeological technician,考古技術人員,橋梁工程,
21383725,arch-back,拱背,橋梁工程,
21383726,arched girder,拱形梁；拱梁,橋梁工程,
21383727,arching action,拱勢作用；拱作用,橋梁工程,
21383728,architect,建築師,橋梁工程,
21383729,architect's rod,建築師用標尺,橋梁工程,
21383730,architects' scale,比例尺,橋梁工程,
21383731,architectural historian,建築史專家,橋梁工程,
21383732,architectural rod,建築桿件,橋梁工程,
21383733,area moment,面積矩,橋梁工程,
21383734,arithmetical progression,算術級數 ,橋梁工程,
21383735,asbestos packing,石棉襯墊,橋梁工程,
21383736,asbestos paper,石棉紙,橋梁工程,
21383737,asphalt furnace,瀝青爐,橋梁工程,
21383738,asphalt rock,瀝青岩 ,橋梁工程,
21383739,asphalter,瀝青工,橋梁工程,
21383740,asphaltic mastic,瀝青膠泥,橋梁工程,
21383741,asphaltum,瀝青,橋梁工程,
21383742,assay balance,試金天平 ,橋梁工程,
21383743,assay furnace,試金爐 ,橋梁工程,
21383744,assemblage,組合；裝配,橋梁工程,
21383745,assembling bolt,組合螺栓；裝配螺栓 ,橋梁工程,
21383746,assembling hoist,起重機；吊車,橋梁工程,
21383747,assistant engine,輔助引擎,橋梁工程,
21383748,A-truss,A 形桁架,橋梁工程,
21383749,auger,螺鑽;螺鑽機,橋梁工程,
21383750,auger bit,螺旋鑽頭,橋梁工程,
21383751,automatic gate,自動門,橋梁工程,
21383752,automatic switch,自動開關,橋梁工程,
21383753,average daily traffic (ADT) ,平均每日交通量,橋梁工程,
21383754,average end-area formula,平均端面積計算公式,橋梁工程,
21383755,average haul,平均運距,橋梁工程,
21383756,avoidance,迴避 ,橋梁工程,
21383757,awl,錐子 ,橋梁工程,
21383758,axe hammer,斧鎚 ,橋梁工程,
21383759,axed ashlar,斧劈方石,橋梁工程,
21383760,axed dressing,斧劈飾面,橋梁工程,
21383761,axed stone,斧劈石,橋梁工程,
21383762,axial stress,軸應力,橋梁工程,
21383763,axiom,公理 ,橋梁工程,
21383764,axis,軸,橋梁工程,
21383765,axis of gravity,重心軸,橋梁工程,
21383766,axis of perspectivity,透視軸,橋梁工程,
21383767,axis of pressure,壓力軸,橋梁工程,
21383768,axis of resistance,反力軸,橋梁工程,
21383769,axis of rotation,旋轉軸,橋梁工程,
21383770,axle concentration,軸集中力,橋梁工程,
21383771,B. & O. punch,鉚釘沖出機,橋梁工程,
21383772,B. and O,鉚釘沖出機,橋梁工程,
21383773,Babbitt metal,巴比特合金,橋梁工程,
21383774,back speed,車床二速檔；後退速,橋梁工程,
21383775,backing,背襯；支撐；背填,橋梁工程,
21383776,backing-out punch,鉚釘沖出機,橋梁工程,
21383777,back-lash,輪齒隙 ,橋梁工程,
21383778,back-sight,後視 ,橋梁工程,
21383779,backstay,背拉索 ,橋梁工程,
21383780,back-stay,背拉索 ,橋梁工程,
21383781,backstay cable,背拉索 ,橋梁工程,
21383782,backwall,橋台背牆,橋梁工程,
21383783,backwater,壅水,橋梁工程,
21383784,Bailey bridge,倍力橋 ,橋梁工程,
21383785,balance beam,天平桿,橋梁工程,
21383786,balance blocks,配重塊；平衡塊,橋梁工程,
21383787,balance crane,平衡式起重機,橋梁工程,
21383788,balanced cantilever,平衡懸臂,橋梁工程,
21383789,balanced load stress,平衡載重應力,橋梁工程,
21383790,bale hook,捆鉤,橋梁工程,
21383791,balk,大木梁,橋梁工程,
21383792,ball bearing,球形支承,橋梁工程,
21383793,ball check valve,球形止回閥 ,橋梁工程,
21383794,ball cock,浮球閥,橋梁工程,
21383795,ball iron,熟鐵球,橋梁工程,
21383796,ball joint,球接頭；球窩接頭,橋梁工程,
21383797,ball pein hammer,圓頭鐵槌,橋梁工程,
21383798,ball valve,球閥,橋梁工程,
21383799,ballast hammer,石碴鎚,橋梁工程,
21383800,ballasted floor,道碴版；道碴橋面版,橋梁工程,
21383801,ball-bearing jack,球承千斤頂,橋梁工程,
21383802,balling furnace,攪煉爐,橋梁工程,
21383803,ball-peen hammer,圓頭鐵槌,橋梁工程,
21383804,Baltimore (Pratt) truss,巴爾的摩桁架；普拉特桁架,橋梁工程,
21383805,Baltimore truss,巴爾的摩桁架,橋梁工程,
21383806,baluster,扶手支柱 ,橋梁工程,
21383807,balustrade,欄杆；扶手,橋梁工程,
21383808,band pulley,帶輪,橋梁工程,
21383809,band saw,帶鋸 ,橋梁工程,
21383810,banded granite,帶狀花崗岩,橋梁工程,
21383811,bank discount,貸款預付利息,橋梁工程,
21383812,bank seat abutment,護岸橋台,橋梁工程,
21383813,bank sill,岸檻,橋梁工程,
21383814,bankfull width (BFW) ,滿水河道寬幅,橋梁工程,
21383815,bar buster,鉚釘剷桿,橋梁工程,
21383816,bar cutter,鋼棒裁切機,橋梁工程,
21383817,bar dolly,桿推車,橋梁工程,
21383818,bar iron,鐵條,橋梁工程,
21383819,barb bolt,棘螺栓；基礎螺栓,橋梁工程,
21383820,barge,駁船,橋梁工程,
21383821,barge spike,船釘,橋梁工程,
21383822,bark,樹皮,橋梁工程,
21383823,barn-siding,穀倉壁板,橋梁工程,
21383824,barometer,氣壓計,橋梁工程,
21383825,barrel,桶型拱,橋梁工程,
21383826,barrel of a capstan,絞盤桶,橋梁工程,
21383827,barrier rail,緣石；護欄,橋梁工程,
21383828,bartizan,小型瞭望台,橋梁工程,
21383829,bascule,上開橋,橋梁工程,
21383830,bascule span,上開橋跨,橋梁工程,
21383831,bascule-leaf,上開橋翼；上開橋面,橋梁工程,
21383832,base casting,基礎鑄件,橋梁工程,
21383833,base of rail,軌道基面高程,橋梁工程,
21383834,basic open-hearth furnace,鹼性平爐,橋梁工程,
21383835,basic open-hearth process,鹼性平爐法 ,橋梁工程,
21383836,basic open-hearth steel,鹼性平爐鋼 ,橋梁工程,
21383837,basic pig,鹼性生鐵 ,橋梁工程,
21383838,basil,工具切削角,橋梁工程,
21383839,basing,基底邊界,橋梁工程,
21383840,bastard file,粗齒銼,橋梁工程,
21383841,bastard granite,片麻岩；假花崗岩,橋梁工程,
21383842,bat bolt,帶籫螺栓 ,橋梁工程,
21383843,bateau bridge,浮船橋,橋梁工程,
21383844,bath-tray,洗滌盤,橋梁工程,
21383845,batten,條材；撐條,橋梁工程,
21383846,batten-door,條板門,橋梁工程,
21383847,batter,傾角 ,橋梁工程,
21383848,batter brace,端斜桿,橋梁工程,
21383849,batter post,端斜桿,橋梁工程,
21383850,battered pier,寬底橋墩,橋梁工程,
21383851,battering ram,驅動槌；衝槌,橋梁工程,
21383852,baulk,大木梁,橋梁工程,
21383853,bead joint,圆凸勾缝；填角銲縫；凸銲縫,橋梁工程,
21383854,beam,梁；小梁,橋梁工程,
21383855,beam bridge,梁橋,橋梁工程,
21383856,beam hanger nut,梁吊架螺帽,橋梁工程,
21383857,beam span,梁跨度,橋梁工程,
21383858,beam trussing rod,桁架拉力桿,橋梁工程,
21383859,beam-hanger plate,梁端懸吊板,橋梁工程,
21383860,beam-trussing post,桁架短撐,橋梁工程,
21383861,bearing,支承,橋梁工程,
21383862,bearing bolt,軸承螺栓；支承螺栓,橋梁工程,
21383863,bearing pile,承載樁；支承樁；點承樁,橋梁工程,
21383864,bearing point,承載點；承載處,橋梁工程,
21383865,bearing pressure,承壓；承載壓力；支承壓應力,橋梁工程,
21383866,bearing shelf,橋台承載座,橋梁工程,
21383867,bearing stress,承載應力,橋梁工程,
21383868,becket,索環,橋梁工程,
21383869,becket block,具索環滑車,橋梁工程,
21383870,bed,岩床；機台；床；基底,橋梁工程,
21383871,bed frame,基架,橋梁工程,
21383872,bed joint,磚石水平接縫,橋梁工程,
21383873,bed plate,底板；座板,橋梁工程,
21383874,bed stone,基石,橋梁工程,
21383875,bed timber,支承木墊材,橋梁工程,
21383876,bedrock,基岩,橋梁工程,
21383877,bed-rock,基岩,橋梁工程,
21383878,beetle,木槌,橋梁工程,
21383879,belay,繫緊纜繩,橋梁工程,
21383880,belaying-pin,繫索栓；套索樁；止索栓,橋梁工程,
21383881,Belgian tank locomotive,比利時蒸氣機車頭,橋梁工程,
21383882,bell,鐘型物；擴口端；管承接口,橋梁工程,
21383883,bell and hopper,鐘斗形蓋；進料器 ,橋梁工程,
21383884,bell crank,鐘形曲柄；雙臂曲柄,橋梁工程,
21383885,bellow,風箱,橋梁工程,
21383886,belt,帶狀物,橋梁工程,
21383887,belt saw,帶鋸 ,橋梁工程,
21383888,belting,製帶材料,橋梁工程,
21383889,bench dog,木工台擋栓,橋梁工程,
21383890,bench vise,檯鉗,橋梁工程,
21383891,benchmark,水準點；基準樣品,橋梁工程,
21383892,bench-table,牆基；牆臺,橋梁工程,
21383893,bend,彎曲,橋梁工程,
21383894,bending slab,彎板；蜂巢平台,橋梁工程,
21383895,bending stress,彎曲應力；抗彎應力,橋梁工程,
21383896,bending test,彎曲試驗；抗彎試驗,橋梁工程,
21383897,bends,潛水病；減壓症,橋梁工程,
21383898,bent,框架式橋墩,橋梁工程,
21383899,bent club dolly,彎把頂鉚具,橋梁工程,
21383900,bent dolly,頂鉚具,橋梁工程,
21383901,bent loop,眼桿彎環,橋梁工程,
21383902,bent-eye,彎眼,橋梁工程,
21383903,bent-linked chain,套環鏈 ,橋梁工程,
21383904,berm,戧道；戧台；護堤；堤岸,橋梁工程,
21383905,berme,堤岸；護堤,橋梁工程,
21383906,berme stakes,護堤樁,橋梁工程,
21383907,Bessemer furnace,貝塞麥轉爐煉鋼法,橋梁工程,
21383908,Bessemer pig,貝塞麥生鐵,橋梁工程,
21383909,Bessemer process,貝塞麥法,橋梁工程,
21383910,Bessemer steel,貝塞麥鋼,橋梁工程,
21383911,Bethlehem beam,伯利恆梁,橋梁工程,
21383912,Bethlehem column,伯利恆柱,橋梁工程,
21383913,Beton,混凝土,橋梁工程,
21383914,Beton Coignet,柯涅混凝土,橋梁工程,
21383915,Beton-Coignet,柯涅混凝土,橋梁工程,
21383916,bettle,木槌,橋梁工程,
21383917,bevel,斜角；斜角規,橋梁工程,
21383918,bevel gear,傘形齒輪；椎形齒輪,橋梁工程,
21383919,beveled edge,倒角；斜切邊,橋梁工程,
21383920,beveled joint,斜面接頭,橋梁工程,
21383921,beveled tie,斜面枕木,橋梁工程,
21383922,beveled wheel,斜面輪,橋梁工程,
21383923,beveled-gear jack,傘形齒輪千斤頂；椎形齒輪千斤頂,橋梁工程,
21383924,bicalcic silicate,矽酸二鈣,橋梁工程,
21383925,bight,小灣；帶繩[索]套{俗稱琵琶頭}；繩耳；回頭索,橋梁工程,
21383926,bill of material,材料清單,橋梁工程,
21383927,billet,毛坯；鋼胚,橋梁工程,
21383928,bin,料架；槽,橋梁工程,
21383929,binding joists,連結小梁,橋梁工程,
21383930,bird's-mouth joint,鳥口接合,橋梁工程,
21383931,bit,鑽頭,橋梁工程,
21383932,bitt,繫纜柱；繫柱,橋梁工程,
21383933,bituminous concrete,瀝青混凝土 ,橋梁工程,
21383934,bituminous concrete pavement ,瀝青混凝土鋪面,橋梁工程,
21383935,black lead,石墨；筆鉛,橋梁工程,
21383936,black lead graphite,石墨；筆鉛 ,橋梁工程,
21383937,blacklead,石墨；筆鉛 ,橋梁工程,
21383938,blacksmith's forge,鍛鐵爐 ,橋梁工程,
21383939,blank bolt,螺栓胚件,橋梁工程,
21383940,blast furnace,高爐；鼓風爐 ,橋梁工程,
21383941,blast pipe,鼓風管；送風管 ,橋梁工程,
21383942,bled ingot,空心鋼錠,橋梁工程,
21383943,blind arch,盲拱,橋梁工程,
21383944,blind axle,盲軸,橋梁工程,
21383945,blind header,暗丁磚；隱藏式楣梁,橋梁工程,
21383946,blister steel,滲碳鋼；泡面鋼 ,橋梁工程,
21383947,block and block,滑車相碰；[滑車]到頂,橋梁工程,
21383948,block and falls,滑輪組 ,橋梁工程,
21383949,block and tackle,滑輪組 ,橋梁工程,
21383950,block brake,塊狀軔；塊狀煞車,橋梁工程,
21383951,blocking hammer,塊狀槌,橋梁工程,
21383952,blooming rolls,塊料軋輥；中坯軋輥,橋梁工程,
21383953,blow gun,噴槍 ,橋梁工程,
21383954,blow pipe,吹管 ,橋梁工程,
21383955,blow-hole,氣孔{鑄疵} ,橋梁工程,
21383956,blowing of mortar,砂漿噴灑 ,橋梁工程,
21383957,blow-out,噴出 ; 爆裂,橋梁工程,
21383958,blowpipe,高壓噴氣管；銲槍；切割槍,橋梁工程,
21383959,blue print,藍圖；藍曬圖,橋梁工程,
21383960,blue print paper,藍曬紙,橋梁工程,
21383961,blue printing,藍曬,橋梁工程,
21383962,blueprint,藍圖；藍曬圖,橋梁工程,
21383963,blue-short iron,藍脆鐵,橋梁工程,
21383964,blue-shortness,藍脆性,橋梁工程,
21383965,blunt file,鈍銼；粗銼,橋梁工程,
21383966,board-measure,板材量法 ,橋梁工程,
21383967,boasted dressing,細條鑿飾石面,橋梁工程,
21383968,boasting,鑿飾,橋梁工程,
21383969,boat bridge,浮船橋,橋梁工程,
21383970,boat hook,艇鉤,橋梁工程,
21383971,boat ratchet,船用棘輪 ,橋梁工程,
21383972,boat spike,船釘 ,橋梁工程,
21383973,bog iron,沼鐵礦 ,橋梁工程,
21383974,bogie truck,轉向車架 ,橋梁工程,
21383975,boil,沸騰,橋梁工程,
21383976,boiler,汽鍋 ; 鍋爐,橋梁工程,
21383977,boiler plate,鍋爐鋼板,橋梁工程,
21383978,boiler steel,鍋爐用鋼 ,橋梁工程,
21383979,boiling test of cement,水泥煮沸試驗,橋梁工程,
21383980,Bollman truss,博爾曼桁架,橋梁工程,
21383981,bolster,墊材；支承材；防撞塊；止震塊,橋梁工程,
21383982,bolt eye,螺栓眼,橋梁工程,
21383983,bolt head,螺栓頭,橋梁工程,
21383984,bolt housing,螺栓罩,橋梁工程,
21383985,Bonanza tile,波南扎屋瓦,橋梁工程,
21383986,bond resistance,握裹強度；黏結強度,橋梁工程,
21383987,bond stone,束石；直立石；直通石；粘結石,橋梁工程,
21383988,boning,測平法,橋梁工程,
21383989,bonnet,管帽,橋梁工程,
21383990,boom,動臂{起重機}；吊桿,橋梁工程,
21383991,boom brace,吊臂斜桿,橋梁工程,
21383992,boom guy,動臂拉線{起重機},橋梁工程,
21383993,boom iron,吊桿端環,橋梁工程,
21383994,boom tackle,吊桿滑輪組,橋梁工程,
21383995,boom-out,吊桿最大伸距,橋梁工程,
21383996,boom-seat,吊桿坐墊,橋梁工程,
21383997,bore,鑽孔；開孔,橋梁工程,
21383998,boring bar,鑽桿,橋梁工程,
21383999,boring casing,鑽探套管 ,橋梁工程,
21384000,boring machine,鑽掘機；鑽機,橋梁工程,
21384001,boring mill,搪床 ,橋梁工程,
21384002,borrow pit,借土坑；借土區,橋梁工程,
21384003,bosh,草圖；爐腹 ,橋梁工程,
21384004,boss,輪轂；工頭,橋梁工程,
21384005,Boston rod,波士頓水準尺,橋梁工程,
21384006,bottom lateral bracing,下弦桿側撐；下橫撐,橋梁工程,
21384007,bottom laterals,下弦桿側撐；下橫撐,橋梁工程,
21384008,boundary description,邊界描述；邊界描繪,橋梁工程,
21384009,boundary justification,邊界選定理由,橋梁工程,
21384010,bowstring arch bridge,弓弦式拱橋,橋梁工程,
21384011,bowstring arch truss,弓弦式桁架,橋梁工程,
21384012,bowstring bridge,弓弦式橋,橋梁工程,
21384013,bowstring girder,弓弦型大梁,橋梁工程,
21384014,bowstring truss,弓弦式桁架,橋梁工程,
21384015,bowstring truss bridge,弓弦式桁架橋,橋梁工程,
21384016,box column,箱型柱；箱柱,橋梁工程,
21384017,box drain,箱型管溝；箱涵,橋梁工程,
21384018,box girder,箱型梁；箱梁,橋梁工程,
21384019,box strut,箱型支柱,橋梁工程,
21384020,braced,斜撐加強,橋梁工程,
21384021,braced arch,桁架拱,橋梁工程,
21384022,bracer,斜撐；支撐；拉條,橋梁工程,
21384023,brace-ribbed arch,加肋桁架拱,橋梁工程,
21384024,bracing frame,斜撐構架,橋梁工程,
21384025,bracket crane,壁裝起重絞車,橋梁工程,
21384026,brad awl,扁頭小鑽,橋梁工程,
21384027,bragger,托架；梁托,橋梁工程,
21384028,brake horsepower (BHP),制動馬力；剎車馬力,橋梁工程,
21384029,brake wheel,手軔輪；手煞車輪,橋梁工程,
21384030,brander,烙器；格框施工式基礎,橋梁工程,
21384031,brass,黃銅,橋梁工程,
21384032,braze,硬銲法 ; 銅銲法,橋梁工程,
21384033,break in grade,坡度轉折點；坡折,橋梁工程,
21384034,break joint,交錯接合；斷隅接合 ,橋梁工程,
21384035,breaking load,斷裂負載；斷裂荷重,橋梁工程,
21384036,breast plate,護胸板,橋梁工程,
21384037,breast wall,擋土牆；胸牆,橋梁工程,
21384038,breast-summer,橫楣；楣梁,橋梁工程,
21384039,brestsummer,橫楣；楣梁,橋梁工程,
21384040,brick masonry,磚石圬工,橋梁工程,
21384041,brick pier,磚造墩柱,橋梁工程,
21384042,bricklayer's hammer,磚工錘；磚工鎚,橋梁工程,
21384043,bridge,橋梁,橋梁工程,
21384044,bridge bearing ,橋梁支承,橋梁工程,
21384045,bridge decking,橋面鋪版；橋面鋪板,橋梁工程,
21384046,bridge expansion joint ,橋梁伸縮縫,橋梁工程,
21384047,bridge girder launcher,橋大梁推進裝置,橋梁工程,
21384048,bridge guard,橋防撞設施,橋梁工程,
21384049,bridge railing ,橋欄杆 ,橋梁工程,
21384050,bridge seat ,橋座,橋梁工程,
21384051,bridge stone,道口石；蓋石,橋梁工程,
21384052,bridge tape,橋梁量尺,橋梁工程,
21384053,bridge tie,橋橫向拉桿,橋梁工程,
21384054,bridge truss,橋梁桁架,橋梁工程,
21384055,bridgehead zone,橋頭區,橋梁工程,
21384056,bridge-seat,橋座,橋梁工程,
21384057,bridging equipment,組合式便橋裝備,橋梁工程,
21384058,bridging stone,道口石；蓋石,橋梁工程,
21384059,Briggs' logarithm,布氏對數；常用對數,橋梁工程,
21384060,briquette clips,8字形試體夾,橋梁工程,
21384061,briquette mould,8字形試體模,橋梁工程,
21384062,Bristol board,布里斯托紙板；優質板紙,橋梁工程,
21384063,brittle,脆性 ,橋梁工程,
21384064,brittle-zone,脆性區,橋梁工程,
21384065,broach,擴孔鑽頭；拉削,橋梁工程,
21384066,broached dressing,鑿琢飾面,橋梁工程,
21384067,broad axe,大斧,橋梁工程,
21384068,Brohard expansion bolt,布羅德膨脹螺栓,橋梁工程,
21384069,broken ashlar,不等形琢石塊；不規則琢石；亂砌方石工程,橋梁工程,
21384070,broken axed dressing,不規則斧鑿飾面,橋梁工程,
21384071,broken coursed rubble,不規則成層琢石砌體,橋梁工程,
21384072,broken range rubble,不規則成層琢石砌體,橋梁工程,
21384073,broken ranged rubble,不規則成層琢石砌體,橋梁工程,
21384074,broken stone,碎石,橋梁工程,
21384075,broken stone concrete,碎石混凝土,橋梁工程,
21384076,broken top chord,不連續頂弦,橋梁工程,
21384077,broken-ashlar masonry,碎石底層不連續砌作,橋梁工程,
21384078,broken-range masonry,碎石底層不連續砌作,橋梁工程,
21384079,bronze,青銅,橋梁工程,
21384080,bronze steel,青銅鋼,橋梁工程,
21384081,brooming,劈裂；掃毛；樁頭蓬裂,橋梁工程,
21384082,brushes,電刷,橋梁工程,
21384083,bubble,氣泡,橋梁工程,
21384084,buck brace,橫撐架；交叉架,橋梁工程,
21384085,bucker-up,鉚釘工,橋梁工程,
21384086,bucket,水桶；吊桶；活塞；戽斗；鏟斗,橋梁工程,
21384087,bucket dredge,聯斗式挖泥船；戽斗挖泥船,橋梁工程,
21384088,bucket hole,吊桶運輸孔,橋梁工程,
21384089,bucket pump,斗泵；斗式提升機；斗式唧筒；鏈斗提水機；手搖帶閥活塞泵；提筒式泵,橋梁工程,
21384090,buckie (Scots),勞工休息區,橋梁工程,
21384091,bucking bar,鉚釘托桿,橋梁工程,
21384092,buckle,挫屈,橋梁工程,
21384093,buckle plate,碟形鋼板,橋梁工程,
21384094,buckle plate floor,碟形鋼板樓板,橋梁工程,
21384095,buckle-plate press,碟形鋼板壓製機,橋梁工程,
21384096,buckling stress,挫屈應力,橋梁工程,
21384097,build,構造；成形；構築；建造,橋梁工程,
21384098,builders hoist,施工用捲揚機,橋梁工程,
21384099,built beam,組合梁,橋梁工程,
21384100,built channel,組合槽鋼,橋梁工程,
21384101,built girder,組合大梁,橋梁工程,
21384102,built pile,組合樁,橋梁工程,
21384103,built-up member,組成構材；組合構件；組合桿件,橋梁工程,
21384104,bulging,隆起,橋梁工程,
21384105,bulk,容積；散裝,橋梁工程,
21384106,bull gang,非技術工；普通工,橋梁工程,
21384107,bull press,型鋼矯正壓力機；型鋼矯直壓力機,橋梁工程,
21384108,bull riveter,大型鉚機；重型鉚釘機,橋梁工程,
21384109,bull wheel,大齒輪；大輪,橋梁工程,
21384110,bull wheel pile driver,大轉盤打樁機,橋梁工程,
21384111,bull-dog,攪煉爐爐渣,橋梁工程,
21384112,bull-wheel derrick,大轉盤桅桿起重機；轉盤起重機,橋梁工程,
21384113,bunker,料倉；煤庫；儲槽,橋梁工程,
21384114,buoy,浮標；救生圈,橋梁工程,
21384115,buoyancy,浮力,橋梁工程,
21384116,buoyant effort,浮力,橋梁工程,
21384117,burnish,拋光；磨光,橋梁工程,
21384118,burnt steel,過燒鋼,橋梁工程,
21384119,Burr arch,柏式拱桁架,橋梁工程,
21384120,Burr arch truss,柏式拱桁架,橋梁工程,
21384121,Burr truss,柏式桁架,橋梁工程,
21384122,bush,襯套；套管；套筒；鑿飾,橋梁工程,
21384123,bush hammered dressing,鑿錘飾面,橋梁工程,
21384124,bushel,蒲式耳,橋梁工程,
21384125,bust hammer,鉚釘錘,橋梁工程,
21384126,buster,鉚釘鏟,橋梁工程,
21384127,butt,對接頭；錠,橋梁工程,
21384128,butt joint,對接；對接接頭；對接接合,橋梁工程,
21384129,butt riveting,對接鉚接；對頭鉚接,橋梁工程,
21384130,butt splice,對接接頭,橋梁工程,
21384131,butt strap,對接搭板,橋梁工程,
21384132,butt weld,對接銲接；對銲,橋梁工程,
21384133,butt-end,對接頭,橋梁工程,
21384134,button set,扁圓鉚釘組,橋梁工程,
21384135,button-head spike,扁圓頭船釘,橋梁工程,
21384136,buttress dam,扶壁式壩；支墩壩,橋梁工程,
21384137,buttressed wall,扶垛墻；前扶墻；外支墻,橋梁工程,
21384138,butty gang,分包工人,橋梁工程,
21384139,buzz saw,圓盤鋸,橋梁工程,
21384140,bypass,旁通管；旁路；繞道；繞流,橋梁工程,
21384141,by-pass,旁通管；旁路；繞道,橋梁工程,
21384142,by-product,副產品,橋梁工程,
21384143,by-wash,溢道；溢流水道,橋梁工程,
21384144,cable clamp,纜夾；電纜夾；鋼繩夾,橋梁工程,
21384145,cable clips,纜夾；電纜夾；鋼繩夾,橋梁工程,
21384146,cable hoist,纜索絞盤,橋梁工程,
21384147,cable splice,纜索續接；纜索接合,橋梁工程,
21384148,cable-stayed method ,斜張橋施工法,橋梁工程,
21384149,cable-way,架空索道；索道,橋梁工程,
21384150,caisson disease,潛水夫病,橋梁工程,
21384151,calculated horsepower,計算馬力,橋梁工程,
21384152,calculation paper,計算紙,橋梁工程,
21384153,caliber,管徑；管內徑；口徑,橋梁工程,
21384154,caliper,測徑規；卡鉗；卡尺,橋梁工程,
21384155,caliper compass,測徑兩腳規,橋梁工程,
21384156,caliper gauge,測徑規；卡尺,橋梁工程,
21384157,caliper rule,卡尺,橋梁工程,
21384158,caliper square,游標卡尺；游標尺,橋梁工程,
21384159,calked rivet,鏨緊鉚釘,橋梁工程,
21384160,calking mallet,捻縫木錘；填隙錘,橋梁工程,
21384161,calking metal,填隙金屬材料,橋梁工程,
21384162,calking nail,填隙釘,橋梁工程,
21384163,calking tool,捻縫工具,橋梁工程,
21384164,calking-butt,填隙接縫,橋梁工程,
21384165,calking-iron,填隙用鐵件；密縫鏨,橋梁工程,
21384166,Calyx core drill,Calyx 岩心鑽機,橋梁工程,
21384167,cam,凸輪；偏心輪,橋梁工程,
21384168,cam shaft,凸輪軸,橋梁工程,
21384169,camber block,預拱墊塊,橋梁工程,
21384170,camber jack,預拱千斤頂,橋梁工程,
21384171,cambering,預拱,橋梁工程,
21384172,cambering machine,預拱機器,橋梁工程,
21384173,camber-slip,砌拱墊塊,橋梁工程,
21384174,camel-back top chord,駝背上弦桿,橋梁工程,
21384175,camel-back truss,駝背式桁架,橋梁工程,
21384176,canal,運河；渠；圳,橋梁工程,
21384177,candle-power,燭光,橋梁工程,
21384178,candle-wick packing,燈芯形包裝,橋梁工程,
21384179,candle-wicking,燭芯,橋梁工程,
21384180,cant dog,鉤桿；木桿鉤；套環搬鉤,橋梁工程,
21384181,cant hook,鉤桿；木桿鉤；套環搬鉤,橋梁工程,
21384182,cantilever arch truss,拱形懸臂桁架；懸臂拱形桁架,橋梁工程,
21384183,cantilever bracket,懸臂托架,橋梁工程,
21384184,cantilever crane,懸臂式起重機,橋梁工程,
21384185,cantilever span,懸臂跨度,橋梁工程,
21384186,cantilever through truss,懸臂下承式桁架,橋梁工程,
21384187,cantilever truss,懸臂式桁架,橋梁工程,
21384188,cantilever-arm,懸伸臂,橋梁工程,
21384189,canvas hose,帆布軟管,橋梁工程,
21384190,cap piece,木造帽梁,橋梁工程,
21384191,cap plate,支柱頂板,橋梁工程,
21384192,cap screw,有頭螺釘；有頭螺絲,橋梁工程,
21384193,cap sill,樁頂蓋板,橋梁工程,
21384194,cape chisel,起槽鑿；扁尖鑿,橋梁工程,
21384195,capitalized total cost,總資本額,橋梁工程,
21384196,capitalized value,資本化價值；核定資本值,橋梁工程,
21384197,capstan,起錨機；絞盤,橋梁工程,
21384198,capstan bar,絞盤桿,橋梁工程,
21384199,capstan head,絞盤頭；絞盤架,橋梁工程,
21384200,capstone,拱頂石,橋梁工程,
21384201,car,台車,橋梁工程,
21384202,carborundum,金剛砂；碳化矽,橋梁工程,
21384203,carborundum brick,金剛砂磚,橋梁工程,
21384204,carpenter's level,木工水平尺,橋梁工程,
21384205,carpenter's line,木工墨線,橋梁工程,
21384206,carriage,台架；車箱；車架,橋梁工程,
21384207,carriageway,車道,橋梁工程,
21384208,case steel,表面硬化鋼；酪朊鋼,橋梁工程,
21384209,case-hardened steel,表面滲碳鋼；表面滲碳硬化鋼；表面硬化鋼；滲碳鋼,橋梁工程,
21384210,case-hardening,表面硬化；表面滲碳,橋梁工程,
21384211,cast,鑄造；鑄型,橋梁工程,
21384212,cast gears,鑄型齒輪,橋梁工程,
21384213,cast iron,鑄鐵,橋梁工程,
21384214,cast lead,鑄鉛,橋梁工程,
21384215,cast steel,鑄鋼,橋梁工程,
21384216,caster wheel,萬向輪；腳輪；自位輪,橋梁工程,
21384217,casting,鑄造,橋梁工程,
21384218,cast-in-situ method ,場鑄工法,橋梁工程,
21384219,cast-iron pipe,鑄鐵管,橋梁工程,
21384220,catch,擋器；掣子,橋梁工程,
21384221,catch basin,集水池；集水井；沉砂池 ,橋梁工程,
21384222,catch drain,排水溝；截水溝；集水溝,橋梁工程,
21384223,catch work,排水溝；截水溝；集水溝,橋梁工程,
21384224,catchpit,集流坑；集水井,橋梁工程,
21384225,catchwater,排水溝；截水溝；集水溝,橋梁工程,
21384226,categorical exclusions (CEs),無需環評,橋梁工程,
21384227,catenary curve,懸鏈線；懸鏈曲線,橋梁工程,
21384228,cattle guard,防畜格柵,橋梁工程,
21384229,causeway,堤道；棧橋,橋梁工程,
21384230,caustic lime,苛性石灰；生石灰 ,橋梁工程,
21384231,cedar block,雪松木塊,橋梁工程,
21384232,cement bin,水泥倉；水泥貯倉,橋梁工程,
21384233,cement brick,水泥磚；水泥塊,橋梁工程,
21384234,cement briquette,8字形水泥試塊,橋梁工程,
21384235,cement finish,水泥粉刷,橋梁工程,
21384236,cement floor,混凝土地坪；水泥地面；水泥樓板,橋梁工程,
21384237,cement mill,水泥廠,橋梁工程,
21384238,cement mould,水泥試體模,橋梁工程,
21384239,cement needle,水泥硬固檢驗針；水泥硬固檢驗計,橋梁工程,
21384240,cement pile,水泥樁,橋梁工程,
21384241,cement stone,水泥岩,橋梁工程,
21384242,cement testing machine,水泥試驗機,橋梁工程,
21384243,cemented steel,滲碳鋼；表面硬化鋼；燒結鋼,橋梁工程,
21384244,cementing furnace,滲碳爐,橋梁工程,
21384245,center,中心,橋梁工程,
21384246,center bearing,中心軸承{旋轉橋},橋梁工程,
21384247,center drill,中心孔鑽；中心鑽,橋梁工程,
21384248,center line,中心線；中線,橋梁工程,
21384249,center of buoyancy,浮力中心,橋梁工程,
21384250,center of displacement,浮力中心,橋梁工程,
21384251,center of gravity,重心,橋梁工程,
21384252,center of gyration,回轉中心；旋轉中心,橋梁工程,
21384253,center of inertia,慣性中心,橋梁工程,
21384254,center of magnitude,形心,橋梁工程,
21384255,center of mass,質量中心,橋梁工程,
21384256,center of moment,力矩中心,橋梁工程,
21384257,center of motion,運動中心；旋轉中心,橋梁工程,
21384258,center of percussion,打擊中心；撞恍心；撞擊中心,橋梁工程,
21384259,center of perspectivity,透視中心,橋梁工程,
21384260,center of pressure,壓力中心,橋梁工程,
21384261,center of resistance,反力中心,橋梁工程,
21384262,center of rotation,旋轉中心,橋梁工程,
21384263,center of stress,應力中心,橋梁工程,
21384264,center of symmetry,對稱中心,橋梁工程,
21384265,center pin,中心銷,橋梁工程,
21384266,center post,中間柱,橋梁工程,
21384267,center punch,沖點；沖坑；沖心鏨；沖眼；中心坑,橋梁工程,
21384268,center valve,中樞閥,橋梁工程,
21384269,center-bearing turntable,中心支承轉盤,橋梁工程,
21384270,centering casting,定心鑄件,橋梁工程,
21384271,centrer bearing draw,旋轉橋跨,橋梁工程,
21384272,centrifugal load,離心載重；離心負載,橋梁工程,
21384273,centrifugal stress,離心應力,橋梁工程,
21384274,centripetal force,向心力,橋梁工程,
21384275,centripetal stress,向心應力,橋梁工程,
21384276,certificate of approval (COA),核准證書；核准證明,橋梁工程,
21384277,chain bearer,鏈尺測距員,橋梁工程,
21384278,chain block,鏈吊車；鏈式起重機 ,橋梁工程,
21384279,chain bond,鐵鍊加勁砌法,橋梁工程,
21384280,chain bridge,鐵鏈吊橋；懸鏈橋,橋梁工程,
21384281,chain cable,錨鏈；鏈索,橋梁工程,
21384282,chain coupling,鏈接；鏈形聯接器,橋梁工程,
21384283,chain dog,鏈鉤,橋梁工程,
21384284,chain drive,鏈驅動；鏈條傳動 ,橋梁工程,
21384285,chain gear,傳動鏈；鏈傳動機構；鏈傳動裝置,橋梁工程,
21384286,chain hoist,鏈式起重機,橋梁工程,
21384287,chain hook,鏈鉤 ,橋梁工程,
21384288,chain pulley,鏈輪,橋梁工程,
21384289,chain pump,鏈泵 ,橋梁工程,
21384290,chain riveting,鏈式鉚接；並列鉚接,橋梁工程,
21384291,chain tape,測鏈；測量鏈；測深鏈；鏈尺,橋梁工程,
21384292,chain wheel,鏈輪,橋梁工程,
21384293,chainman,鏈尺測距員；測手,橋梁工程,
21384294,chainsmith,鏈匠,橋梁工程,
21384295,chair casting,軌座,橋梁工程,
21384296,chamber,箱室；腔；室,橋梁工程,
21384297,chamfered groove,角槽,橋梁工程,
21384298,chamfered joint,截角接合；斜接；斜削接頭,橋梁工程,
21384299,channel,河槽；渠；槽鋼；導槽,橋梁工程,
21384300,channel armoring ,石砌護岸,橋梁工程,
21384301,channel column,雙槽鋼柱,橋梁工程,
21384302,channel iron,槽鋼,橋梁工程,
21384303,channel span,航道跨度,橋梁工程,
21384304,channel strut,槽鋼組合支柱,橋梁工程,
21384305,channeling,構築渠道；採石開槽；渠道系統,橋梁工程,
21384306,channeling machine,採石開槽機,橋梁工程,
21384307,charcoal iron,木炭爐鐵,橋梁工程,
21384308,charcoal steel,木炭爐鋼,橋梁工程,
21384309,charred pile,焦頭樁,橋梁工程,
21384310,chats,煉礦廠廢礦石,橋梁工程,
21384311,check nut,防鬆螺帽,橋梁工程,
21384312,check washer,防鬆墊片；防鬆墊圈,橋梁工程,
21384313,checkered plate,花紋[鋼]板,橋梁工程,
21384314,Chenoweth pile,切諾韋思樁,橋梁工程,
21384315,Chicago boom,芝加哥起重臂,橋梁工程,
21384316,Childs truss,柴爾茲桁架,橋梁工程,
21384317,chilled casting,冷硬鑄件,橋梁工程,
21384318,chilled iron,冷淬鐵；冷[硬]鑄鐵 ,橋梁工程,
21384319,Chinese anchor,蛇籠；石籠,橋梁工程,
21384320,Chinese capstan,雙徑滾筒絞車,橋梁工程,
21384321,Chinese windlass,差動絞筒；轆轤；差動絞盤,橋梁工程,
21384322,chipping,鏨；鎚鑿；碎料,橋梁工程,
21384323,chisel,鑿子,橋梁工程,
21384324,chisel bar,橇桿,橋梁工程,
21384325,chisel draft,石頭邊鑿飾工具,橋梁工程,
21384326,chiseled dressing,石面鑿飾,橋梁工程,
21384327,chock,塞子，楔子；墊木,橋梁工程,
21384328,chock block,擋塊；楔塊；止動楔,橋梁工程,
21384329,chock-a-block,滑車相靠；滿艙,橋梁工程,
21384330,chord,弦桿,橋梁工程,
21384331,chord boring machine,弦材鑽孔機,橋梁工程,
21384332,chord head,弦桿擴頭,橋梁工程,
21384333,chord packing,弦桿配置,橋梁工程,
21384334,chord pin,弦桿梢釘,橋梁工程,
21384335,chord pitch,弦線齒距,橋梁工程,
21384336,chord splice,弦桿續接,橋梁工程,
21384337,chord stress,弦桿應力,橋梁工程,
21384338,chord stringer,弦梁,橋梁工程,
21384339,chromated copper arsenate (CCA),鉻砷酸銅,橋梁工程,
21384340,chuck,夾頭,橋梁工程,
21384341,churn drill,頓鑽；衝擊鑽,橋梁工程,
21384342,cincture,環帶；邊輪,橋梁工程,
21384343,cinder,爐渣；煤渣；火山渣,橋梁工程,
21384344,cinder concrete,煤渣混凝土,橋梁工程,
21384345,cinder pig,夾渣生鐵；爐渣生鐵,橋梁工程,
21384346,cinder pocket,沉渣室,橋梁工程,
21384347,cinematics,動學；運動學,橋梁工程,
21384348,circle,刻度盤；圓,橋梁工程,
21384349,circuit,電路,橋梁工程,
21384350,circuit breaker,斷路器,橋梁工程,
21384351,circular arch,圓拱 ,橋梁工程,
21384352,circular file,圓銼刀 ,橋梁工程,
21384353,circular girder,環形梁,橋梁工程,
21384354,circular pitch,圓周齒節；圓周齒距,橋梁工程,
21384355,circular saw,圓鋸,橋梁工程,
21384356,clack valve,止回閥；單向閥；瓣閥,橋梁工程,
21384357,clam shell bucket,蛤殼式抓斗,橋梁工程,
21384358,clamp drill,夾鑽,橋梁工程,
21384359,clamp iron,夾鉗,橋梁工程,
21384360,clamp screw,制動螺旋；夾緊螺釘,橋梁工程,
21384361,clam-shell bucket,蛤殼式抓斗,橋梁工程,
21384362,clam-shell dredge,蛤殼式挖泥船,橋梁工程,
21384363,clap-board,護檐板；護牆板,橋梁工程,
21384364,clapper bridge,石板橋,橋梁工程,
21384365,clapper valve,瓣閥；止回閥,橋梁工程,
21384366,claw,拔釘器；爪；鉗,橋梁工程,
21384367,claw bar,撬桿,橋梁工程,
21384368,claw coupling,牙嵌式離合器；爪形聯接器；爪形聯結器,橋梁工程,
21384369,claw hammer,羊角榔頭；拔釘錘,橋梁工程,
21384370,claw wrench,鉤形扳手；爪型板鉗,橋梁工程,
21384371,clawback,浮橋木梁,橋梁工程,
21384372,clay daub,黏土抹縫,橋梁工程,
21384373,clay puddle,夯實黏土,橋梁工程,
21384374,clear headway,淨高；淨空,橋梁工程,
21384375,clear roadway,路面凈寬,橋梁工程,
21384376,clear span,淨跨；淨跨度,橋梁工程,
21384377,clear span length,淨跨[距]；淨跨長,橋梁工程,
21384378,clear waterway,水路；航路,橋梁工程,
21384379,clearance diagram,凈空圖；限界圖,橋梁工程,
21384380,Cleveland hammer,克里夫蘭槌,橋梁工程,
21384381,clevis,U形夾,橋梁工程,
21384382,clevis pin,U形夾[插]銷,橋梁工程,
21384383,click,棘輪；棘輪機構；棘齒；棘爪,橋梁工程,
21384384,clinch,夾鉗,橋梁工程,
21384385,clinch bolt,夾緊螺栓；鉚釘,橋梁工程,
21384386,Clinton wire cloth,克林頓鋼絲布,橋梁工程,
21384387,clip angle,扣角鋼,橋梁工程,
21384388,clip pulley,夾式滑輪,橋梁工程,
21384389,clipping hammer,剪切槌,橋梁工程,
21384390,closed column,匣形柱,橋梁工程,
21384391,closed spandrel arch,實腹拱,橋梁工程,
21384392,closed spandrel deck arch bridge,實腹拱橋,橋梁工程,
21384393,close-quartered reamer,閉合區鉸刀,橋梁工程,
21384394,closing line,閉合線；封閉線,橋梁工程,
21384395,closing pile,封椿；結尾板樁,橋梁工程,
21384396,club dolly,頂鉚具,橋梁工程,
21384397,club-footed pile,護底椿；擴底樁,橋梁工程,
21384398,cluster bent,群椿排架,橋梁工程,
21384399,clutch,離合器,橋梁工程,
21384400,clutch coupling,離合聯結器,橋梁工程,
21384401,coarse sand,粗砂；粗沙,橋梁工程,
21384402,cock,旋塞；栓塞；[活]栓,橋梁工程,
21384403,cocked-hat,墩體擴座,橋梁工程,
21384404,coefficient,係數,橋梁工程,
21384405,coefficient of contraction,收縮係數,橋梁工程,
21384406,coefficient of elasticity,彈性係數,橋梁工程,
21384407,coefficient of impact,衝擊係數,橋梁工程,
21384408,coefficient of linear expansion,線膨脹係數；線性膨脹係數,橋梁工程,
21384409,coefficient of resilience,回彈係數,橋梁工程,
21384410,coefficient of restitution,恢復係數 ,橋梁工程,
21384411,coefficient of torsion,扭轉係數,橋梁工程,
21384412,coffer,下沉板{天花},橋梁工程,
21384413,cofferdam ,圍堰,橋梁工程,
21384414,cog,輪齒,橋梁工程,
21384415,cog wheel,鑲齒輪；齒輪,橋梁工程,
21384416,coil chain,套環鏈,橋梁工程,
21384417,coil friction clutch,鼓式摩擦離合器,橋梁工程,
21384418,cold chisel,冷鏨,橋梁工程,
21384419,cold cutter,冷切工具,橋梁工程,
21384420,cold planing ,鋪面刨除,橋梁工程,
21384421,cold pressing,冷壓,橋梁工程,
21384422,cold rolling,冷軋,橋梁工程,
21384423,cold saw,冷鋸；冷圓鋸,橋梁工程,
21384424,cold shut,冷疤；冷隔；冷接；冷界；流界,橋梁工程,
21384425,cold-cut,冷切,橋梁工程,
21384426,cold-hammering,冷錘,橋梁工程,
21384427,cold-pressed paper,冷壓紙,橋梁工程,
21384428,cold-rolled shafting,冷軋傳動軸,橋梁工程,
21384429,cold-short iron,冷脆鐵,橋梁工程,
21384430,cold-short steel,冷脆鋼,橋梁工程,
21384431,cold-straightening,冷法拉直；冷矯直；冷校正；冷直,橋梁工程,
21384432,collapsing bucket,可摺疊桶,橋梁工程,
21384433,collar,項圈；箍；軸環,橋梁工程,
21384434,collar beam,繫梁,橋梁工程,
21384435,collision post,防撞柱,橋梁工程,
21384436,collision strut,防撞柱,橋梁工程,
21384437,colluvial deposition,崩積土層；崩積物；塌積沉積；塌積物,橋梁工程,
21384438,column bent,柱構架,橋梁工程,
21384439,column crane,柱式起重機,橋梁工程,
21384440,columnar fracture,柱狀斷口；柱狀裂縫,橋梁工程,
21384441,columnar pile,柱樁；端承樁,橋梁工程,
21384442,columnar stroked dressing,槽紋修琢,橋梁工程,
21384443,column-foot,柱底,橋梁工程,
21384444,combination bridge,複合橋,橋梁工程,
21384445,combination dolly,雙頭頂鉚具,橋梁工程,
21384446,combination punch and shears,組合沖孔剪切機,橋梁工程,
21384447,combination wrench,多用扳手；複合扳手；兩用扳手；令梗,橋梁工程,
21384448,combined bridge,鐵路公路兩用橋,橋梁工程,
21384449,combined stress,混合應力,橋梁工程,
21384450,commercial horsepower,商用馬力,橋梁工程,
21384451,common iron,普通鐵,橋梁工程,
21384452,common joists,樓板小梁,橋梁工程,
21384453,common lime,普通石灰；氣梗石灰；氣硬石灰,橋梁工程,
21384454,common logarithm,常用對數,橋梁工程,
21384455,common reamer,槽式絞刀；開槽絞刀,橋梁工程,
21384456,common theory of flexure,常用撓曲理論,橋梁工程,
21384457,compass brick,斜削磚；楔形磚,橋梁工程,
21384458,compensator,補償器；補償劑；張力調節器,橋梁工程,
21384459,compound girder,組合大梁,橋梁工程,
21384460,compound locomotive,複合機車,橋梁工程,
21384461,compound pulley,複合滑輪,橋梁工程,
21384462,compound stress,複合應力；混合應力；組合應力,橋梁工程,
21384463,compound web plate,複合腹板,橋梁工程,
21384464,compressed-air chamber,壓縮空氣室,橋梁工程,
21384465,compression joint,壓力接合,橋梁工程,
21384466,compressive strain,壓應變,橋梁工程,
21384467,compressor,空壓機,橋梁工程,
21384468,computations,計算；估算,橋梁工程,
21384469,computer,電腦,橋梁工程,
21384470,concave brick,凹形磚,橋梁工程,
21384471,concave curvature,凹曲率,橋梁工程,
21384472,concentrated load stress,集中載重應力,橋梁工程,
21384473,conchoidal fracture,貝殼狀斷口,橋梁工程,
21384474,concrete batch mixer,混凝土批次拌合機,橋梁工程,
21384475,concrete beam,混凝土梁,橋梁工程,
21384476,concrete box girder,混凝土箱形梁,橋梁工程,
21384477,concrete continuous mixer,連續式混凝土拌合機,橋梁工程,
21384478,concrete floor,混凝土樓板,橋梁工程,
21384479,concrete girder,混凝土大梁,橋梁工程,
21384480,concrete masonry,混凝土砌作,橋梁工程,
21384481,concrete pan-formed girder,鋼模成形混凝土大梁,橋梁工程,
21384482,concrete pier,混凝土橋墩,橋梁工程,
21384483,concreting,灌注混凝土；混凝土澆築,橋梁工程,
21384484,condition based bridge maintenance ,橋梁狀態預防性維護,橋梁工程,
21384485,cone clutch,錐形離合器,橋梁工程,
21384486,cone pulley,圓錐輪；錐形滑輪,橋梁工程,
21384487,conical gear,錐形齒輪,橋梁工程,
21384488,conical pulley,錐形滑輪,橋梁工程,
21384489,conical roller,錐形輥；錐形滾軸；錐形滾子,橋梁工程,
21384490,conical wheel,[圓]錐形車輪,橋梁工程,
21384491,conjugate stresses,共軛應力,橋梁工程,
21384492,connecting angle,結合角鋼；連接角材；連接角鋼,橋梁工程,
21384493,connecting bar,連接桿,橋梁工程,
21384494,connecting chord-heads,弦桿連接頭,橋梁工程,
21384495,connecting plate,連接板,橋梁工程,
21384496,connecting rod,連桿,橋梁工程,
21384497,conservation of energy,能量不滅；能量守恒,橋梁工程,
21384498,construction bolt,施工臨時螺栓,橋梁工程,
21384499,construction contractor,承包商；施工承包商,橋梁工程,
21384500,construction load ,施工載重,橋梁工程,
21384501,constructor,建造者；建構者,橋梁工程,
21384502,consultation,諮詢,橋梁工程,
21384503,contact point,接觸點,橋梁工程,
21384504,continuous bridge,連續梁橋；連續式橋,橋梁工程,
21384505,continuous girder,連續大梁,橋梁工程,
21384506,continuous span,連續跨,橋梁工程,
21384507,continuous span beam bridge,連續跨梁橋；連續梁橋,橋梁工程,
21384508,continuous stringer,連續桁條；連續縱梁,橋梁工程,
21384509,contraflexure,反曲；反彎,橋梁工程,
21384510,controlled surface collection,系統式表面蒐集,橋梁工程,
21384511,converted steel,滲碳鋼；硬質鋼,橋梁工程,
21384512,converter,轉爐 ; 吹煉爐 ; 轉化器,橋梁工程,
21384513,convex curvature,凸曲率,橋梁工程,
21384514,coordinate paper,座標紙；方格紙,橋梁工程,
21384515,coordinates,座標,橋梁工程,
21384516,cope,切槽；切口；壓頂,橋梁工程,
21384517,cope chisel,鑿槽刀,橋梁工程,
21384518,coping machine,削角機,橋梁工程,
21384519,coping stone,蓋頂石,橋梁工程,
21384520,copper,銅,橋梁工程,
21384521,corbel arch,突拱,橋梁工程,
21384522,corbel bolster,托座墊；托架墊,橋梁工程,
21384523,corbel course,托架層,橋梁工程,
21384524,core boring,鑽心,橋梁工程,
21384525,core drill,岩心鑽機；取心鑽,橋梁工程,
21384526,corner bracket,角托架,橋梁工程,
21384527,corrective maintenance,結構安全性維護,橋梁工程,
21384528,corrugated bar,竹節鋼筋；波紋鋼筋,橋梁工程,
21384529,corrugated dolly,異形鉚釘頭頂具,橋梁工程,
21384530,corrugated iron,浪形鐵板；波形鐵板,橋梁工程,
21384531,corrugated pile,浪形板樁；波形板樁,橋梁工程,
21384532,corrugated plate,浪形鋼板；波形鐵板,橋梁工程,
21384533,corrugated sheet pile,浪形板樁；波形板樁,橋梁工程,
21384534,corrugated steel,浪形鋼；波形鋼,橋梁工程,
21384535,corrugated steel floor,浪形鋼樓板；波形鋼樓板,橋梁工程,
21384536,COR-TEN steel,戈坦耐候鋼,橋梁工程,
21384537,cosine,餘弦,橋梁工程,
21384538,cost,費用,橋梁工程,
21384539,cotter,銷；開口銷,橋梁工程,
21384540,cotter bolt,插銷螺栓,橋梁工程,
21384541,cotter key,銷；開口銷,橋梁工程,
21384542,cotter pin,開口銷,橋梁工程,
21384543,counter brace,反向對角支撐,橋梁工程,
21384544,counter bracing (ties),反向對角支撐(拉桿),橋梁工程,
21384545,counter shear,反向剪力,橋梁工程,
21384546,counter stress,反向應力,橋梁工程,
21384547,counter strut,拉壓腹桿,橋梁工程,
21384548,counterbalance,抵消；抗衡：配衡；配重,橋梁工程,
21384549,counterbore,擴孔；柱坑；鏜孔,橋梁工程,
21384550,counterbrace,反向對角支撐,橋梁工程,
21384551,counterfort,扶壁,橋梁工程,
21384552,counterpoise,抵消；抗衡；配橫,橋梁工程,
21384553,countersink,錐坑；埋頭孔；埋頭鑽,橋梁工程,
21384554,countersink drill,埋頭鑽,橋梁工程,
21384555,countersinking reamer,埋頭孔鉸刀,橋梁工程,
21384556,countersunk bolt,埋頭螺栓；埋頭螺絲,橋梁工程,
21384557,counterweight,配重；衡重；平衡器,橋梁工程,
21384558,coupling box,聯軸器箱,橋梁工程,
21384559,coupling link,聯接鏈；聯結桿,橋梁工程,
21384560,coupling valve,聯結閥,橋梁工程,
21384561,coursed rubble,層狀粗石圬工,橋梁工程,
21384562,coursing joint,楔形石接縫,橋梁工程,
21384563,covered bridge,廊橋,橋梁工程,
21384564,covered electrode,被覆銲條,橋梁工程,
21384565,crab,起重絞車；起重機,橋梁工程,
21384566,cradle,腳手架；吊架,橋梁工程,
21384567,cradling,支撐,橋梁工程,
21384568,cramp iron,鉗；鋼帶圈,橋梁工程,
21384569,cramp joint,鉗接；鉗子對口,橋梁工程,
21384570,crandall,斧鑿槌,橋梁工程,
21384571,crandalled dressing,不規則斧鑿飾面,橋梁工程,
21384572,crandalled masonry,斧鑿砌作,橋梁工程,
21384573,crane girder,吊車梁,橋梁工程,
21384574,crank,曲柄；曲軸,橋梁工程,
21384575,crank auger,曲柄螺鑽；曲柄鑽,橋梁工程,
21384576,crank pin,曲柄銷,橋梁工程,
21384577,crank shaft,曲柄軸；曲軸,橋梁工程,
21384578,crash barrier,防撞護欄；減速輔助器{空運},橋梁工程,
21384579,crashworthiness,耐撞性,橋梁工程,
21384580,creeper traveler,可移動式吊車,橋梁工程,
21384581,creosoted lath,油浸木板條,橋梁工程,
21384582,creosoted timber,油浸木材,橋梁工程,
21384583,crescent truss,弓形桁架; 月牙形桁架,橋梁工程,
21384584,crest,堤岸頂：堤頂,橋梁工程,
21384585,crib,格架；籠；筐,橋梁工程,
21384586,cribbing,縱橫疊架木支撐,橋梁工程,
21384587,crimping machine,卷邊機；軋紋波機,橋梁工程,
21384588,cripple,皺曲；壓皺；削弱,橋梁工程,
21384589,critical speed,臨界速度；臨界速率,橋梁工程,
21384590,cross beam,橫梁；交叉梁,橋梁工程,
21384591,cross bond,交丁砌合,橋梁工程,
21384592,cross brace,橫向支撐；交叉支撐,橋梁工程,
21384593,cross frame,橫撐構架；交叉構架,橋梁工程,
21384594,cross girder,橫向大梁,橋梁工程,
21384595,cross hatch,交叉斜線；交叉影線,橋梁工程,
21384596,cross riveting,交錯鉚接,橋梁工程,
21384597,cross tie,軌枕；枕木,橋梁工程,
21384598,cross-cut saw,橫切鋸,橋梁工程,
21384599,cross-fiber wood,斜紋木材；交錯紋理木材,橋梁工程,
21384600,crosshairs,十字絲,橋梁工程,
21384601,crosshead,帽梁；臺帽,橋梁工程,
21384602,cross-head,十字頭,橋梁工程,
21384603,cross-head pin,十字頭銷,橋梁工程,
21384604,cross-over,跨接,橋梁工程,
21384605,cross-section book,繪製橫斷面簿；繪製橫剖面簿,橋梁工程,
21384606,cross-section paper,方格紙,橋梁工程,
21384607,cross-section rod,水平尺,橋梁工程,
21384608,cross-wires,十字絲,橋梁工程,
21384609,crow bar,撬棒；撬桿,橋梁工程,
21384610,crow-foot seam,爪形岩脈,橋梁工程,
21384611,crown height,路拱高度,橋梁工程,
21384612,crown of the roadway,路拱高度,橋梁工程,
21384613,crown thrust of an arch,拱頂壓力,橋梁工程,
21384614,crown tile,拱頂瓦,橋梁工程,
21384615,crown valve,冠狀閥,橋梁工程,
21384616,crown wheel,冠狀齒輪,橋梁工程,
21384617,crowned pulley,隆面皮帶輪,橋梁工程,
21384618,crucible cast steel,坩堝鑄鋼,橋梁工程,
21384619,crucible steel,坩堝鑄鋼,橋梁工程,
21384620,crushing,壓碎,橋梁工程,
21384621,crushing strain,壓碎應變,橋梁工程,
21384622,crushing strength,壓碎強度,橋梁工程,
21384623,crystalline,結晶體,橋梁工程,
21384624,crystalline fracture,結晶狀破裂,橋梁工程,
21384625,crystalline iron,結晶鐵,橋梁工程,
21384626,cubature,求體積[法]；體積,橋梁工程,
21384627,cubic curve,三次曲線,橋梁工程,
21384628,cultural affiliations,文化種族；文化聚落,橋梁工程,
21384629,cultural period,文化期,橋梁工程,
21384630,cultural resource,文化資產,橋梁工程,
21384631,cultural resource investigation,文化資產研究,橋梁工程,
21384632,cultural resource management (CRM),文化資產管理,橋梁工程,
21384633,cultural resource site form,文化資產遺址制式表格,橋梁工程,
21384634,culture history,文化史,橋梁工程,
21384635,culvert ,涵洞；暗渠,橋梁工程,
21384636,cumulative stress,累積應力,橋梁工程,
21384637,cumulative vibration,累積振動,橋梁工程,
21384638,cup dolly,杯型鉚釘頭頂具,橋梁工程,
21384639,cup fracture,杯形破裂,橋梁工程,
21384640,cup washer,杯形墊圈,橋梁工程,
21384641,cup-and-ball joint,球窩接頭,橋梁工程,
21384642,curation,文物保存,橋梁工程,
21384643,curb chain,制動鏈,橋梁工程,
21384644,curb girder,路緣梁；緣梁,橋梁工程,
21384645,curled wood,波紋材,橋梁工程,
21384646,current,水流；氣流；電流,橋梁工程,
21384647,current meter,流速計,橋梁工程,
21384648,curved girder,曲梁,橋梁工程,
21384649,curved line,曲線,橋梁工程,
21384650,curved top chord,曲線形上弦桿,橋梁工程,
21384651,Cushing pile,庫欣木樁,橋梁工程,
21384652,cushion coat,緩衝層,橋梁工程,
21384653,cusp,尖點；歧點,橋梁工程,
21384654,cuspidal curve,尖曲線,橋梁工程,
21384655,cut and cover,明挖覆蓋法,橋梁工程,
21384656,cut gear,切製齒輪,橋梁工程,
21384657,cut nail,切製釘,橋梁工程,
21384658,cut spike,切製尖鐵,橋梁工程,
21384659,cut stone,琢石,橋梁工程,
21384660,cut-off,截斷器；截彎取直；截斷,橋梁工程,
21384661,cut-off end,截斷端,橋梁工程,
21384662,cut-stone masonry,琢石圬工,橋梁工程,
21384663,cutter,切斷機；刀刃,橋梁工程,
21384664,cutting edge,刀刃；削邊,橋梁工程,
21384665,cutting tool,切削工具,橋梁工程,
21384666,cutwater,橋墩分水角；破浪艏材,橋梁工程,
21384667,cycle,回轉；周期；循環；復原,橋梁工程,
21384668,cyclical bridge preventative maintenance ,定期橋梁預防性維護,橋梁工程,
21384669,cycloid,擺線；旋輪線,橋梁工程,
21384670,cycloidal curve,擺線；旋輪線,橋梁工程,
21384671,cylinder pier,圓形鋼管混凝土橋墩；鋼管混凝土橋墩,橋梁工程,
21384672,damage,損傷；毀壞,橋梁工程,
21384673,dangerous section,危險斷面；危險部位；臨界破壞面,橋梁工程,
21384674,dap,槽口,橋梁工程,
21384675,dapped joint,互嵌接合；嵌槽接頭,橋梁工程,
21384676,dashpot,緩衝器；減振器；黏性阻尼器,橋梁工程,
21384677,data recovery,資料還原,橋梁工程,
21384678,datum line,基準線,橋梁工程,
21384679,datum plane,基準面,橋梁工程,
21384680,day foreman,日班工頭,橋梁工程,
21384681,day superintendent,日班監工,橋梁工程,
21384682,dead load stress,靜載重應力；靜載應力,橋梁工程,
21384683,dead load ,靜載重；靜載,橋梁工程,
21384684,dead melt,全熔,橋梁工程,
21384685,dead pulley,惰輪；空轉輪,橋梁工程,
21384686,deadening dressing,粗面修琢,橋梁工程,
21384687,dead-man,錨定椿,橋梁工程,
21384688,dead-points,死點；靜點,橋梁工程,
21384689,debris,殘渣；岩屑；碎屑,橋梁工程,
21384690,deck beam,橋面板T形梁,橋梁工程,
21384691,deck cantilever,上承式懸臂橋,橋梁工程,
21384692,deck girder,上承式橋大梁,橋梁工程,
21384693,deck plate girder,上承式橋板梁,橋梁工程,
21384694,deck plate girder bridge,上承式板梁橋,橋梁工程,
21384695,deck slab,橋面板；承板樓板,橋梁工程,
21384696,deck span,上承式橋跨距,橋梁工程,
21384697,deck truss,上承式桁架；上承式桁架橋,橋梁工程,
21384698,deck truss bridge,上承式桁架橋,橋梁工程,
21384699,deck-type bridge,上承式橋,橋梁工程,
21384700,declivity,下斜；傾斜,橋梁工程,
21384701,deflection indicator,變位計,橋梁工程,
21384702,deflectometer,變位計,橋梁工程,
21384703,dentilation,齒飾,橋梁工程,
21384704,departure,橫距；經距；偏差；離場,橋梁工程,
21384705,depreciation,折舊,橋梁工程,
21384706,depth,深度,橋梁工程,
21384707,derailing apparatus,脫軌器,橋梁工程,
21384708,derailing switch,脫軌轉轍器,橋梁工程,
21384709,derrick car,起重機車,橋梁工程,
21384710,derrick crab,起重機搖臂,橋梁工程,
21384711,derrick crane,起重機,橋梁工程,
21384712,derrick mast,起重機桅桿；吊桿桅,橋梁工程,
21384713,derrick sheaves,起重機滑輪,橋梁工程,
21384714,design event ,設計用模擬事件,橋梁工程,
21384715,design hour volume (DHV) ,設計小時交通量,橋梁工程,
21384716,design professional,設計者,橋梁工程,
21384717,design review,設計審查,橋梁工程,
21384718,design service period,設計年限,橋梁工程,
21384719,designation number (des. no.),編號,橋梁工程,
21384720,design-bid-build project delivery,施工包工程發包,橋梁工程,
21384721,design-build project delivery,統包工程發包,橋梁工程,
21384722,detail drawing,詳圖；細部設計圖,橋梁工程,
21384723,detail paper,圖紙,橋梁工程,
21384724,determination of effect,狀況認定,橋梁工程,
21384725,determination of eligibility,資格認定,橋梁工程,
21384726,deviation,偏差,橋梁工程,
21384727,diagnostic artifact,鑑別文物,橋梁工程,
21384728,diagonal,斜桿,橋梁工程,
21384729,diagonal stay,斜向鋼纜,橋梁工程,
21384730,diagonal tie,斜向拉桿,橋梁工程,
21384731,diagonal wrench,斜口鉗,橋梁工程,
21384732,diagram,圖,橋梁工程,
21384733,diagram of stresses,應力圖,橋梁工程,
21384734,diagram of weights,荷重圖,橋梁工程,
21384735,diametral pitch,徑節{齒數-節圓直徑比},橋梁工程,
21384736,diametral plane,切徑平面,橋梁工程,
21384737,diamond drill,金剛石鑽頭,橋梁工程,
21384738,diaphragm,橫隔板；橫膈板；隔板；膈板,橋梁工程,
21384739,diaphragm beam,隔梁,橋梁工程,
21384740,diaphragm plate,橫膈板；橫隔板,橋梁工程,
21384741,die,鋼模,橋梁工程,
21384742,die stock,螺模夾把,橋梁工程,
21384743,dies,攻牙器,橋梁工程,
21384744,differential,微分,橋梁工程,
21384745,differential block,差動滑車,橋梁工程,
21384746,differential capstan,差速絞盤,橋梁工程,
21384747,differential coefficient,微分係數,橋梁工程,
21384748,differential coupling,差速聯軸器,橋梁工程,
21384749,differential gears,差速齒輪,橋梁工程,
21384750,differential jack,差動起重器,橋梁工程,
21384751,differential pulley,差動滑車；差動滑輪,橋梁工程,
21384752,differential screw-jack,差動螺旋千斤頂,橋梁工程,
21384753,differential tackle,差動滑車；差動滑輪,橋梁工程,
21384754,differential windlass,差動絞盤,橋梁工程,
21384755,dimension stone,規格石塊,橋梁工程,
21384756,dipper dredge,鏟斗挖泥船,橋梁工程,
21384757,direct current,直流電,橋梁工程,
21384758,direct effects,直接效應,橋梁工程,
21384759,direct stress,直接應力,橋梁工程,
21384760,direct tension,直接拉力,橋梁工程,
21384761,direct wind-load stress,直接風載應力,橋梁工程,
21384762,discharge valve,排放閥,橋梁工程,
21384763,disconnection,斷線；斷開；切斷；接合損壞,橋梁工程,
21384764,discount,折扣,橋梁工程,
21384765,disintegration,解體；分裂；蛻變,橋梁工程,
21384766,disk,碟,橋梁工程,
21384767,disk coupling,圓盤式聯軸器,橋梁工程,
21384768,disk crank,圓盤曲柄,橋梁工程,
21384769,disk pile,盤式擴底鋼椿,橋梁工程,
21384770,disk-braked train,碟式煞車火車,橋梁工程,
21384771,displacement demand ,變位需求,橋梁工程,
21384772,displacement diagram,變位圖,橋梁工程,
21384773,dive culvert,虹吸涵管,橋梁工程,
21384774,diving bell,潛水鐘,橋梁工程,
21384775,diving dress,潛水服,橋梁工程,
21384776,diving suit,潛水服,橋梁工程,
21384777,division wall,隔牆,橋梁工程,
21384778,dock,碼頭,橋梁工程,
21384779,dog,爪；制動爪,橋梁工程,
21384780,dog head,圓頭碎石工具,橋梁工程,
21384781,dog hook,鐵鉤,橋梁工程,
21384782,dog iron,鐵鉤,橋梁工程,
21384783,dolly bar,鉚釘頭模棒,橋梁工程,
21384784,dolomitic limestone,白雲石灰岩,橋梁工程,
21384785,dolphin,繫船樁,橋梁工程,
21384786,donkey engine,輔助引擎,橋梁工程,
21384787,donkey pump,鍋爐給水泵,橋梁工程,
21384788,Dorchester sandstone,多塞特砂岩,橋梁工程,
21384789,doty tie,腐朽連繫材,橋梁工程,
21384790,double block,雙滑輪,橋梁工程,
21384791,double bowstring truss,雙弓弦桁架；魚形桁架,橋梁工程,
21384792,double cancellation truss,雙交叉桁架,橋梁工程,
21384793,double cap,雙帽,橋梁工程,
21384794,double deck,雙層板,橋梁工程,
21384795,double drill,雙頭鑽,橋梁工程,
21384796,double end file,雙頭銼刀,橋梁工程,
21384797,double ender locomotive,雙頭機車,橋梁工程,
21384798,double intersection truss,雙交叉桁架,橋梁工程,
21384799,double locomotive excess-load,雙機車超額載重,橋梁工程,
21384800,double piston locomotive,雙活塞機車,橋梁工程,
21384801,double refined iron,二重精煉鐵,橋梁工程,
21384802,double rim bearing draw,雙環軸承開合橋跨,橋梁工程,
21384803,double rim-bearing turntable,雙環軸承轉台；雙環軸承轉盤,橋梁工程,
21384804,double riveted lacing,雙鉚釘繫條,橋梁工程,
21384805,double riveting,雙排交錯鉚釘,橋梁工程,
21384806,double rotating cantilever draw,雙懸臂旋轉橋,橋梁工程,
21384807,double shear,雙剪,橋梁工程,
21384808,double shear steel,雙剪鋼骨,橋梁工程,
21384809,double triangular truss,雙交叉桁架,橋梁工程,
21384810,double truck tank locomotive,雙車廂機車,橋梁工程,
21384811,double wrench,雙頭鉗,橋梁工程,
21384812,double-acting piston,雙動氣壓缸,橋梁工程,
21384813,double-bitted axe,雙刃斧,橋梁工程,
21384814,double-faced hammer,雙面錘,橋梁工程,
21384815,double-intersection Pratt truss,雙重交叉普拉特桁架,橋梁工程,
21384816,double-speed pulley,雙速滑輪,橋梁工程,
21384817,double-step joint,雙階式接合；兩段斜接頭,橋梁工程,
21384818,douglas fir,洋松,橋梁工程,
21384819,dovetail,鳩尾榫,橋梁工程,
21384820,dovetail joint,鳩尾接合,橋梁工程,
21384821,dowel joint,榫釘接合；綴縫筋接合,橋梁工程,
21384822,doweled masonry,榫接砌作；榫接圬工,橋梁工程,
21384823,downspout ,落水管,橋梁工程,
21384824,downstream,下游,橋梁工程,
21384825,downstream face,壩下游面,橋梁工程,
21384826,drafted dressing,粗琢石飾面,橋梁工程,
21384827,drafted stone,粗琢塊石,橋梁工程,
21384828,draught,草圖,橋梁工程,
21384829,draw,活動橋開啟段,橋梁工程,
21384830,draw bridge,活動橋,橋梁工程,
21384831,draw rest,活動橋開啟段支撐,橋梁工程,
21384832,draw span,活動橋開啟段橋跨,橋梁工程,
21384833,drawing down,斷面漸減,橋梁工程,
21384834,dressed and matched flooring,槽榫板,橋梁工程,
21384835,dressed ashlar,琢石,橋梁工程,
21384836,dressing,石琢；飾面；敷料；塗料,橋梁工程,
21384837,drift bolt,衝銷栓,橋梁工程,
21384838,drift ice,浮冰,橋梁工程,
21384839,drill,鑽頭；鑽孔機,橋梁工程,
21384840,drill barrow,鑽頭；鑽孔機,橋梁工程,
21384841,drill bit,鑽頭,橋梁工程,
21384842,drill chuck,鑽頭夾頭,橋梁工程,
21384843,drill gauge,鑽徑規,橋梁工程,
21384844,drill plate,鑽板,橋梁工程,
21384845,drill press,鑽床,橋梁工程,
21384846,drill stock,鑽柄,橋梁工程,
21384847,drilled shaft,鑽掘樁；鑽掘深基礎；沉箱,橋梁工程,
21384848,drilling,鑽孔；鑽屑,橋梁工程,
21384849,drilling machine,鑽機,橋梁工程,
21384850,drip pipe,滴水管,橋梁工程,
21384851,drip stone,滴岩；滴石；簷口,橋梁工程,
21384852,driven pulley,從動滑輪；被動滑輪,橋梁工程,
21384853,driving axle,傳動軸；主動軸,橋梁工程,
21384854,driving belt,傳動皮帶；驅動皮帶,橋梁工程,
21384855,driving box,傳動軸箱,橋梁工程,
21384856,driving fit,緊密打入；壓嵌配合,橋梁工程,
21384857,driving gear,傳動齒輪；驅動齒輪,橋梁工程,
21384858,driving nut,傳力螺帽,橋梁工程,
21384859,driving pulley,驅動滑輪；傳動滑輪；主動滑輪,橋梁工程,
21384860,driving shaft,驅動軸；半軸,橋梁工程,
21384861,driving wheel,驅動輪；傳動輪,橋梁工程,
21384862,drop arch,低尖拱,橋梁工程,
21384863,drop forging,落錘鍛造,橋梁工程,
21384864,drop hammer pile driver,落錘打樁機,橋梁工程,
21384865,drop inlet ,落水井,橋梁工程,
21384866,drop of beam,落梁降伏試驗,橋梁工程,
21384867,drop-in span,中央插入跨,橋梁工程,
21384868,droplet,微滴；熔滴,橋梁工程,
21384869,droved dressing,平鑿飾面,橋梁工程,
21384870,dry blow-out,乾吹分離,橋梁工程,
21384871,dry dock,乾船塢,橋梁工程,
21384872,dry masonry,乾砌作；乾砌石工,橋梁工程,
21384873,dry process in cement manufacture,水泥乾式製程,橋梁工程,
21384874,dry puddling,乾法攪煉,橋梁工程,
21384875,dry rotten wood,乾腐木,橋梁工程,
21384876,dry seam,石縫,橋梁工程,
21384877,Duchemin's formula,Duchemin 公式,橋梁工程,
21384878,dumb-bell pier,啞鈴形橋墩,橋梁工程,
21384879,dump,傾卸場；傾卸,橋梁工程,
21384880,dump car,傾卸車,橋梁工程,
21384881,dump scow,傾卸駁船,橋梁工程,
21384882,duplex hammer,雙面錘,橋梁工程,
21384883,duplex slide rule,雙標計算尺,橋梁工程,
21384884,durbar decking,花紋鋼橋板,橋梁工程,
21384885,durometer,硬度計,橋梁工程,
21384886,dust guard,防塵板；防塵罩,橋梁工程,
21384887,dutch brick,高溫燒結磚,橋梁工程,
21384888,dutchman,連綴軌,橋梁工程,
21384889,duty,能率,橋梁工程,
21384890,d-valve,滑閥,橋梁工程,
21384891,dynamic deflection,動力變位；動力撓度,橋梁工程,
21384892,dynamic equilibrium,動態平衡,橋梁工程,
21384893,dynamic force,動態力,橋梁工程,
21384894,dynamic horsepower,動態馬力；指示馬力；指示功率,橋梁工程,
21384895,dynamite,炸藥,橋梁工程,
21384896,Eads' pump,Eads 幫浦,橋梁工程,
21384897,eccentric,偏心,橋梁工程,
21384898,eccentric axis,偏心軸,橋梁工程,
21384899,eccentric gear,偏心齒輪,橋梁工程,
21384900,eccentric load,偏心載重；偏心負載,橋梁工程,
21384901,eccentric rod,偏心桿,橋梁工程,
21384902,eccentric strap,偏心環套,橋梁工程,
21384903,economic depth,經濟桁架深度；經濟大梁深度,橋梁工程,
21384904,economics,經濟學,橋梁工程,
21384905,eddy,渦流,橋梁工程,
21384906,effect,效應；效果；作用；影響,橋梁工程,
21384907,effective depth of girder,有效大梁深,橋梁工程,
21384908,effective horsepower,實際馬力,橋梁工程,
21384909,efficiency,效率,橋梁工程,
21384910,efficiency curve,效率曲線,橋梁工程,
21384911,efficiency of tackle,滑輪組效率,橋梁工程,
21384912,eggshell paper,蛋殼紙,橋梁工程,
21384913,ejector,彈射器；噴射器,橋梁工程,
21384914,ejector condenser,噴射凝結器；抽射冷凝器,橋梁工程,
21384915,elastic,彈性,橋梁工程,
21384916,elastic arch,彈性設計拱,橋梁工程,
21384917,elastomeric bridge bearing,人造橡膠橋梁支承,橋梁工程,
21384918,elbow,彎管；肘管,橋梁工程,
21384919,elbow joint,肘管接頭,橋梁工程,
21384920,electric crane,電動起重機,橋梁工程,
21384921,electric hammer,電鎚,橋梁工程,
21384922,electric hoist,電動吊車,橋梁工程,
21384923,electric motor,電動機；電動馬達,橋梁工程,
21384924,electrical horsepower,電力,橋梁工程,
21384925,electrical resistance,電阻,橋梁工程,
21384926,electromagnet,電磁鐵；電磁體,橋梁工程,
21384927,elevation difference,高程差,橋梁工程,
21384928,elevation view,立面圖,橋梁工程,
21384929,eligibility,適格性；合格性,橋梁工程,
21384930,ellipse,橢圓,橋梁工程,
21384931,elliptical arch,橢圓拱,橋梁工程,
21384932,elliptical curve,橢圓曲線,橋梁工程,
21384933,embankment dam,土石壩,橋梁工程,
21384934,empirical coefficient,經驗係數,橋梁工程,
21384935,empirical formula,經驗公式,橋梁工程,
21384936,end floor beam,樓板端梁,橋梁工程,
21384937,end pin,端跨插銷,橋梁工程,
21384938,end reaction,端部反力,橋梁工程,
21384939,end shear,端部剪力,橋梁工程,
21384940,end treatment,端部處理{護欄端部},橋梁工程,
21384941,endless chain,無端環鏈；循環鏈,橋梁工程,
21384942,end-lifting apparatus,端部起重裝置{活動橋},橋梁工程,
21384943,energy,能量；能,橋梁工程,
21384944,engine,引擎；發動機,橋梁工程,
21384945,engineer scale,工程比例尺,橋梁工程,
21384946,engineering,工程；工程學,橋梁工程,
21384947,engineering brick,工程磚,橋梁工程,
21384948,engineering design,工程設計,橋梁工程,
21384949,engineering news formula,基樁安全載重公式,橋梁工程,
21384950,engineer's hammer,工程師錘,橋梁工程,
21384951,engineer's level,工程水準儀,橋梁工程,
21384952,enlarged scale,放大比例尺；放大比例圖,橋梁工程,
21384953,environment,環境,橋梁工程,
21384954,environmental assessment (EA),環境評估,橋梁工程,
21384955,environmental document,環境文件,橋梁工程,
21384956,environmental impact assessment,環境影響評估,橋梁工程,
21384957,environmental impact assessment report,環境影響評估報告書,橋梁工程,
21384958,environmental scoping manager,環境影響議題經理,橋梁工程,
21384959,epicycloid,外擺線,橋梁工程,
21384960,epicycloidal curve,外擺線,橋梁工程,
21384961,epicycloidal tooth,外燼齒,橋梁工程,
21384962,equalizer,均衡器,橋梁工程,
21384963,equations of equilibrium,平衡方程式組,橋梁工程,
21384964,equilibrium of three parallel forces in one plane,共面三平行力平衡定律,橋梁工程,
21384965,equilibrium polygon,平衡多邊形,橋梁工程,
21384966,equipment bridging,組合式便橋組裝,橋梁工程,
21384967,equivalent uniform live load,等值均布活載重,橋梁工程,
21384968,erecting bill,架設清單,橋梁工程,
21384969,erection,架設；安裝；組立,橋梁工程,
21384970,erection car,架設車,橋梁工程,
21384971,erection diagram,架設圖；安裝圖,橋梁工程,
21384972,erection drawing,架設圖；安裝圖,橋梁工程,
21384973,erection gang,架設工班,橋梁工程,
21384974,erection stress,架設應力,橋梁工程,
21384975,erosion prevention and sediment control (EPSC) ,侵蝕預防與泥沙控制,橋梁工程,
21384976,escarpment, 崖；陡崖,橋梁工程,
21384977,ethnobotanical analysis,民族植物學分析,橋梁工程,
21384978,Euler's formula,歐拉公式；尤氏公式；尤拉公式,橋梁工程,
21384979,evolute,漸屈線,橋梁工程,
21384980,evolute curve,漸屈線,橋梁工程,
21384981,exaggerated scale drawing,不等比例圖,橋梁工程,
21384982,excavating shaft,挖掘井；挖掘豎井,橋梁工程,
21384983,excavation block,開挖區塊,橋梁工程,
21384984,excavator,開挖機；挖土機,橋梁工程,
21384985,expanded metal,膨脹金屬；擴張金屬板,橋梁工程,
21384986,expanding reamer,擴脹性絞孔器,橋梁工程,
21384987,expansion bearing,伸縮支承,橋梁工程,
21384988,expansion bolt,膨脹螺栓,橋梁工程,
21384989,expansion end,伸縮端,橋梁工程,
21384990,expansion girder,伸縮大梁,橋梁工程,
21384991,expansion joint,伸縮縫；伸縮接頭{鐵路},橋梁工程,
21384992,expansion pocket,伸縮托座,橋梁工程,
21384993,expansion roller,伸縮輥支承,橋梁工程,
21384994,explosive,炸藥 ; 爆炸物,橋梁工程,
21384995,extension bar,接長桿,橋梁工程,
21384996,extension plate,齒形接縫鈑,橋梁工程,
21384997,external wall,外牆,橋梁工程,
21384998,extrados,拱背線；拱背面,橋梁工程,
21384999,extreme fiber,外緣纖維,橋梁工程,
21385000,extreme fiber stress,最外緣纖維應力,橋梁工程,
21385001,extreme high water,最高歷史水位,橋梁工程,
21385002,extreme high-water-mark,最高歷史水位,橋梁工程,
21385003,eye,眼孔；環首；桿眼,橋梁工程,
21385004,eye and strap,桿眼鉸鏈,橋梁工程,
21385005,eye bolt,環首螺栓；眼螺栓,橋梁工程,
21385006,eye splice,眼環結；索眼接,橋梁工程,
21385007,eyebar dog,眼桿吊鉗,橋梁工程,
21385008,eyebar head,眼桿頭,橋梁工程,
21385009,eyebar hook,眼桿吊鉗,橋梁工程,
21385010,eyebar upsetter,眼桿鍛粗機,橋梁工程,
21385011,eyepiece,目鏡,橋梁工程,
21385012,facade,正面；立面；建築立面,橋梁工程,
21385013,face of gear tooth,節圓外齒輪面,橋梁工程,
21385014,face wall,面牆,橋梁工程,
21385015,faced joint,平面接頭,橋梁工程,
21385016,facing,面飾；上塗料；對向；對向岔尖{鐵路行車},橋梁工程,
21385017,fall blocks,滑輪,橋梁工程,
21385018,fall line,滑輪下拉索,橋梁工程,
21385019,fall line ball,滑輪繩垂球,橋梁工程,
21385020,falls,滑輪繩索,橋梁工程,
21385021,false cap,假柱頭,橋梁工程,
21385022,false-bottom,假底,橋梁工程,
21385023,falsework bolts,搭架螺栓,橋梁工程,
21385024,falsework cap,搭架帽梁,橋梁工程,
21385025,falsework pile,搭架樁,橋梁工程,
21385026,fan-tail joint,鳩尾接頭；燕尾接頭,橋梁工程,
21385027,far bank,遠端堤岸,橋梁工程,
21385028,fascia girder,外緣大梁,橋梁工程,
21385029,fascine,梢蓐護岸；沉梢 ,橋梁工程,
21385030,fast joint,螺栓固定接頭,橋梁工程,
21385031,fast pulley,定滑輪；定輪；固定皮帶輪,橋梁工程,
21385032,fastening angle,結合角鋼；連接角材；連接角鋼,橋梁工程,
21385033,fat lime,富石灰；優質石灰,橋梁工程,
21385034,fatigue of metals,金屬疲勞,橋梁工程,
21385035,faucet,水龍頭,橋梁工程,
21385036,fauna,動物遺骸考古；動物群；動物區系,橋梁工程,
21385037,feasible and prudent,可行性及周延性,橋梁工程,
21385038,feather,裂石金屬薄片,橋梁工程,
21385039,feather and wedge,裂石用具,橋梁工程,
21385040,feather-edge,薄邊,橋梁工程,
21385041,feather-edge brick,斜削磚；楔形磚,橋梁工程,
21385042,Featherstone dredge,費瑟斯通挖泥船,橋梁工程,
21385043,federal highway administration (FHWA),美國聯邦公路總署；美國聯邦公路管理局,橋梁工程,
21385044,feed water pump,鍋爐給水泵；給水泵,橋梁工程,
21385045,feeder road bridge,次要道路橋梁,橋梁工程,
21385046,felloe,輪輞；輞,橋梁工程,
21385047,felloe plank,防撞護欄,橋梁工程,
21385048,felly,輪輞；輞,橋梁工程,
21385049,felly plank,防撞護欄,橋梁工程,
21385050,female joint,套接,橋梁工程,
21385051,female screw,內紋螺桿,橋梁工程,
21385052,fender,圍籬；擋泥板；護舷材,橋梁工程,
21385053,fender pile,防護樁,橋梁工程,
21385054,ferroconcrete,鋼筋混凝土,橋梁工程,
21385055,fibre,纖維,橋梁工程,
21385056,fibre stress,縱向拉應力，順纖維方向應力，纖維應力,橋梁工程,
21385057,fibrous,纖維性；纖維狀,橋梁工程,
21385058,fibrous fracture,纖維狀斷口；纖維狀破壞面,橋梁工程,
21385059,fibrous iron,纖維狀熟鐵,橋梁工程,
21385060,fibrous stroked dressing,纖維狀飾面,橋梁工程,
21385061,field book,現場紀錄簿,橋梁工程,
21385062,field recording,文化資源紀錄,橋梁工程,
21385063,field welding,工地銲接；現場銲接,橋梁工程,
21385064,field work,現地作業,橋梁工程,
21385065,fiery steel,過燒鋼；炙熱鋼,橋梁工程,
21385066,file,檔案；銼刀；銼,橋梁工程,
21385067,filler plate,填縫板,橋梁工程,
21385068,filler wire,銲線,橋梁工程,
21385069,fillet weld,填角銲道,橋梁工程,
21385070,filling,填料；填方,橋梁工程,
21385071,filling pile,混凝土填充樁,橋梁工程,
21385072,fin plate,加勁板；連接板,橋梁工程,
21385073,fine pointed dressing,細琢飾面,橋梁工程,
21385074,finished grade ,地表完成面,橋梁工程,
21385075,finishing stakes,最終標樁,橋梁工程,
21385076,Fink truss,芬克式桁架；芬克桁架,橋梁工程,
21385077,fire brick,耐火磚,橋梁工程,
21385078,fire-cracked rock (FCR),火裂石,橋梁工程,
21385079,fireless locomotive,無火機車,橋梁工程,
21385080,fire-setting,火力破石,橋梁工程,
21385081,first cost,原始成本；期初成本,橋梁工程,
21385082,first-class masonry,貝克式石砌,橋梁工程,
21385083,fish bellied girder,魚腹梁,橋梁工程,
21385084,fish belly,魚腹式桁架,橋梁工程,
21385085,fish bolt,連接板螺栓；魚尾板螺栓,橋梁工程,
21385086,fish joint,魚尾板夾接,橋梁工程,
21385087,fish-belly,魚腹式,橋梁工程,
21385088,fishbolt,連接板螺栓；魚尾板螺栓,橋梁工程,
21385089,fishing,魚尾板夾接,橋梁工程,
21385090,fitting-up,預裝；假組立,橋梁工程,
21385091,fitting-up clamp,預裝夾具,橋梁工程,
21385092,fitting-up gang,預裝工班,橋梁工程,
21385093,fixed (hingeless) arch,固端拱；無鉸拱,橋梁工程,
21385094,fixed arch ,固端拱,橋梁工程,
21385095,fixed charges,固定支出；固定開支,橋梁工程,
21385096,fixed end,固定端；錨固端,橋梁工程,
21385097,fixed load,固定載重；固定荷重,橋梁工程,
21385098,fixed point,定點；不動點,橋梁工程,
21385099,fixed post,固端柱,橋梁工程,
21385100,fixed span,固定式橋跨,橋梁工程,
21385101,flange angle,翼板角鋼,橋梁工程,
21385102,flange coupling,法蘭接頭；凸緣接頭,橋梁工程,
21385103,flange joint,法蘭接頭；法蘭接合；凸緣接頭；凸緣接合,橋梁工程,
21385104,flange rail,凸緣軌條,橋梁工程,
21385105,flange splice,翼板續接,橋梁工程,
21385106,flange stress,翼板應力,橋梁工程,
21385107,flange union,法蘭接頭；凸緣接頭,橋梁工程,
21385108,flank of gear tooth,齒輪齒腹,橋梁工程,
21385109,flashing angle,防水角鋼,橋梁工程,
21385110,flashing point,閃點；燃點；引火點,橋梁工程,
21385111,flashings,防水板,橋梁工程,
21385112,flasks,模箱,橋梁工程,
21385113,flat,平；扁鋼；淺灘,橋梁工程,
21385114,flat arch,平拱；扁拱,橋梁工程,
21385115,flat dolly,扁頭鉚頂,橋梁工程,
21385116,flat file,扁銼,橋梁工程,
21385117,flat rasp,平銼刀,橋梁工程,
21385118,flat reamer,平底絞刀 ,橋梁工程,
21385119,flat scale,扁平尺規；錘狀鱗片,橋梁工程,
21385120,flat wood file,木工平銼刀,橋梁工程,
21385121,flat-head,平頭{螺栓頭或鉚釘頭},橋梁工程,
21385122,flat-rope pulley,平皮帶滑輪,橋梁工程,
21385123,fleeting tackle,水平輔助吊鈎,橋梁工程,
21385124,Flemish bond,荷蘭式砌法；佛蘭密斯砌法,橋梁工程,
21385125,Flemish brick,佛蘭密斯磚,橋梁工程,
21385126,flexure,撓曲,橋梁工程,
21385127,fliers,樓梯梯級,橋梁工程,
21385128,flight,梯段,橋梁工程,
21385129,flitch beam,鋼木夾合梁；夾板組合梁,橋梁工程,
21385130,flitch plate,鋼木複合梁板材,橋梁工程,
21385131,flitched beam,鋼木夾合梁；夾板組合梁,橋梁工程,
21385132,flitched girder,鋼木夾合梁；夾板組合梁,橋梁工程,
21385133,floated surface,鏝平面,橋梁工程,
21385134,floater,流動工,橋梁工程,
21385135,floating pier,浮式突堤碼頭；浮式碼頭,橋梁工程,
21385136,flogging hammer,鑄件加工用錘；鍛錘,橋梁工程,
21385137,flood arch,泛洪拱；乾地拱,橋梁工程,
21385138,floor,橋板；樓板,橋梁工程,
21385139,floor bolt,橋板螺栓,橋梁工程,
21385140,floor girder,橋板大梁；樓板大梁,橋梁工程,
21385141,floor plank,橋條板,橋梁工程,
21385142,floor space,橋面板空間；樓地板空間,橋梁工程,
21385143,floor spike,橋板釘,橋梁工程,
21385144,floor-beam,樓板梁；橫梁,橋梁工程,
21385145,floor-beam concentration,橋板梁集力；樓板梁集力,橋梁工程,
21385146,flooring,橋板；橋板材,橋梁工程,
21385147,floral analysis,植物遺存分析,橋梁工程,
21385148,flotation analysis,浮選分析；浮游分析,橋梁工程,
21385149,flour of lime,石灰粉,橋梁工程,
21385150,flush,沖洗；平,橋梁工程,
21385151,flush joint,平接頭；平頭接合,橋梁工程,
21385152,flush with mortar,砂漿推平,橋梁工程,
21385153,fluted drill,槽鑽；直槽擴孔鑽,橋梁工程,
21385154,fluted reamer,槽式鉸刀；開槽絞刀,橋梁工程,
21385155,flux,通量；銲藥,橋梁工程,
21385156,fly wheel,飛輪,橋梁工程,
21385157,flying falsework,懸掛工作架；懸空式工作架,橋梁工程,
21385158,flying level,飛越水準測量；速測水準；初步整平,橋梁工程,
21385159,folding bridge,摺疊開合橋,橋梁工程,
21385160,foliated granite,片麻岩,橋梁工程,
21385161,foot bridge,人行橋,橋梁工程,
21385162,foot hammer,鍛工錘,橋梁工程,
21385163,foot wall,基腳牆；下盤,橋梁工程,
21385164,footing beam,基腳梁；底腳梁；地梁,橋梁工程,
21385165,footing course,基礎層；基礎砌層,橋梁工程,
21385166,foot-pound,呎磅,橋梁工程,
21385167,foot-pound second,呎磅秒制,橋梁工程,
21385168,foot-ton,呎-噸,橋梁工程,
21385169,foot-walk,人行道,橋梁工程,
21385170,force,力,橋梁工程,
21385171,force polygon,力多邊形,橋梁工程,
21385172,force triangle,力三角,橋梁工程,
21385173,foresight,前視,橋梁工程,
21385174,forge,鍛工場；鍛爐；鍛造,橋梁工程,
21385175,forge hammer,鍛鎚,橋梁工程,
21385176,forge iron,鍛鐵,橋梁工程,
21385177,forge pig,鍛鐵塊；鍛造用生鐵,橋梁工程,
21385178,forge shop,鍛工場,橋梁工程,
21385179,forging,鍛造；鍛造件,橋梁工程,
21385180,forked drill,叉形鑽,橋梁工程,
21385181,forked wrench,開口扳手；叉形扳手,橋梁工程,
21385182,forked-end,叉端,橋梁工程,
21385183,formation,土層；路基層；組成,橋梁工程,
21385184,former,模具,橋梁工程,
21385185,forming iron,成型鐵模,橋梁工程,
21385186,formula,公式,橋梁工程,
21385187,foundation bed,基礎地盤,橋梁工程,
21385188,foundation pile,基樁,橋梁工程,
21385189,foundation pit,基礎坑,橋梁工程,
21385190,foundry,鑄造；鑄工場,橋梁工程,
21385191,foundry iron,生鐵,橋梁工程,
21385192,foundry pig,鑄用生鐵；鑄造生鐵,橋梁工程,
21385193,four-cylinder locomotive,四缸機車,橋梁工程,
21385194,fox bolt,叉端螺栓；端縫螺栓；開尾螺栓,橋梁工程,
21385195,foxtail,狐尾楔塊,橋梁工程,
21385196,fracture critical member,破裂控制桿件,橋梁工程,
21385197,fracture section,破裂斷面,橋梁工程,
21385198,fracture test,破裂試驗；斷裂試驗,橋梁工程,
21385199,frame bent,構架式橋墩；框架式橋墩,橋梁工程,
21385200,frame bridge,構架橋；框架橋,橋梁工程,
21385201,frame diagram,構架圖,橋梁工程,
21385202,frame pulley,構架式滑輪,橋梁工程,
21385203,framed bent,構架式橋墩；框架式橋墩,橋梁工程,
21385204,framed bridge,構架橋；框架橋,橋梁工程,
21385205,framed girder,構架梁,橋梁工程,
21385206,framed trestle,構架式棧橋,橋梁工程,
21385207,framework,構架；框架；組織,橋梁工程,
21385208,framing,定框,橋梁工程,
21385209,framing chisel,榫眼鑿,橋梁工程,
21385210,free body method,自由體法,橋梁工程,
21385211,free cantilevering ,懸臂施工,橋梁工程,
21385212,free end,自由端,橋梁工程,
21385213,free haul,不計價運距,橋梁工程,
21385214,freeboard,出水高,橋梁工程,
21385215,freeboard bridge,具出水高橋,橋梁工程,
21385216,freestone,易刻石；軟砂石,橋梁工程,
21385217,freezing process,冷凍法；冷凍程序,橋梁工程,
21385218,freight locomotive,貨運機車；運貨機車,橋梁工程,
21385219,friction clutch,摩擦離合器,橋梁工程,
21385220,friction coupling,摩擦聯結器,橋梁工程,
21385221,friction drum,摩擦鼓,橋梁工程,
21385222,friction force,摩擦力；摩擦推力；摩擦銲接推力,橋梁工程,
21385223,friction gear,摩擦齒輪,橋梁工程,
21385224,friction hammer,摩擦鎚,橋梁工程,
21385225,friction pulley,摩擦滑輪,橋梁工程,
21385226,friction rollers,摩擦滾輪；摩擦輥,橋梁工程,
21385227,friction washer,摩擦墊圈,橋梁工程,
21385228,friction wheel,摩擦輪,橋梁工程,
21385229,frictional gearing,摩擦傳動輪；摩擦輪,橋梁工程,
21385230,frustum,截頭錐；錐台,橋梁工程,
21385231,fulcrum,支點；支軸,橋梁工程,
21385232,full ductility design,全韌性設計,橋梁工程,
21385233,full splice,全續接,橋梁工程,
21385234,fuller,半圓型鎚,橋梁工程,
21385235,function of structure,結構功能,橋梁工程,
21385236,functional event fee,橋梁中震後可修復費用,橋梁工程,
21385237,functional requirement,功能需求,橋梁工程,
21385238,functionally obsolete bridge,不符現行規範橋梁,橋梁工程,
21385239,funicular polygon,索狀多邊形,橋梁工程,
21385240,fuse,熔化；保險絲；熔線,橋梁工程,
21385241,fusion zone,熔合帶；母材熔融區,橋梁工程,
21385242,fuze,熔化；保險絲；熔線,橋梁工程,
21385243,gad,鏨尖,橋梁工程,
21385244,gad steel,鏨鋼,橋梁工程,
21385245,gadding,鑽孔,橋梁工程,
21385246,gadding-machine,開石機；平行鑽孔架,橋梁工程,
21385247,gaff,魚鉤；掛勾,橋梁工程,
21385248,gaff hook,魚鉤；掛勾,橋梁工程,
21385249,gag press,壓力矯直機；壓直機,橋梁工程,
21385250,gag process,壓力矯直處理,橋梁工程,
21385251,gage,軌距；螺栓間距；量規,橋梁工程,
21385252,gagger,鐵骨,橋梁工程,
21385253,gain,榫槽；增益,橋梁工程,
21385254,gaining,榫槽化,橋梁工程,
21385255,gaining machine,榫槽機,橋梁工程,
21385256,gallon,加侖,橋梁工程,
21385257,gallows,絞架；掛架,橋梁工程,
21385258,gallows-frame,龍門吊架；門式吊架；井架,橋梁工程,
21385259,galvanized iron,鍍鋅鐵,橋梁工程,
21385260,galvanizing ,鍍鋅,橋梁工程,
21385261,galvanometer,電流計,橋梁工程,
21385262,gang,班；組；套,橋梁工程,
21385263,gang drill,群鑽,橋梁工程,
21385264,gang plank,跳板,橋梁工程,
21385265,gang punch,多孔打孔機,橋梁工程,
21385266,gantry traveler,門架吊車；門式行動吊車；移動橋式起重機,橋梁工程,
21385267,gas engine,燃氣引擎；內燃機,橋梁工程,
21385268,gas pipe,氣管,橋梁工程,
21385269,gasoline engine,汽油引擎,橋梁工程,
21385270,gate,閘門；澆注口,橋梁工程,
21385271,gate block,開口滑車；閘門墩,橋梁工程,
21385272,gate valve,閘閥,橋梁工程,
21385273,gauge,軌距；螺栓間距；量規,橋梁工程,
21385274,gauge glass,玻璃管液位計,橋梁工程,
21385275,gauge pile,定位樁,橋梁工程,
21385276,gauging,量測；計量,橋梁工程,
21385277,gauntry,門式起重機,橋梁工程,
21385278,gear,齒輪；傳動裝置,橋梁工程,
21385279,gear wheel,齒輪,橋梁工程,
21385280,geared locomotive,齒輪傳動機車,橋梁工程,
21385281,gearing,傳動裝置；齒輪裝置,橋梁工程,
21385282,general drawing,總圖,橋梁工程,
21385283,general foreman,總工頭,橋梁工程,
21385284,general layout,總配置圖,橋梁工程,
21385285,geodesic dome,網格穹頂；富勒穹頂,橋梁工程,
21385286,geometric design,幾何設計；線形設計,橋梁工程,
21385287,geometrical progression,幾何級數；等比級數,橋梁工程,
21385288,geostatic arch,土壓拱,橋梁工程,
21385289,geotextile ,地工織物,橋梁工程,
21385290,German steel,德國鋼,橋梁工程,
21385291,gib,凹字楔；夾條,橋梁工程,
21385292,Gilbreth pile,吉爾布斯樁,橋梁工程,
21385293,gin,絞盤；三腳起重機,橋梁工程,
21385294,gin block,單滑輪車；單輪滑車；吊貨滑車,橋梁工程,
21385295,gin pole,安裝用起重架；起重拔桿,橋梁工程,
21385296,gin pole derrick,桅桿式起重機,橋梁工程,
21385297,gin tackle,起重機復滑輪,橋梁工程,
21385298,gin type derrick,桅桿式起重機,橋梁工程,
21385299,girder,大梁；桁；梁,橋梁工程,
21385300,girder bridge,桁梁橋,橋梁工程,
21385301,girder dog,大梁吊鉤,橋梁工程,
21385302,girder guard-rail,梁式護軌,橋梁工程,
21385303,girder hook,大梁吊鉤,橋梁工程,
21385304,girder iron,大梁鋼；I型鋼,橋梁工程,
21385305,girder rail,平底軌；鐵軌,橋梁工程,
21385306,girder span,大梁跨度；梁跨,橋梁工程,
21385307,girth,周長,橋梁工程,
21385308,glacis,緩斜坡,橋梁工程,
21385309,gland,填涵蓋；聯軸器,橋梁工程,
21385310,glass cutter,玻璃割刀,橋梁工程,
21385311,glazed iron,高硅生鐵,橋梁工程,
21385312,globe valve,球閥,橋梁工程,
21385313,glulam,集成材,橋梁工程,
21385314,gneiss,片麻岩,橋梁工程,
21385315,gog press,矯直壓機,橋梁工程,
21385316,gooseneck,鵝頸形鉤；鵝頸形管；柔性聯結器,橋梁工程,
21385317,gooseneck dolly,鵝頸式輅車；鵝頸式台車,橋梁工程,
21385318,gouge,半圓鑿；鑿孔,橋梁工程,
21385319,governor,調速器,橋梁工程,
21385320,grab,抓斗,橋梁工程,
21385321,grab bucket,挖泥抓斗；挖土機抓斗,橋梁工程,
21385322,grab hook,抓鉤,橋梁工程,
21385323,grab iron,抓斗,橋梁工程,
21385324,grade line,坡度線,橋梁工程,
21385325,grade plug,斜木塞,橋梁工程,
21385326,grade point,坡度點,橋梁工程,
21385327,grade separation,立體交叉,橋梁工程,
21385328,grade stake,坡度樁,橋梁工程,
21385329,gradienter,傾斜計,橋梁工程,
21385330,grain,喱；分流；匯流點；紋理,橋梁工程,
21385331,granite,花崗岩；花崗石,橋梁工程,
21385332,granite chip,花崗石碎片,橋梁工程,
21385333,granite masonry,花崗石砌作；花崗石圬工,橋梁工程,
21385334,granite screenings,花崗石篩屑,橋梁工程,
21385335,granitoid,花崗石混凝土；似花崗石狀,橋梁工程,
21385336,granular fracture,粒狀破裂,橋梁工程,
21385337,granular structure,粒狀結構,橋梁工程,
21385338,graphic diagram,圖；線圖,橋梁工程,
21385339,graphics,圖解法；圖解學,橋梁工程,
21385340,graphite,石墨,橋梁工程,
21385341,graphite paint,石墨漆,橋梁工程,
21385342,grapline,六爪抓斗,橋梁工程,
21385343,grapnel,六爪抓斗,橋梁工程,
21385344,grappier cement,石灰渣水泥,橋梁工程,
21385345,grappling iron,鐵抓斗,橋梁工程,
21385346,gravel concrete,礫石混凝土,橋梁工程,
21385347,gravel sieve,礫石篩,橋梁工程,
21385348,gravimeter,重力計,橋梁工程,
21385349,gravity,重力,橋梁工程,
21385350,gravity abutment wall,重力式橋台牆,橋梁工程,
21385351,gravity dam,重力壩,橋梁工程,
21385352,Gray column,格瑞鋼柱；角鋼條板組合鋼柱,橋梁工程,
21385353,gray iron,灰生鐵,橋梁工程,
21385354,green masonry,新砌作,橋梁工程,
21385355,green sand,新採砂；濕模砂,橋梁工程,
21385356,grid flooring,鋼格柵地板,橋梁工程,
21385357,grillage,格床,橋梁工程,
21385358,grind stone,磨石；砥石,橋梁工程,
21385359,grinding,研磨,橋梁工程,
21385360,grindle stone,磨石；砥石,橋梁工程,
21385361,grip of a bolt,螺栓夾距,橋梁工程,
21385362,grip of rivet,鉚釘夾距,橋梁工程,
21385363,groin,丁壩；挑水壩,橋梁工程,
21385364,groined arch,交叉拱,橋梁工程,
21385365,groove,槽；開槽；溝,橋梁工程,
21385366,grooved rail,溝槽導軌,橋梁工程,
21385367,ground finish,精磨加工,橋梁工程,
21385368,ground joint,研磨接合,橋梁工程,
21385369,ground line,基線；地平線,橋梁工程,
21385370,ground-hog,挖掘工,橋梁工程,
21385371,groyne,丁壩；防波堤,橋梁工程,
21385372,grubbing,掘除,橋梁工程,
21385373,grubbing material ,植被材料,橋梁工程,
21385374,guard,防護,橋梁工程,
21385375,guard timber,木製護欄,橋梁工程,
21385376,guard-rail,護軌；護欄,橋梁工程,
21385377,gudgeon,軸頭；桿頭,橋梁工程,
21385378,gudgeon pin,軸頭銷；桿頭銷,橋梁工程,
21385379,guide,導引裝置,橋梁工程,
21385380,guide bar,導桿,橋梁工程,
21385381,guide block,導塊,橋梁工程,
21385382,guide chair,導座,橋梁工程,
21385383,guide frame,導架,橋梁工程,
21385384,guide pile,導樁；定位樁,橋梁工程,
21385385,guide pulley,導向滑輪；導輪,橋梁工程,
21385386,guide rail,導軌,橋梁工程,
21385387,guide roller,導向滾輪,橋梁工程,
21385388,guide rope,導索,橋梁工程,
21385389,guide screw,導螺桿,橋梁工程,
21385390,guide tube,導管,橋梁工程,
21385391,guide wedge,導向楔,橋梁工程,
21385392,guiderail cap,護欄端蓋,橋梁工程,
21385393,guide-yoke,導向軛,橋梁工程,
21385394,gun,噴槍；銲槍,橋梁工程,
21385395,gun metal,砲銅；青銅,橋梁工程,
21385396,gunnel,船舷上緣,橋梁工程,
21385397,gunnysack,粗麻袋,橋梁工程,
21385398,gunny-sack,粗麻袋,橋梁工程,
21385399,gunpowder,火藥,橋梁工程,
21385400,gunpowder pile driver,火藥打椿機,橋梁工程,
21385401,gunwale,船舷上緣,橋梁工程,
21385402,gusset plate connection,接合板接頭；角接板接頭,橋梁工程,
21385403,guy,拉索；牽繩,橋梁工程,
21385404,guy derrick,纜繩式桅桿起重機；纜繩式人字臂起重桿,橋梁工程,
21385405,guy line,拉索；牽繩,橋梁工程,
21385406,guy ring,索環；繩環,橋梁工程,
21385407,guy rope,拉索；牽繩,橋梁工程,
21385408,gyration,旋轉；迴轉,橋梁工程,
21385409,hack saw,弓鋸,橋梁工程,
21385410,hacked bolt,底腳螺栓；錨栓；帶刺螺栓,橋梁工程,
21385411,hacksaw,弓鋸,橋梁工程,
21385412,haft,柄；刀柄,橋梁工程,
21385413,half round tie,半圓枕木,橋梁工程,
21385414,half-and-half joint,對嵌接頭,橋梁工程,
21385415,half-latticed girder,半格狀桁梁,橋梁工程,
21385416,half-plate latticed girder,半格狀桁梁,橋梁工程,
21385417,half-round bastard file,半圓粗銼,橋梁工程,
21385418,half-round rasp,半圓木銼,橋梁工程,
21385419,half-round wood file,半圓粗木銼,橋梁工程,
21385420,half-through girder,半穿式梁,橋梁工程,
21385421,half-through latticed girder,半穿式格狀桁梁,橋梁工程,
21385422,half-through plate girder,半穿式板梁,橋梁工程,
21385423,half-through plate girder bridge,半穿式板梁橋,橋梁工程,
21385424,half-through span,半穿式橋跨,橋梁工程,
21385425,half-through truss,半穿式桁架,橋梁工程,
21385426,halving,對嵌,橋梁工程,
21385427,halving joint,對嵌接頭,橋梁工程,
21385428,hammer axe,錘斧,橋梁工程,
21385429,hammer beam,椽梁,橋梁工程,
21385430,hammer dressing,錘琢,橋梁工程,
21385431,hammer guides,錘導軌,橋梁工程,
21385432,hammer hardening,錘鍛硬化,橋梁工程,
21385433,hammer tongs,錘鍛夾鉗,橋梁工程,
21385434,hammered dressing,錘琢,橋梁工程,
21385435,hammered head,錘製頭,橋梁工程,
21385436,hammerhead pier,錘頭橋墩,橋梁工程,
21385437,hammer-mark,錘痕,橋梁工程,
21385438,hammer-pick,尖尾錘,橋梁工程,
21385439,hammer-wrought,錘鍛物,橋梁工程,
21385440,hand axe,手斧,橋梁工程,
21385441,hand car,手搖軌道車；手推車,橋梁工程,
21385442,hand drill,手搖鑽,橋梁工程,
21385443,hand float trowel,鏝刀,橋梁工程,
21385444,hand frame,手推車,橋梁工程,
21385445,hand gauge,刮痕規,橋梁工程,
21385446,hand gear,手動裝置,橋梁工程,
21385447,hand glass,閱讀鏡；放大鏡,橋梁工程,
21385448,hand gouge,手鑿,橋梁工程,
21385449,hand hammer,手錘,橋梁工程,
21385450,hand hook,手鉤,橋梁工程,
21385451,hand lever,手槓桿；手柄,橋梁工程,
21385452,hand line,引導繩,橋梁工程,
21385453,hand pile driver,人工打樁機,橋梁工程,
21385454,hand pump,手動泵；手搖泵,橋梁工程,
21385455,hand rail,扶手；欄杆,橋梁工程,
21385456,hand reamer,手絞刀,橋梁工程,
21385457,hand riveting,手工鉚接,橋梁工程,
21385458,hand saw,手鋸,橋梁工程,
21385459,hand spike,手轉桿,橋梁工程,
21385460,hand vise,手鉗,橋梁工程,
21385461,hand wheel,手輪,橋梁工程,
21385462,hand winch,手絞車；手搖絞車,橋梁工程,
21385463,handbook,手冊；指南,橋梁工程,
21385464,handle,手柄；把手,橋梁工程,
21385465,handle gouge,帶柄鑿,橋梁工程,
21385466,handle lock sleeve,帶柄套管；帶柄套筒,橋梁工程,
21385467,hand-rail cap,欄杆扶手,橋梁工程,
21385468,handrail post,扶手柱；欄杆柱,橋梁工程,
21385469,hand-wrought,手工製品,橋梁工程,
21385470,hanger plate,懸吊接合板,橋梁工程,
21385471,hanging bridge,吊橋,橋梁工程,
21385472,hanging system,懸吊系統,橋梁工程,
21385473,hard set,終凝,橋梁工程,
21385474,hard set of cement,終凝；水泥終凝,橋梁工程,
21385475,hard steel,硬鋼,橋梁工程,
21385476,hard wood,硬木,橋梁工程,
21385477,hard-burned brick,過燒磚,橋梁工程,
21385478,hardening of steel,鋼硬化,橋梁工程,
21385479,hardpan,硬盤層；硬盤泥,橋梁工程,
21385480,hardwood,硬木,橋梁工程,
21385481,hardy,鏨；鐵鉆凸錐,橋梁工程,
21385482,harmonic curve,諧和曲線；正弦曲線,橋梁工程,
21385483,hasp,搭扣,橋梁工程,
21385484,haul,運距,橋梁工程,
21385485,haunch box girder,變梁深箱型梁,橋梁工程,
21385486,haunched girder with splice plates,含續接板之變梁深大梁,橋梁工程,
21385487,Haupt truss,豪普特桁架,橋梁工程,
21385488,H-beam,H型鋼,橋梁工程,
21385489,head frame,龍門吊架；門式吊架；井架,橋梁工程,
21385490,head sheaves,天輪,橋梁工程,
21385491,head valve,頂置閥；出口閥,橋梁工程,
21385492,head wall,橋台端牆,橋梁工程,
21385493,head-block,墊木塊,橋梁工程,
21385494,header and stretcher bond,丁磚順磚砌合,橋梁工程,
21385495,heading chisel,榫眼鑿,橋梁工程,
21385496,heading joint,端接,橋梁工程,
21385497,heading tool,鍛頭工具,橋梁工程,
21385498,headwall ,擋土牆,橋梁工程,
21385499,heart,心材,橋梁工程,
21385500,heart cam,心形凸輪,橋梁工程,
21385501,heart check,心材檢查,橋梁工程,
21385502,heart shake,心裂{木材},橋梁工程,
21385503,heart tie,心材枕木,橋梁工程,
21385504,heart wood,心材,橋梁工程,
21385505,heat,熱能,橋梁工程,
21385506,heat input,入熱量；熱輸入,橋梁工程,
21385507,heat test of cement,水泥煮沸試驗,橋梁工程,
21385508,heater,加熱器,橋梁工程,
21385509,heavy vehicle loading,重車載重,橋梁工程,
21385510,heel,踵；壩踵；足跟；構材下端,橋梁工程,
21385511,helicoid,螺旋面,橋梁工程,
21385512,helix,螺旋線,橋梁工程,
21385513,helve,斧柄,橋梁工程,
21385514,helve hammer,杵錘,橋梁工程,
21385515,hemp,麻,橋梁工程,
21385516,hemp packing,麻繩包裝,橋梁工程,
21385517,henequin hemp,劍麻,橋梁工程,
21385518,herring bone dressing,鯡骨式圖案,橋梁工程,
21385519,herring-bone,鯡骨式支撐,橋梁工程,
21385520,herringbone work,鯡骨式砌法,橋梁工程,
21385521,hewed tie,斧鑿枕木,橋梁工程,
21385522,hexagon,六角形,橋梁工程,
21385523,hexagonal nut,六角螺帽,橋梁工程,
21385524,H-frame tower,H型構架塔,橋梁工程,
21385525,hick joint,平勾縫,橋梁工程,
21385526,hicky,橋梁工工具,橋梁工程,
21385527,hiding power,遮蓋能力,橋梁工程,
21385528,high bridge,高淨空航道橋,橋梁工程,
21385529,high carbon steel,高碳鋼,橋梁工程,
21385530,high steel,高碳鋼,橋梁工程,
21385531,high tensile bolt,高拉力螺栓,橋梁工程,
21385532,high water,高水位,橋梁工程,
21385533,high-water-mark,高水位痕跡,橋梁工程,
21385534,highway bridge,公路橋梁,橋梁工程,
21385535,hinge lift bridge,鉸接開合橋,橋梁工程,
21385536,hinge pin,鉸接銷,橋梁工程,
21385537,hinged arch,鉸拱,橋梁工程,
21385538,hinged end,鉸接端,橋梁工程,
21385539,hinged joint,鉸接接合；鉸接,橋梁工程,
21385540,hinged plate,鉸接合板,橋梁工程,
21385541,hinged post,鉸接柱,橋梁工程,
21385542,hinge-end,鉸接端,橋梁工程,
21385543,hip,桁架上弦端部接合；斜脊,橋梁工程,
21385544,hip knob,斜脊頂部,橋梁工程,
21385545,hip roof,四坡屋頂,橋梁工程,
21385546,hip vertical,桁架端部立桿{Pratt 桁架},橋梁工程,
21385547,hip-joint,桁架上弦端部與斜桿接合,橋梁工程,
21385548,hip-joint hood,桁架上弦端部接合防水板,橋梁工程,
21385549,hitch plate,繩頭板,橋梁工程,
21385550,hitcher,船鈎,橋梁工程,
21385551,Hodgkinson's formula,哈金生柱公式,橋梁工程,
21385552,hoe,鋤,橋梁工程,
21385553,hog chain,倒拱式拉索,橋梁工程,
21385554,hog-chain truss,倒拱式拉索桁架,橋梁工程,
21385555,hoist,起重機,橋梁工程,
21385556,hoist bridge,升降橋；升降活動橋,橋梁工程,
21385557,hoisting block,起重滑車組；起重滑輪組,橋梁工程,
21385558,hoisting crab,起重滑車；起重絞車,橋梁工程,
21385559,hoisting engine,起重機馬達,橋梁工程,
21385560,hoisting jack,螺旋千斤頂；螺旋起重機,橋梁工程,
21385561,hoisting machine,起重機,橋梁工程,
21385562,hoisting shears,起重機支撐架,橋梁工程,
21385563,hoisting-cable rope,起重機鋼纜,橋梁工程,
21385564,holding-on bar,頂鉚桿,橋梁工程,
21385565,holding-up hammer,頂鉚錘,橋梁工程,
21385566,hollow pile,空心樁,橋梁工程,
21385567,home bank,施工側,橋梁工程,
21385568,homogeneous,均質,橋梁工程,
21385569,homogeneous steel,均質鋼,橋梁工程,
21385570,honeycomb,蜂窩,橋梁工程,
21385571,honeycombing,蜂窩狀,橋梁工程,
21385572,hook and ring chain,鉤環吊鏈,橋梁工程,
21385573,hook block,鉤頭滑輪組；鉤頭滑車組,橋梁工程,
21385574,hook chain,鉤鏈,橋梁工程,
21385575,Hooke's joint,虎克接頭；萬向接頭,橋梁工程,
21385576,hook-eye,鉤眼,橋梁工程,
21385577,hoop,閉合箍筋,橋梁工程,
21385578,hopper,料斗；漏斗,橋梁工程,
21385579,horizontal alignment ,水平定線,橋梁工程,
21385580,horizontal component,水平分量,橋梁工程,
21385581,horizontal moment,水平彎矩,橋梁工程,
21385582,horizontal pump,卧式泵,橋梁工程,
21385583,horizontal pumping machine,卧式泵,橋梁工程,
21385584,horizontal section,水平斷面,橋梁工程,
21385585,horizontal strut,水平支撐,橋梁工程,
21385586,horizontal sway bracing,水平斜撐,橋梁工程,
21385587,horizontal truss,水平桁架,橋梁工程,
21385588,horn,樁尖；鉆角,橋梁工程,
21385589,horse,木馬支架；斷層夾石,橋梁工程,
21385590,horse dolly,鉚釘頭模棒,橋梁工程,
21385591,horse gin,轆轤,橋梁工程,
21385592,horse pile driver,打樁機,橋梁工程,
21385593,horsepower,馬力,橋梁工程,
21385594,horseshoe riveter, 馬蹄形鉚釘機,橋梁工程,
21385595,hose,軟管,橋梁工程,
21385596,hot box,過熱軸箱,橋梁工程,
21385597,hot chisel,熱鑿,橋梁工程,
21385598,hot cutter,熱刀,橋梁工程,
21385599,hot saw,熱鋸,橋梁工程,
21385600,hot short,熱脆性,橋梁工程,
21385601,hot-pressed paper,熱壓紙,橋梁工程,
21385602,hot-short iron,熱脆鐵,橋梁工程,
21385603,hot-short steel,熱脆鋼,橋梁工程,
21385604,housing iron,鐵製填絮工具,橋梁工程,
21385605,housing joint,槽榫接合,橋梁工程,
21385606,housing maul,鐵錘,橋梁工程,
21385607,Howe truss with counter braces,具反向斜桿的郝氏桁架,橋梁工程,
21385608,hub,輪轂,橋梁工程,
21385609,hub guard,防撞板,橋梁工程,
21385610,humped-up,中間隆起,橋梁工程,
21385611,hundredweight (cwt),百[磅]重；英擔,橋梁工程,
21385612,hurst,沙岸；沙洲,橋梁工程,
21385613,Hutton's formula,哈頓公式,橋梁工程,
21385614,hydraulic activity,水泥活性,橋梁工程,
21385615,hydraulic buffer,液壓緩衝器,橋梁工程,
21385616,hydraulic condenser,冷凝器,橋梁工程,
21385617,hydraulic crane,液壓式吊車,橋梁工程,
21385618,hydraulic energy,水力能；液壓能,橋梁工程,
21385619,hydraulic gauge,水壓計,橋梁工程,
21385620,hydraulic index,水硬指數,橋梁工程,
21385621,hydraulic indicator,水壓計,橋梁工程,
21385622,hydraulic lime,水硬石灰,橋梁工程,
21385623,hydraulic mortar,水硬砂漿,橋梁工程,
21385624,hydraulic quickness,水泥活性,橋梁工程,
21385625,hydraulic riveter,液壓鉚機,橋梁工程,
21385626,hydraulic strength,水硬強度,橋梁工程,
21385627,hydroplaning,水漂作用；水滑作用,橋梁工程,
21385628,hygrometer,溼度計,橋梁工程,
21385629,hyperbola,雙曲線,橋梁工程,
21385630,hyperbolic curve,雙曲線,橋梁工程,
21385631,hyperbolic logarithm,雙曲線對數,橋梁工程,
21385632,hypotenuse,弦；斜邊,橋梁工程,
21385633,I-beam dog,I形梁吊鉤,橋梁工程,
21385634,I-beam girder,I形大梁,橋梁工程,
21385635,I-beam hook,I形梁吊鉤,橋梁工程,
21385636,ice-breaker,橋墩破冰體,橋梁工程,
21385637,idle gear,惰齒輪,橋梁工程,
21385638,idle pulley,惰輪；空轉輪,橋梁工程,
21385639,idle wheel,惰輪,橋梁工程,
21385640,idler,惰輪,橋梁工程,
21385641,ignition,點火,橋梁工程,
21385642,impact,衝擊,橋梁工程,
21385643,impact on third parties,第三方影響；第三方衝擊,橋梁工程,
21385644,impact stress,衝擊應力,橋梁工程,
21385645,impact-allowance load,容許衝擊載重,橋梁工程,
21385646,impact-load stress,衝擊應力,橋梁工程,
21385647,impulse,衝量；脈衝,橋梁工程,
21385648,impulsive force,衝力；脈衝力,橋梁工程,
21385649,inch stress,平方英吋應力,橋梁工程,
21385650,inch-pound,吋磅功；吋磅矩,橋梁工程,
21385651,inch-ton,吋噸功,橋梁工程,
21385652,inclined end post,斜端柱,橋梁工程,
21385653,inclined plane,斜面,橋梁工程,
21385654,inclined strut,斜支柱,橋梁工程,
21385655,incremental launching,節塊推進,橋梁工程,
21385656,indentation roller,壓紋滾輪,橋梁工程,
21385657,indented finish,壓紋飾面,橋梁工程,
21385658,indeterminate stress,靜不定應力,橋梁工程,
21385659,indicated horsepower,指示馬力；標示馬力,橋梁工程,
21385660,indicator diagram,示功圖；指標圖,橋梁工程,
21385661,indifferent equilibrium,隨遇平衡,橋梁工程,
21385662,indirect effect,間接效應,橋梁工程,
21385663,indirect stress,間接應力；引發應力,橋梁工程,
21385664,indirect wind load,間接風力,橋梁工程,
21385665,indirect wind stress,間接風應力,橋梁工程,
21385666,induced stress,間接應力；引發應力,橋梁工程,
21385667,indurated fibre,絕緣用硬纖維,橋梁工程,
21385668,industrial bridge,工業鋼橋；重載鋼橋,橋梁工程,
21385669,inertia,慣性；慣量；惰性,橋梁工程,
21385670,infill,拱腹填料；拱肩填料,橋梁工程,
21385671,inflection,反曲,橋梁工程,
21385672,ingot,鑄錠,橋梁工程,
21385673,ingot iron,熟鐵；工業用純鐵,橋梁工程,
21385674,ingot mould,錠模,橋梁工程,
21385675,ingot steel,鋼錠,橋梁工程,
21385676,ingredient,成分,橋梁工程,
21385677,initial flaw,初始缺陷；初始瑕疵,橋梁工程,
21385678,initial set of cement,初凝,橋梁工程,
21385679,initial stress,初始應力；起始應力,橋梁工程,
21385680,initial tension,初張力；初拉力,橋梁工程,
21385681,injection condenser,噴射凝結器,橋梁工程,
21385682,injector,注射器,橋梁工程,
21385683,inlay,嵌體；鑲嵌,橋梁工程,
21385684,inner guard rail,內護軌,橋梁工程,
21385685,inner hip,內斜脊,橋梁工程,
21385686,inside caliper,內徑規,橋梁工程,
21385687,inspector,檢驗員；工程監督,橋梁工程,
21385688,instrument-man,測量員,橋梁工程,
21385689,integral abutment,固接橋台；一體式橋台,橋梁工程,
21385690,integral deck,承重橋板,橋梁工程,
21385691,intensity of stress,應力強度；單位應力,橋梁工程,
21385692,interchange,交流道,橋梁工程,
21385693,intermediate bent,中間框架式橋墩,橋梁工程,
21385694,intermediate deck,中層橋面；中承式橋面,橋梁工程,
21385695,intermediate floor-beam,中間樓板梁,橋梁工程,
21385696,intermediate girder,內大梁；中間大梁,橋梁工程,
21385697,intermediate post,中間立柱,橋梁工程,
21385698,intermediate sill,中間梁,橋梁工程,
21385699,intermediate strut,中間支撐,橋梁工程,
21385700,intermediate truss,中間桁架,橋梁工程,
21385701,intermittent weld,斷續銲,橋梁工程,
21385702,internal combustion engine,內燃機,橋梁工程,
21385703,intrados,拱內弧面,橋梁工程,
21385704,inverted arch,仰拱,橋梁工程,
21385705,inverted catenary,反向懸鏈線,橋梁工程,
21385706,inverted catenary curve,反向懸鏈線,橋梁工程,
21385707,involute,漸伸線；漸開線,橋梁工程,
21385708,involute curve,漸開線,橋梁工程,
21385709,involute tooth,漸開線齒,橋梁工程,
21385710,iron,鐵,橋梁工程,
21385711,iron foundry,鑄鐵工廠；鑄鐵工場,橋梁工程,
21385712,iron furnace,熔爐,橋梁工程,
21385713,iron oxide,氧化鐵,橋梁工程,
21385714,iron rust,鐵銹,橋梁工程,
21385715,iron sand,鐵砂,橋梁工程,
21385716,iron saw,熱鋸；鐵鋸,橋梁工程,
21385717,iron scab,鐵痂,橋梁工程,
21385718,iron scale,鐵鱗皮；鐵銹皮,橋梁工程,
21385719,iron stain,鐵銹斑,橋梁工程,
21385720,iron stone,鐵礦石；鐵礦,橋梁工程,
21385721,iron work,鐵工構造；鐵制品,橋梁工程,
21385722,iron-bound,鐵箍物,橋梁工程,
21385723,iron-founder,鑄鐵工；鑄鐵匠,橋梁工程,
21385724,iron-gray,鐵灰色,橋梁工程,
21385725,iron-master,製鐵廠,橋梁工程,
21385726,iron-red,鐵銹紅,橋梁工程,
21385727,ironsmith,鐵匠；鍛工,橋梁工程,
21385728,ironwork,鐵工構造；鐵制品,橋梁工程,
21385729,iron-worker,鐵構組工,橋梁工程,
21385730,iron-works,鐵構廠,橋梁工程,
21385731,irregular course,不規則砌層,橋梁工程,
21385732,irregular curve,不規則曲線,橋梁工程,
21385733,irregular fracture,不規則破裂,橋梁工程,
21385734,isodomon,順砌,橋梁工程,
21385735,isometric projection,等角投影,橋梁工程,
21385736,isosceles,等腰,橋梁工程,
21385737,iteration,迭代,橋梁工程,
21385738,jack arch,平拱；單磚拱,橋梁工程,
21385739,jack chain,千斤頂用鏈,橋梁工程,
21385740,jack engine,輔助發動機,橋梁工程,
21385741,jack plane,粗鉋,橋梁工程,
21385742,jack rafter,短椽,橋梁工程,
21385743,jack rib,短椽,橋梁工程,
21385744,jack screw,螺旋千斤頂,橋梁工程,
21385745,jack shaft,傳動軸；轉動軸,橋梁工程,
21385746,jack stringer,外小縱梁,橋梁工程,
21385747,jack timber,短撐木,橋梁工程,
21385748,jack-bores,千斤頂軸孔,橋梁工程,
21385749,jacket,護套,橋梁工程,
21385750,jack-head pump,隨動泵；副泵,橋梁工程,
21385751,jack-knife bridge,摺疊橋,橋梁工程,
21385752,jack-roll,絞盤；捲揚機,橋梁工程,
21385753,jag bolt,棘螺栓,橋梁工程,
21385754,jag spike,棘釘,橋梁工程,
21385755,jam nut,鎖緊螺帽；防鬆螺帽,橋梁工程,
21385756,jaw clutch,顎夾離合器,橋梁工程,
21385757,jaw coupling,顎夾聯結器,橋梁工程,
21385758,jemmy,短撬棍,橋梁工程,
21385759,jet,噴射；噴射流；噴射體,橋梁工程,
21385760,jet chain,噴射管鍊條,橋梁工程,
21385761,jet condenser,噴射凝結器,橋梁工程,
21385762,jet hose,噴射軟管,橋梁工程,
21385763,jet nozzle,噴嘴,橋梁工程,
21385764,jet pipe,噴射管,橋梁工程,
21385765,jet pump,噴射泵,橋梁工程,
21385766,jetted pile,高壓水刀引孔樁,橋梁工程,
21385767,jetty,突堤；碼頭；防浪堤,橋梁工程,
21385768,jetty head,突堤堤頭,橋梁工程,
21385769,jib,起重機副臂,橋梁工程,
21385770,jig,工模；鑽模；搪摸；型架；治具；夾具,橋梁工程,
21385771,jig saw,鋼絲鋸；狹條鋸,橋梁工程,
21385772,jigger,簸選機；倉庫起重機；絞車；轆轤,橋梁工程,
21385773,jigger pump,手動泵,橋梁工程,
21385774,jim-crow,彎軌器,橋梁工程,
21385775,Jimmy-Wink,輕型固定式起重機,橋梁工程,
21385776,job,工作；任務,橋梁工程,
21385777,job work,工作；任務,橋梁工程,
21385778,jockey pulley,導輪,橋梁工程,
21385779,jockey wheel,導輪,橋梁工程,
21385780,joggle,榫接；合釘；壓折；搭折,橋梁工程,
21385781,joggle beam,榫接梁,橋梁工程,
21385782,joggle post,中間支撐；桁架中柱,橋梁工程,
21385783,joggle truss,中柱桁架,橋梁工程,
21385784,joggle wheel,搖擺輪,橋梁工程,
21385785,joggle work,榫接砌作,橋梁工程,
21385786,joggle-piece,中間支撐；桁架中柱,橋梁工程,
21385787,joint bolt,接頭螺栓,橋梁工程,
21385788,joint coupling,萬向接合,橋梁工程,
21385789,joint file,小圓銼刀；半圓銼刀；接頭銼刀,橋梁工程,
21385790,joint hinge,接合鉸,橋梁工程,
21385791,joint of rupture,破裂接點,橋梁工程,
21385792,joint pipe,接管；節管,橋梁工程,
21385793,joint-end,接頭端,橋梁工程,
21385794,jointer,接合器；接縫器；刨木機,橋梁工程,
21385795,journal,軸頸；軸頭,橋梁工程,
21385796,journal bearing,頸軸承,橋梁工程,
21385797,journal box,軸箱,橋梁工程,
21385798,journal brass,軸頸軸襯；軸頸銅襯,橋梁工程,
21385799,journal friction,軸頸摩擦,橋梁工程,
21385800,journal packing,軸頸襯墊；軸頸填料,橋梁工程,
21385801,jump,砌作昇層；水躍,橋梁工程,
21385802,jump joint,對接；對接接頭,橋梁工程,
21385803,jump weld,對接銲接；對銲,橋梁工程,
21385804,jumper,頂鉚具；落槌頭,橋梁工程,
21385805,jumper drill,長鑽,橋梁工程,
21385806,jumping,端壓棒材；鍛粗棒端；跳躍,橋梁工程,
21385807,jump-up,端壓棒材；鍛粗棒端；跳躍,橋梁工程,
21385808,junction shaft,軋機驅動軸；聯通礦井,橋梁工程,
21385809,junk,廢料,橋梁工程,
21385810,junk iron,廢鐵,橋梁工程,
21385811,junk-dealer,廢料商；廢品商,橋梁工程,
21385812,jut,凸出,橋梁工程,
21385813,jute,黃麻,橋梁工程,
21385814,jutty,碼頭；防坡堤；突堤；突出部分,橋梁工程,
21385815,Kahn bar,康氏鋼筋,橋梁工程,
21385816,keckle,纏繞包覆；纏繞保護,橋梁工程,
21385817,kedge,小錨；錨曳,橋梁工程,
21385818,keeper,滑動螺栓導件,橋梁工程,
21385819,keg,小桶,橋梁工程,
21385820,Kellogg truss,柯洛格桁架,橋梁工程,
21385821,kerf,鋸口；截口,橋梁工程,
21385822,kettle,鍋；壺穴,橋梁工程,
21385823,key bed,鍵床；鍵槽,橋梁工程,
21385824,key bolt,鍵栓；鍵螺栓；開口銷,橋梁工程,
21385825,key pile,樞樁；主樁,橋梁工程,
21385826,key wrench,套筒扳手,橋梁工程,
21385827,keystone,拱心石,橋梁工程,
21385828,keystone column,槽鋼組合柱,橋梁工程,
21385829,keyway,鍵槽；剪力榫,橋梁工程,
21385830,kibble,吊桶,橋梁工程,
21385831,kibble chain,吊桶索；吊桶鏈,橋梁工程,
21385832,killing,降伏點抑制 ; 鋼液脫氧,橋梁工程,
21385833,kiln dried after treatment (KDAT),加壓窯乾木材,橋梁工程,
21385834,kiln-drying,窯乾木材,橋梁工程,
21385835,kilowatt,千瓦；瓩,橋梁工程,
21385836,kilowatt-hour,千瓦時,橋梁工程,
21385837,kinetic,動力；動能,橋梁工程,
21385838,king post truss,單柱屋架；單柱桁架,橋梁工程,
21385839,king rod,鐵中柱{桁架},橋梁工程,
21385840,king truss,單柱屋架；單柱桁架,橋梁工程,
21385841,kingpost,中間支撐；中間樁；中柱,橋梁工程,
21385842,king-post truss,單柱屋架；單柱桁架,橋梁工程,
21385843,king-rod,鐵中柱{桁架},橋梁工程,
21385844,kink,紐結；紐折,橋梁工程,
21385845,kip,千磅,橋梁工程,
21385846,kish,浮碳；自由碳；凝析石墨,橋梁工程,
21385847,kit,整套；箱；袋；包；零件,橋梁工程,
21385848,kneaded rubber,繪圖用橡皮擦,橋梁工程,
21385849,knee brace,角撐；隅撐；肘接撐材,橋梁工程,
21385850,knee-braced trestle,角撐棧橋；隅撐棧橋,橋梁工程,
21385851,knee-iron,角鐵；角鋼,橋梁工程,
21385852,kneeler,跪墊；護膝墊,橋梁工程,
21385853,knee-movement,關節運動；接頭運動,橋梁工程,
21385854,knife edge load,橫向線載重,橋梁工程,
21385855,knife-edge,刀緣；刃脊,橋梁工程,
21385856,knocking-bucker,破石扁頭鏨,橋梁工程,
21385857,knot maul,木節大槌,橋梁工程,
21385858,knotty,多木節的,橋梁工程,
21385859,knuckle gear,轉向齒輪；粗齒齒輪,橋梁工程,
21385860,knuckle gearing,齒輪火車,橋梁工程,
21385861,knuckle joint,轉向關節；關節結合；肘形節,橋梁工程,
21385862,K-type truss,K型桁架；K式桁架,橋梁工程,
21385863,Kutter's formula,庫特耳公式,橋梁工程,
21385864,kyanizing,昇汞注木法；昇汞防腐法,橋梁工程,
21385865,laced strut,聯條支柱；綴合支柱,橋梁工程,
21385866,lacing bar,繫條；聯條,橋梁工程,
21385867,ladder bracing,梯式支撐,橋梁工程,
21385868,ladder dredge,梯式挖泥機{浚渫船},橋梁工程,
21385869,ladder work,梯上工作,橋梁工程,
21385870,ladder-way,梯道；梯路,橋梁工程,
21385871,ladle,盛鋼桶,橋梁工程,
21385872,ladle-barrow,盛鋼桶推車,橋梁工程,
21385873,lag bolt,木螺釘；拉緊螺絲,橋梁工程,
21385874,lag screw,木螺釘；拉緊螺絲,橋梁工程,
21385875,lagged pile,擴充樁,橋梁工程,
21385876,laid-up,拆卸修理；模棒緊貼鉚釘,橋梁工程,
21385877,laitance of cement,水泥浮漿；乳沫,橋梁工程,
21385878,lamellar structure,層狀組織；層狀結構,橋梁工程,
21385879,laminar,片層；層狀體,橋梁工程,
21385880,laminated arch,集成拱；積層拱,橋梁工程,
21385881,laminated timber,集成材；積層材,橋梁工程,
21385882,lamination,夾層{鋼材}；集成{木材},橋梁工程,
21385883,lampblack,燈黑{染料},橋梁工程,
21385884,lance wood,彈性木,橋梁工程,
21385885,lanch,發射；下水；小艇,橋梁工程,
21385886,land,閥面；登陸；著陸,橋梁工程,
21385887,land slide,坍方；滑坡,橋梁工程,
21385888,land slip,坍方；滑坡,橋梁工程,
21385889,land tie,地錨,橋梁工程,
21385890,landing,閥面；登陸；著陸；樓梯平台,橋梁工程,
21385891,lane loading,車道載重,橋梁工程,
21385892,lang-lay rope,順撚索,橋梁工程,
21385893,lantern pinion,燈籠形小齒輪,橋梁工程,
21385894,lantern wheel,燈輪；燈形輪,橋梁工程,
21385895,lanyard,繫索；拉索；小索；束帶；配索,橋梁工程,
21385896,lap joint,疊接接頭；搭接接頭；疊接接合,橋梁工程,
21385897,lap riveting,搭鉚；搭接鉚接,橋梁工程,
21385898,lap seam,搭縫,橋梁工程,
21385899,lap weld,搭銲,橋梁工程,
21385900,large knot,大木節,橋梁工程,
21385901,larry,有軌電車；載貨卡車；平台車,橋梁工程,
21385902,lash,綁緊；衝擊；空隙,橋梁工程,
21385903,lashing,繫繩；繫索,橋梁工程,
21385904,latch,閂扣；搭扣,橋梁工程,
21385905,latch bar,閂桿,橋梁工程,
21385906,latch-catch,閂座,橋梁工程,
21385907,lateral,側向；橫向；側接頭,橋梁工程,
21385908,lateral clearance,側向間隙；側向餘隙,橋梁工程,
21385909,lateral contraction,側收縮；橫向收縮；橫縮,橋梁工程,
21385910,lateral diagonal,側向對角斜撐,橋梁工程,
21385911,lateral rod,側向拉桿,橋梁工程,
21385912,lateral section,橫斷面；側切面,橋梁工程,
21385913,lateral slide ,橋梁橫移工法；橋梁回移工法,橋梁工程,
21385914,lateral strain,橫向應變；側向應變,橋梁工程,
21385915,lateral stress,橫向應力；側向應力,橋梁工程,
21385916,lateral strut,側向系統支柱,橋梁工程,
21385917,lateral system,抗側力系統,橋梁工程,
21385918,lath,板條,橋梁工程,
21385919,lathe,車床,橋梁工程,
21385920,lattice,格子斜撐,橋梁工程,
21385921,lattice angle,格構角鋼,橋梁工程,
21385922,lattice bar,格條,橋梁工程,
21385923,lattice bracing,格構斜撐,橋梁工程,
21385924,lattice bridge,格構桁架橋,橋梁工程,
21385925,lattice truss,格構桁架,橋梁工程,
21385926,latticed girder,格構桁梁,橋梁工程,
21385927,launch,發射；下水；小艇,橋梁工程,
21385928,launching gantry,推進門式起重機,橋梁工程,
21385929,launching ways,下水滑道,橋梁工程,
21385930,launching wedges,下水滑道楔塊,橋梁工程,
21385931,laws of the lever,槓桿原理,橋梁工程,
21385932,layer-out,橋梁鋼構放樣工,橋梁工程,
21385933,lazy jack,伸縮千斤頂,橋梁工程,
21385934,lazy pinion,惰輪；空轉小齒輪,橋梁工程,
21385935,lead,鉛,橋梁工程,
21385936,lead blocks,引導滑輪；導向滑輪,橋梁工程,
21385937,lead gray,鉛灰色,橋梁工程,
21385938,lead joint,鉛接合；鉛接,橋梁工程,
21385939,lead pipe,鉛管,橋梁工程,
21385940,lead slag concrete,鉛碴混凝土,橋梁工程,
21385941,leading beam,參考梁,橋梁工程,
21385942,leading line,測垂繩；測深繩；導線；導航線；引導線,橋梁工程,
21385943,leading pile,導樁,橋梁工程,
21385944,leading wheels,導輪,橋梁工程,
21385945,leads,導線；打樁機導架,橋梁工程,
21385946,leaf (of a member),垂直肢材,橋梁工程,
21385947,leaf bridge,垂直旋轉開合橋,橋梁工程,
21385948,leaf valve,翼閥；止回閥；單向閥；瓣閥,橋梁工程,
21385949,leaf work,鑄鐵葉飾,橋梁工程,
21385950,leak,滲漏；洩漏；邊溝,橋梁工程,
21385951,least-work,最小功法,橋梁工程,
21385952,leaves,小齒輪；垂直旋轉開合橋跨；桁架主要組件,橋梁工程,
21385953,ledge,壁架；岩棚；橫擋材；橫梁,橋梁工程,
21385954,left-handed nut,左旋螺帽,橋梁工程,
21385955,left-handed screw,左旋螺釘；左旋螺絲；左旋螺桿,橋梁工程,
21385956,left-handed thread,左旋螺牙；反螺紋,橋梁工程,
21385957,leg,支柱；支腳,橋梁工程,
21385958,leg bridge,支柱橋,橋梁工程,
21385959,legal notice,法定通知；法律注意事項,橋梁工程,
21385960,lemniscatic curve,8字形線；雙紐線,橋梁工程,
21385961,lens,鏡片,橋梁工程,
21385962,lenticular arch,月牙拱；雙葉拱,橋梁工程,
21385963,letting,授予契約,橋梁工程,
21385964,level book,水準紀錄簿,橋梁工程,
21385965,leveler,整平工；水準儀；校平機,橋梁工程,
21385966,leveling instrument,水準儀,橋梁工程,
21385967,leveling pole,水準尺；水平尺,橋梁工程,
21385968,leveling rod,水準尺；水平尺,橋梁工程,
21385969,leveling staff,水準尺；水平尺,橋梁工程,
21385970,level-man,水準測量員,橋梁工程,
21385971,level-notes,水準紀錄,橋梁工程,
21385972,lever,槓桿；水準儀,橋梁工程,
21385973,lever draw bridge,槓桿驅動活動橋；槓桿驅動開合橋,橋梁工程,
21385974,lever hoist,槓桿式千斤頂,橋梁工程,
21385975,lever jack,槓桿式千斤頂,橋梁工程,
21385976,lever valve,槓桿式安全閥,橋梁工程,
21385977,leverage,槓桿作用；制衡作用,橋梁工程,
21385978,lever-arm,力臂,橋梁工程,
21385979,lewis,吊楔；鳩尾榫；起重楔,橋梁工程,
21385980,lewis bolt,吊楔螺栓,橋梁工程,
21385981,lewis-hole,吊楔孔,橋梁工程,
21385982,liatier cement,高爐水泥；爐碴水泥,橋梁工程,
21385983,life cycle cost (LCC),生命週期成本；壽命週期成本,橋梁工程,
21385984,lift hammer,反錘,橋梁工程,
21385985,lift pump,揚升泵,橋梁工程,
21385986,lift span,垂直升降橋跨,橋梁工程,
21385987,lifting bridge,垂直升降橋,橋梁工程,
21385988,lifting deck,垂直升降橋板,橋梁工程,
21385989,lifting jack,起重器；千斤頂,橋梁工程,
21385990,lighter,駁船；平底船,橋梁工程,
21385991,lime cement mortar,石灰水泥砂漿,橋梁工程,
21385992,lime kiln,石灰窯,橋梁工程,
21385993,lime mortar,石灰泥漿,橋梁工程,
21385994,lime-wash,塗白；刷白,橋梁工程,
21385995,limit load,極限載重；限重,橋梁工程,
21385996,limit of elasticity,彈性極限；彈性限值,橋梁工程,
21385997,limited ductility design,部分韌性設計,橋梁工程,
21385998,limits,限界；限制；限度；限值,橋梁工程,
21385999,limnoria,船蛆；蝕船蟲；海蛀蟲；蛀木水蝨,橋梁工程,
21386000,linch pin,制輪楔；輪轄；楔栓；輪軸銷,橋梁工程,
21386001,line of gravity,重力線,橋梁工程,
21386002,line of resistance,阻抗軸；反力軸,橋梁工程,
21386003,lineal velocity,線性運動速度,橋梁工程,
21386004,lineal-foot,直線呎；一呎長,橋梁工程,
21386005,linear arch,抗力線拱,橋梁工程,
21386006,link,連桿；鏈結；測鏈；環,橋梁工程,
21386007,link belting,鏈式輸送帶,橋梁工程,
21386008,link block,滑塊；環塊,橋梁工程,
21386009,link chain,環鏈,橋梁工程,
21386010,link lever,連桿；搖桿,橋梁工程,
21386011,link motion,連桿運動；鏈環運動,橋梁工程,
21386012,Linville truss,林維爾桁架橋,橋梁工程,
21386013,lip washer,具唇緣墊圈,橋梁工程,
21386014,liquidated damages,違約罰金；逾期賠償；逾期罰款；損害賠償,橋梁工程,
21386015,liquidation,償還；清算,橋梁工程,
21386016,literature review,文獻回顧,橋梁工程,
21386017,live load stress,活載重應力；活載應力,橋梁工程,
21386018,live load ,活載重；活載,橋梁工程,
21386019,load diagram,載重圖；荷載圖；負載圖,橋梁工程,
21386020,load line,載重線；荷載線；負載線；負載纜繩,橋梁工程,
21386021,load path,傳力路徑,橋梁工程,
21386022,load rating ,活載重等級；載重等級,橋梁工程,
21386023,load-deformation curve,載重-變位曲線,橋梁工程,
21386024,loading,載重系統；加載；負載,橋梁工程,
21386025,loblolly pine,火炬松,橋梁工程,
21386026,local government,地方政府,橋梁工程,
21386027,local public agency (LPA),地區官方機構,橋梁工程,
21386028,local public agency (LPA) project,地區官方機構計畫,橋梁工程,
21386029,location,區位；位置,橋梁工程,
21386030,location map,區位圖；位置圖,橋梁工程,
21386031,lock,鎖；水閘,橋梁工程,
21386032,lock bar,聯鎖棒；鎖桿；鋼板樁,橋梁工程,
21386033,lock joint,鎖固接頭,橋梁工程,
21386034,lock nut,鎖定螺帽；防鬆螺帽,橋梁工程,
21386035,lock pit,鎖定機坑,橋梁工程,
21386036,lock sleeve,鎖固套筒,橋梁工程,
21386037,lock tender,氣閘操作手,橋梁工程,
21386038,Locke level,洛克水準儀,橋梁工程,
21386039,locking gear,鎖定裝置；制動裝置,橋梁工程,
21386040,lock-nut washer,鎖定螺帽墊片；防鬆螺帽墊片,橋梁工程,
21386041,locomotive balance,軌道機車平衡彈簧,橋梁工程,
21386042,locomotive boiler,軌道機車鍋爐,橋梁工程,
21386043,locomotive car,軌道機車車廂,橋梁工程,
21386044,locomotive crane,鐵路起重機；有軌動力起重機,橋梁工程,
21386045,locomotive diagram,軌道機車輪載輪距圖,橋梁工程,
21386046,locomotive driver,軌道機車主驅動輪；軌道機車駕駛,橋梁工程,
21386047,locomotive excess-load,軌道機車超額載重,橋梁工程,
21386048,locomotive pump,軌道機車給水泵,橋梁工程,
21386049,locomotive-pilot,軌道機車排障器,橋梁工程,
21386050,locus,軌跡,橋梁工程,
21386051,logarithm,對數,橋梁工程,
21386052,logarithmic curve,對數曲線,橋梁工程,
21386053,logarithmic spiral curve,對數螺旋曲線,橋梁工程,
21386054,logarithmic table,對數表,橋梁工程,
21386055,Lomas nut,洛瑪斯螺帽,橋梁工程,
21386056,long pinion,長齒齒輪,橋梁工程,
21386057,Long truss,龍氏桁架橋,橋梁工程,
21386058,longitudinal axis,縱軸,橋梁工程,
21386059,longitudinal brace ,縱向支撐,橋梁工程,
21386060,longitudinal bracing,縱向支撐,橋梁工程,
21386061,longitudinal component,縱向元件,橋梁工程,
21386062,longitudinal girder,縱向大梁,橋梁工程,
21386063,longitudinal section,縱斷面；縱剖面；縱截面,橋梁工程,
21386064,longitudinal shear,縱向剪力,橋梁工程,
21386065,longitudinal stress,縱向應力,橋梁工程,
21386066,longitudinal thrust,縱向推力,橋梁工程,
21386067,long-leaf yellow pine,長葉黃松木,橋梁工程,
21386068,long-line method,長線施工法,橋梁工程,
21386069,loop eye,桿眼；環眼,橋梁工程,
21386070,loose connections,鬆動接頭；鬆動接合；假固定接頭,橋梁工程,
21386071,loose joints,鬆動接頭；鬆動接合；假固定接頭,橋梁工程,
21386072,loose knot,鬆木節；鬆節,橋梁工程,
21386073,loose pulley,游輪；滑動皮帶盤,橋梁工程,
21386074,loricated pipe,內塗瀝青管,橋梁工程,
21386075,lorry,有軌電車；載貨卡車；平台車,橋梁工程,
21386076,lorry rail,平台車軌道,橋梁工程,
21386077,lorry track,平台車軌道,橋梁工程,
21386078,low beam elevation ,最低梁底高程,橋梁工程,
21386079,low bridge,低淨空航道橋,橋梁工程,
21386080,low steel,低碳鋼；軟鋼,橋梁工程,
21386081,low water,低水位；低潮,橋梁工程,
21386082,lower chord,桁架下弦桿,橋梁工程,
21386083,lower deck,下層甲板；下層橋面板,橋梁工程,
21386084,lower falsework,下弦桿下之假設工程,橋梁工程,
21386085,lower lateral bracing,下弦桿側撐；下橫撐,橋梁工程,
21386086,lower laterals,下弦桿側撐；下橫撐,橋梁工程,
21386087,low-water-mark,低水位線 ; 低潮線,橋梁工程,
21386088,lubricant,潤滑劑,橋梁工程,
21386089,lubricate,潤滑,橋梁工程,
21386090,lubrication,潤滑；潤滑作用,橋梁工程,
21386091,luff,縱帆前緣；受風邊；擺動吊臂,橋梁工程,
21386092,luff tackle,大轆轤；二接一轆轤,橋梁工程,
21386093,lug,突緣；耳；凸緣,橋梁工程,
21386094,lug angle,短角鐵；扣角鋼,橋梁工程,
21386095,lug bolt,凸耳螺栓,橋梁工程,
21386096,lug hook,凸耳螺栓,橋梁工程,
21386097,lumber kiln,烘木窯,橋梁工程,
21386098,lump-sum,一式計價,橋梁工程,
21386099,luster,光澤,橋梁工程,
21386100,lute,泥封,橋梁工程,
21386101,macadam,舖路用碎石；碎石路,橋梁工程,
21386102,Macarthur pile,麥克阿瑟樁；擴底樁；擴座樁,橋梁工程,
21386103,machine,機器；機械,橋梁工程,
21386104,machine bolt,小螺栓；機械螺栓,橋梁工程,
21386105,machine chain,機製鏈,橋梁工程,
21386106,machine drill,鑿岩機；機鑽；鑽機用鑽頭,橋梁工程,
21386107,machine finish,機械加工；機械拋光,橋梁工程,
21386108,machine screw,小螺釘；機器螺釘,橋梁工程,
21386109,machine shop,機械工廠,橋梁工程,
21386110,machine work,機械工作；機械加工,橋梁工程,
21386111,machine-made,機械製造,橋梁工程,
21386112,machinery,機械；機器；機具,橋梁工程,
21386113,machinery barge,機械平台船,橋梁工程,
21386114,machinery house,機械室；機器房,橋梁工程,
21386115,machinist hammer,機匠錘,橋梁工程,
21386116,magnesian lime,含鎂石灰,橋梁工程,
21386117,magnesian limestone,含鎂石灰岩,橋梁工程,
21386118,magnetic,磁性,橋梁工程,
21386119,magnetic needle,磁針,橋梁工程,
21386120,main beam,主梁；大梁,橋梁工程,
21386121,main diagonal,主對角斜桿,橋梁工程,
21386122,main member,主要桿件；主要構件,橋梁工程,
21386123,main shaft,主傳動軸,橋梁工程,
21386124,main stress,主應力,橋梁工程,
21386125,maintainability,可維修性；維修性,橋梁工程,
21386126,making iron,捻縫工具,橋梁工程,
21386127,male screw,外螺紋螺絲,橋梁工程,
21386128,malleable,韌性的；可鍛的；延展性的,橋梁工程,
21386129,malleable cast iron,展性鑄鐵；可鍛鑄鐵,橋梁工程,
21386130,malleable iron,展性鑄鐵；可鍛鑄鐵,橋梁工程,
21386131,malleable pig,展性鑄鐵用生鐵,橋梁工程,
21386132,mallet,木槌,橋梁工程,
21386133,Mallet locomotive,馬雷特式蒸汽機車,橋梁工程,
21386134,mandril,心軸,橋梁工程,
21386135,manganese,錳,橋梁工程,
21386136,manganese steel,錳鋼,橋梁工程,
21386137,mangle,輾壓機；壓軋機,橋梁工程,
21386138,Manheim slide rule,曼海姆滑尺；計算尺；對數尺；滑尺,橋梁工程,
21386139,manhole,人孔,橋梁工程,
21386140,manifold,分歧管；歧管,橋梁工程,
21386141,Manila hemp,馬尼拉麻,橋梁工程,
21386142,Manila rope,馬尼拉繩,橋梁工程,
21386143,manpower,人力,橋梁工程,
21386144,map,地圖,橋梁工程,
21386145,margin,邊緣,橋梁工程,
21386146,margin draft,石緣琢邊,橋梁工程,
21386147,marking gauge,刮痕規,橋梁工程,
21386148,marline,雙股細纜；細繩,橋梁工程,
21386149,marline spike,索針；插索錐；解索錐,橋梁工程,
21386150,mason hammer,泥水匠用錘,橋梁工程,
21386151,masonry joint,砌作接頭,橋梁工程,
21386152,masonry pier,砌作墩柱,橋梁工程,
21386153,masonry plate,砌作板；基座板,橋梁工程,
21386154,masonry stone,砌石,橋梁工程,
21386155,masonry wall,砌作牆,橋梁工程,
21386156,mast,桅杆,橋梁工程,
21386157,mast pin,桅杆銷,橋梁工程,
21386158,mast seat,桅杆座,橋梁工程,
21386159,mastic,瀝青膠；膠黏劑,橋梁工程,
21386160,mat work,沉床工,橋梁工程,
21386161,match joint,槽榫接合；槽榫接頭,橋梁工程,
21386162,match-cast joint,契合鑄造接頭,橋梁工程,
21386163,matching,匹配；裝配,橋梁工程,
21386164,material,材料,橋梁工程,
21386165,mattock,鋤頭；十字鎬,橋梁工程,
21386166,mattress,沉排,橋梁工程,
21386167,maul,大槌,橋梁工程,
21386168,maximum stress,最大應力,橋梁工程,
21386169,meager lime,貧石灰,橋梁工程,
21386170,meander line,曲流河道線,橋梁工程,
21386171,mechanical curve,超越曲線,橋梁工程,
21386172,mechanically stabilized earth (MSE) wall ,加勁擋土牆,橋梁工程,
21386173,mechanics,力學,橋梁工程,
21386174,mechanics of materials,材料力學,橋梁工程,
21386175,medium carbon steel,中碳鋼,橋梁工程,
21386176,medium steel,中碳鋼,橋梁工程,
21386177,megohm,百萬歐姆；兆歐姆,橋梁工程,
21386178,Melan arch,梅蘭拱,橋梁工程,
21386179,melt number,熔煉爐號,橋梁工程,
21386180,melting point,熔點,橋梁工程,
21386181,membrane ,薄膜,橋梁工程,
21386182,memorandum of agreement (MOA),協議備忘錄,橋梁工程,
21386183,memorandum of understanding (MOU),合作備忘錄；意向書,橋梁工程,
21386184,merchants bar,市售條鋼,橋梁工程,
21386185,meridian section,子午線剖面,橋梁工程,
21386186,meshing of gearing,齒輪嚙合,橋梁工程,
21386187,metacenter,定傾中心,橋梁工程,
21386188,meta-centre,定傾中心,橋梁工程,
21386189,metal,金屬,橋梁工程,
21386190,metal lath,金屬格網,橋梁工程,
21386191,metal lathe,金屬車床,橋梁工程,
21386192,metal saw,金屬鋸,橋梁工程,
21386193,meteoric iron,隕石鐵,橋梁工程,
21386194,meter,公尺；米；儀表,橋梁工程,
21386195,metric rod,公制標尺,橋梁工程,
21386196,metric ton,公噸,橋梁工程,
21386197,metropolitan planning organization (MPO),都市規劃組織,橋梁工程,
21386198,micrometer,測微計；測微器；微米,橋梁工程,
21386199,micrometer caliper,測微計卡尺；螺旋測微器,橋梁工程,
21386200,micrometer gauge,測微計；測微規,橋梁工程,
21386201,micrometer screw,測微計卡尺；螺旋測微器,橋梁工程,
21386202,micrometer-measurement,測微計量測,橋梁工程,
21386203,microscopic test,微觀試驗,橋梁工程,
21386204,middle-third,中間三分之一,橋梁工程,
21386205,mid-span,跨中央,橋梁工程,
21386206,Mikado locomotive,米卡多式蒸汽機車,橋梁工程,
21386207,mild steel,低碳鋼；軟鋼,橋梁工程,
21386208,military bridge classification,軍事橋梁分類,橋梁工程,
21386209,mill,軋機；工廠；研磨機,橋梁工程,
21386210,mill scale,黑皮；鏽皮；表面氧化層,橋梁工程,
21386211,milled lead,鉛板,橋梁工程,
21386212,milling,剪切；銑；軋製；碾磨,橋梁工程,
21386213,mineral paint,礦物漆,橋梁工程,
21386214,minimal damage,最小損害,橋梁工程,
21386215,minimization,最小化,橋梁工程,
21386216,mirror iron,鏡鐵,橋梁工程,
21386217,miter,斜切；45度斜切面,橋梁工程,
21386218,miter gears,斜方齒輪,橋梁工程,
21386219,miter joint,斜接接頭；斜接,橋梁工程,
21386220,mitigation measures,減緩措施,橋梁工程,
21386221,modulus of crushing,壓碎模數,橋梁工程,
21386222,Mogul locomotive,摩格爾型蒸汽機車,橋梁工程,
21386223,molecule,分子,橋梁工程,
21386224,moment area,力矩面積；彎矩面積,橋梁工程,
21386225,moment of a couple,力偶矩,橋梁工程,
21386226,moment of stability,穩定力矩,橋梁工程,
21386227,moment of torsion,扭矩,橋梁工程,
21386228,moment-area method,力矩面積法；彎矩面積法,橋梁工程,
21386229,momentum,動量,橋梁工程,
21386230,Monier arch,莫尼耶拱,橋梁工程,
21386231,Monier-construction,莫尼耶施工法,橋梁工程,
21386232,monkey engine,動力打椿機,橋梁工程,
21386233,monkey pile driver,人工打樁機,橋梁工程,
21386234,monkey wrench,活動扳手,橋梁工程,
21386235,monolithic,混凝土整體澆置,橋梁工程,
21386236,monolithic dome,整體式穹頂,橋梁工程,
21386237,mooring,停泊；繫泊；停泊設施,橋梁工程,
21386238,mooring piles,繫泊樁,橋梁工程,
21386239,mortar box,砂漿箱,橋梁工程,
21386240,mortar-board,盛泥板,橋梁工程,
21386241,mortise,榫眼,橋梁工程,
21386242,mortise-and-tenon joint,榫卯接頭,橋梁工程,
21386243,mortised joint,榫接合；榫接頭,橋梁工程,
21386244,motor bridge,動力活動橋,橋梁工程,
21386245,mottled iron,麻口鐵；斑點鐵,橋梁工程,
21386246,mould,模具,橋梁工程,
21386247,moulded gears,鑄型齒輪；鑄造齒輪,橋梁工程,
21386248,moulding planks,成型板,橋梁工程,
21386249,mountain locomotive,山地機車,橋梁工程,
21386250,mousing,止脫繩；止脫結,橋梁工程,
21386251,movable bridge,活動橋；開合橋,橋梁工程,
21386252,movable cofferdam,可移動圍堰,橋梁工程,
21386253,movable scaffold system (MSS),支撐先進工法,橋梁工程,
21386254,movable span,活動橋跨,橋梁工程,
21386255,muck bar,熟鐵棒；含渣鐵條；攪煉鐵條,橋梁工程,
21386256,muck iron,熔鐵,橋梁工程,
21386257,mud line,泥線,橋梁工程,
21386258,mud pump,泥漿泵,橋梁工程,
21386259,mule traveler,可移動式吊車,橋梁工程,
21386260,multi-centered arch,多中心拱,橋梁工程,
21386261,multiple cancellation,複式對角桁架,橋梁工程,
21386262,multiple intersection,複式對角桁架,橋梁工程,
21386263,multiple kingpost truss,多立柱桁架,橋梁工程,
21386264,multiple punch,多孔打孔機,橋梁工程,
21386265,multiple system,複式桁架系統,橋梁工程,
21386266,Murphy truss,墨菲式桁架,橋梁工程,
21386267,Mushet steel,麥契特鋼,橋梁工程,
21386268,mushy,粘糊的,橋梁工程,
21386269,nail,釘子,橋梁工程,
21386270,nail-extractor,拔釘器,橋梁工程,
21386271,nail-head spike,方頭長釘；平頭長釘,橋梁工程,
21386272,nailing-blocks,嵌入木塊；預埋木塊,橋梁工程,
21386273,name plate,銘牌,橋梁工程,
21386274,naperian logarithm,自然對數,橋梁工程,
21386275,notch,缺口；凹口；刻痕,橋梁工程,
21386276,nozzle,噴嘴；銲嘴；火嘴,橋梁工程,
21386277,nut,螺帽,橋梁工程,
21386278,orthotropic plate,正交異性板,橋梁工程,
21386279,overlap,搭疊；超覆,橋梁工程,
21386280,overlay,加鋪；覆蓋層,橋梁工程,
21386281,overpass,跨越橋,橋梁工程,
21386282,pass,道；層,橋梁工程,
21386283,patch,補丁,橋梁工程,
21386284,penetration depth,貫入深度；滲透深度,橋梁工程,
21386285,pier cap,墩帽；橋墩帽梁,橋梁工程,
21386286,pile bent abutment,樁柱式橋台,橋梁工程,
21386287,pitting,孔蝕,橋梁工程,
21386288,plank deck,條狀板,橋梁工程,
21386289,plug welding,塞孔銲；塞銲,橋梁工程,
21386290,porosity,孔隙率；氣孔,橋梁工程,
21386291,preloading,預加載,橋梁工程,
21386292,pretension,先拉；先拉法；預拉力{螺栓},橋梁工程,
21386293,primer,底漆,橋梁工程,
21386294,purlin,桁條,橋梁工程,
21386295,pylon,橋塔,橋梁工程,
21386296,Rankine Gordon formula,藍金高登公式,橋梁工程,
21386297,Rankine's formula,藍金公式,橋梁工程,
21386298,rehabilitation,修復,橋梁工程,
21386299,repair,修補,橋梁工程,
21386300,riprap,護岸塊；護床塊；護岸堆石；護岸拋石,橋梁工程,
21386301,rocker bearing,轉動支承；搖擺式支承,橋梁工程,
21386302,roofing,屋頂施作；屋面板,橋梁工程,
21386303,scale,黑皮；鏽皮；表面氧化層；比例,橋梁工程,
21386304,scaling,去黑皮{鋼材表面},橋梁工程,
21386305,sealant,密封劑,橋梁工程,
21386306,secondary moment,二次彎矩,橋梁工程,
21386307,segregation,析離,橋梁工程,
21386308,shear connector,剪力連接器；剪力連接物,橋梁工程,
21386309,sheeting,面板,橋梁工程,
21386310,shop drawing,施工圖；製作圖；廠製圖,橋梁工程,
21386311,shop welding,廠銲；工廠銲接,橋梁工程,
21386312,short-line method,短線工法{預鑄},橋梁工程,
21386313,siding,側線{鐵路}；牆面板,橋梁工程,
21386314,skew bridge,斜交橋,橋梁工程,
21386315,slag,爐碴；銲渣,橋梁工程,
21386316,slip-critical connection,摩阻型接頭；摩阻型接合,橋梁工程,
21386317,spall,剝落；剝落塊,橋梁工程,
21386318,steel strand,鋼絞線；鋼絞索；鋼索,橋梁工程,
21386319,stiffener,加勁板,橋梁工程,
21386320,straightening,矯直,橋梁工程,
21386321,strongback,背撐{模板}；定位板,橋梁工程,
21386322,stub abutment,矮墩式橋台；矮橋台,橋梁工程,
21386323,tack weld,點銲；組立銲道,橋梁工程,
21386324,tempering,回火,橋梁工程,
21386325,test piece,試片；試驗材,橋梁工程,
21386326,thermal efficiency,熱效率,橋梁工程,
21386327,throat,管喉；銲喉；喉,橋梁工程,
21386328,tie plate,繫板；軌枕墊板,橋梁工程,
21386329,tie rod,繫桿；軌距拉桿,橋梁工程,
21386330,tip,端；尖端；銲槍火嘴,橋梁工程,
21386331,undercut,銲蝕；燒缺,橋梁工程,
21386332,underpass,下層通道,橋梁工程,
21386333,underpinning,托底工程,橋梁工程,
21386334,veneer,飾板；飾面；裝飾磁磚 ,橋梁工程,
21386335,wale,腰梁；圍梁 ,橋梁工程,
21386336,weathering steel,耐候鋼,橋梁工程,
21386337,weld access hole,銲接孔；扇形孔,橋梁工程,
21386338,weld metal,銲道金屬,橋梁工程,
21386339,wrought iron,熟鐵 ,橋梁工程,
