ID,英文詞彙,中文名詞,備註,更新日期
21388847,30th highest hourly volume,第30最高小時交通量,公路,
21388848,A B shift,雙班制,公路,
21388849,abrasion resistance of aggregate,粒料之耐磨性,公路,
21388850,absorption of aggregate,粒料之吸水性,公路,
21388851,abutment,橋台,公路,
21388852,accelerating admixture for concrete,混凝土速凝劑；混凝土早強劑,公路,
21388853,accidents involving damage to vehicle or property,車輛或財物受損之事故,公路,
21388854,accidents involving death or personal injury,死傷事故,公路,
21388855,acid rock,酸性岩,公路,
21388856,active earth pressure,主動土壓力,公路,
21388857,additional panel,標誌附牌,公路,
21388858,additive for bituminous mixtures,瀝青混合料添加劑,公路,
21388859,admixture for concrete,混凝土摻料；混凝土摻劑,公路,
21388860,age limit for driver,駕駛人[最低]年齡限制,公路,
21388861,aggregate,粒料；骨材；凝聚,公路,
21388862,air brake,氣韌；空壓煞車,公路,
21388863,air filter,空氣濾清器,公路,
21388864,air-conditioned bus,空氣調節客車,公路,
21388865,air-entrained concrete,輸氣混凝土,公路,
21388866,air-entraining admixture of concrete,混凝土輸氣劑,公路,
21388867,air-entraining portland cement,輸氣卜德蘭水泥,公路,
21388868,alcohol intoxication,酒醉｛交通執法｝,公路,
21388869,all risks,全險｛交通監理｝,公路,
21388870,alluvial cone,冲積錐,公路,
21388871,alluvial fan,沖積扇,公路,
21388872,alluvial soil,冲積土壤,公路,
21388873,alluvium,冲積層,公路,
21388874,all-wheel drive,全輪驅動,公路,
21388875,amphibious vehicle,水陸兩用車,公路,
21388876,anchored bulkhead,錨定式板樁岸壁,公路,
21388877,angle of approach,接近角,公路,
21388878,angle of departure,分離角,公路,
21388879,angle of kingpin,大王梢傾角,公路,
21388880,angle of repose,安息角；靜止角,公路,
21388881,angle of steering lock,最大轉向角,公路,
21388882,angle of turn,轉向角,公路,
21388883,animal-drawn vehicle,獸力車,公路,
21388884,anticlinal stratum,背斜層,公路,
21388885,arch bridge,拱橋,公路,
21388886,arterial highway,幹線公路,公路,
21388887,artificial aggregate,人造粒料,公路,
21388888,asphalt,瀝青,公路,
21388889,asphalt cement,瀝青膠泥,公路,
21388890,asphalt concrete finishing machine,瀝青混凝土整平機,公路,
21388891,asphalt concrete mixer,瀝青混凝土拌合機,公路,
21388892,asphalt concrete mixing plant,瀝青混凝土拌合廠,公路,
21388893,asphalt concrete surface course,瀝青混凝土面層,公路,
21388894,asphalt kettle,瀝青鍋,公路,
21388895,asphalt macadam surface,瀝青碎石路面,公路,
21388896,asphalt mastic,瀝青砂膠,公路,
21388897,asphalt oven,瀝青試驗用烘箱,公路,
21388898,asphalt plant,瀝青拌合廠,公路,
21388899,asphalt prime coat,瀝青透層,公路,
21388900,asphalt slurry,瀝青糊,公路,
21388901,asphalt surface treatment,瀝青表面處理,公路,
21388902,asphalt-coated metal pipe,塗瀝青金屬管,公路,
21388903,at-grade intersection,平面交叉；平面交叉口,公路,
21388904,automobile hire business,包車租賃業,公路,
21388905,automobile-transportation trailer,運車拖車,公路,
21388906,auto-silo park,停車塔,公路,
21388907,auxiliary lane,輔助車道,公路,
21388908,average daily traffic,平均日交通量,公路,
21388909,average highway speed,平均公路速率,公路,
21388910,average spot speed,定點平均速率,公路,
21388911,axle-load limitation,軸重限制,公路,
21388912,backflling,回填,公路,
21388913,baggage volume limit,行李體積限制,公路,
21388914,baggage weight limit,行李重量限制,公路,
21388915,ball mill,鋼球磨石機；球磨機,公路,
21388916,bar mat for concrete reinforcement,混凝土用鋼筋網,公路,
21388917,barricade,防柵,公路,
21388918,bascule bridge,上開橋,公路,
21388919,base course,底層,公路,
21388920,basic capacity,基本容量,公路,
21388921,basic fare,基本運價,公路,
21388922,basic mileage,基本里程,公路,
21388923,basic rates,基本運費,公路,
21388924,batching plant,拌合廠,公路,
21388925,batter pile,斜樁,公路,
21388926,bearing,軸承；支承；承壓；方向角,公路,
21388927,bearing capacity,承載力｛大地｝；承載容量｛結構｝；承載強度,公路,
21388928,bedding course,墊層,公路,
21388929,Benkelman beam,彭克曼[量測]梁,公路,
21388930,binder course,聯結層；黏結層,公路,
21388931,bitumen,瀝青；瀝青膠結料,公路,
21388932,bituminized-fiber drain and sewer pipe,纖維質瀝青排水管,公路,
21388933,bituminous distributor,瀝青撒布機,公路,
21388934,bituminous material,瀝青材料,公路,
21388935,bituminous tanker,瀝青罐車,公路,
21388936,Blaine air permeability apparatus,布蘭氏氣透儀,公路,
21388937,blind drain,暗溝；盲溝,公路,
21388938,block pavement,塊料路面,公路,
21388939,boiling in soil,土壤沸動,公路,
21388940,bond stress,握裹應力；黏著應力；黏結應力,公路,
21388941,boring,鑽心；鑽掘；鑽探,公路,
21388942,bottom dump wagon,底卸車,公路,
21388943,box girder bridge,箱形梁橋,公路,
21388944,branch connection,支線連接線,公路,
21388945,broken line,虛線,公路,
21388946,bucket loader,斗式裝料機,公路,
21388947,built-up member,組合構材；組合構件；組合桿件,公路,
21388948,bulk freight,散裝貨運,公路,
21388949,bulldozer,推土機；正鏟堆土機,公路,
21388950,bus-stop,公共汽車站；公車站,公路,
21388951,buttress fill,土臺,公路,
21388952,camber,拱度；預拱；預拱量；拱曲,公路,
21388953,cantilever abutment,懸臂式橋台,公路,
21388954,cantilever bridge,懸臂梁橋,公路,
21388955,cantilever pier,懸臂式橋墩,公路,
21388956,capability of transportation,運輸能力,公路,
21388957,capillary action,毛細[管]作用,公路,
21388958,car rental business,汽車租賃業,公路,
21388959,cargo carrying motor bus,客貨兩用車,公路,
21388960,carphone,車用電話,公路,
21388961,carriage way,車行道,公路,
21388962,cash against document,憑單據付款,公路,
21388963,cash on delivery,貨到付款,公路,
21388964,cash with order,預付貨款,公路,
21388965,cast in place,現場澆鑄；場鑄,公路,
21388966,cast in situ,現地澆鑄；場鑄,公路,
21388967,casting bed,鑄製場；鑄製台,公路,
21388968,casting blockyard,鑄製場,公路,
21388969,cellular cofferdam,圓筒式圍堰,公路,
21388970,cement gun,水泥噴槍,公路,
21388971,cement-bound macadam surface,水泥結碎石面層,公路,
21388972,cementing material,膠結材,公路,
21388973,center line,中心線,公路,
21388974,central reservation,中央保留區,公路,
21388975,certificate of title,汽車行車執照,公路,
21388976,changing lane,變換車道,公路,
21388977,channelization,槽化；渠道化,公路,
21388978,channelizing island,槽化島,公路,
21388979,charge for empty move,空駛費,公路,
21388980,chartered bus,[大客車]包車,公路,
21388981,chartered bus by hour,[大客車]計時包車,公路,
21388982,chartered bus by mileage,[大客車]計程包車,公路,
21388983,chartered contract,租車合約；包車合約,公路,
21388984,chatter bar,分向標鈕,公路,
21388985,chunk sample,塊狀土樣,公路,
21388986,cinder surface course,煤屑面層,公路,
21388987,circumferential highway,環狀公路,公路,
21388988,city bus,市區公車,公路,
21388989,clamshell,蚌殼式抓斗機,公路,
21388990,classification counts,分類[交通量]調查,公路,
21388991,classified rates,分等運價,公路,
21388992,clay pipe,陶管,公路,
21388993,clay-bound macadam base course,泥結碎石底層,公路,
21388994,clear width of bridge,橋梁淨寬,公路,
21388995,coal tar,柏油,公路,
21388996,coarse aggregate spreader,粗料撒鋪機,公路,
21388997,coarse graded asphalt plant-mix cold laid surface course,廠拌冷鋪粗級配瀝青面層,公路,
21388998,coarse graded asphalt road-mix surface course,路拌粗級配瀝青面層,公路,
21388999,coastal highway,海岸公路,公路,
21389000,coefficient of compressibility,壓縮係數,公路,
21389001,coefficient of consolidation,壓密係數,公路,
21389002,coefficient of subgrade reaction,路基反應係數,公路,
21389003,coefficient of volume compressibility,體積壓縮係數,公路,
21389004,cofferdam,圍堰,公路,
21389005,cohesion of soil,土壤凝聚力,公路,
21389006,cold penetration asphalt macadam surface course,冷灌瀝青碎石面層,公路,
21389007,cold-mix asphalt concrete,冷拌瀝青混凝土,公路,
21389008,collector street system,集匯道路系統,公路,
21389009,collector-distributor road,集散道路,公路,
21389010,colluvial soil,崩積土壤,公路,
21389011,commuter,通勤者,公路,
21389012,compaction,夯實；搗實；壓縮,公路,
21389013,compaction pile,夯實樁,公路,
21389014,compensation for damage,損壞賠償,公路,
21389015,composite girder,合成梁；複合梁,公路,
21389016,composite girder bridge,合成梁橋；複合梁橋,公路,
21389017,composite pile,合成式樁；複合式樁,公路,
21389018,compound pavement,複式鋪面,公路,
21389019,comprehensive planning,綜合規劃,公路,
21389020,compression flange,抗壓翼緣；抗壓翼板；受壓翼板,公路,
21389021,compression member,壓力構材；受壓構材；抗壓構材,公路,
21389022,compression settlement,壓縮沉陷,公路,
21389023,compressive soil,壓縮性土壤,公路,
21389024,compulsory sign,限制標誌,公路,
21389025,concrete beam form,混凝土梁模板,公路,
21389026,concrete beam testing machine,混凝土梁試驗機,公路,
21389027,concrete curing material,混凝土養護材料,公路,
21389028,concrete cylinder mold,混凝土圓柱試體用模,公路,
21389029,concrete joint,混凝土接縫,公路,
21389030,concrete joint filler,混凝土接縫填料,公路,
21389031,concrete mixer,混凝土拌合機,公路,
21389032,concrete paver,混凝土鋪築機；混凝土鋪裝機,公路,
21389033,concrete saw,混凝土鋸,公路,
21389034,concrete test hammer,混凝土試錘,公路,
21389035,concrete vibrator,混凝土振動機,公路,
21389036,condemnation,徵收；業產徵用行為,公路,
21389037,conductor,導體；車掌{交通},公路,
21389038,consequential damages,關連損失,公路,
21389039,consignee,收貨人,公路,
21389040,consigner,託運人,公路,
21389041,consolidation,壓密；搗實,公路,
21389042,construction contract,工程契約,公路,
21389043,construction of subgrade,路基建造；路基施工,公路,
21389044,construction planning,施工規劃,公路,
21389045,construction specification,施工規範；施工說明書,公路,
21389046,continuous beam bridge,連續梁橋,公路,
21389047,contractor,承包商；承造人{建築法},公路,
21389048,controlling point,[運輸排班]控制點,公路,
21389049,coordinated control signal,協進控制號誌,公路,
21389050,cordon count,周界交通調查,公路,
21389051,core recovery,岩心鑽取率,公路,
21389052,corrugated-metal pipe,皺紋金屬管,公路,
21389053,cost of possession,持有成本,公路,
21389054,Coulomb earth-pressure theory,庫倫土壓力理論,公路,
21389055,counterfort abutment,扶壁式橋台,公路,
21389056,countersunk rivet,平頭鉚釘,公路,
21389057,country road,鄉道,公路,
21389058,coupon-ticket,優待票,公路,
21389059,cover plate,蓋鈑,公路,
21389060,crack detector,裂縫檢查器,公路,
21389061,cracking load,開裂載重,公路,
21389062,crane,起重機；吊車,公路,
21389063,crane shovel,吊挖機,公路,
21389064,crater,銲疤,公路,
21389065,crawler type tractor,履帶式牽引機,公路,
21389066,creosote,蒸木油,公路,
21389067,crib wall,框式牆,公路,
21389068,critical circle,臨界圓,公路,
21389069,critique form,意見調查表,公路,
21389070,cross connection,橫連通路；錯接{環工},公路,
21389071,crosswalk,行人穿越道,公路,
21389072,crown of pavement,路拱,公路,
21389073,crushed gravel,碎礫石,公路,
21389074,crushed stone,碎石,公路,
21389075,crusher,破碎機；碎石機,公路,
21389076,cul-de-sac,囊底路；迴轉盲道,公路,
21389077,curb,緣石；路緣,公路,
21389078,curb weight,車輛行駛淨重,公路,
21389079,curing of concrete,混凝土養護,公路,
21389080,current force,流動衝力,公路,
21389081,customs clearance,報關,公路,
21389082,cutback asphalt,油溶瀝青,公路,
21389083,cutting edge of caisson,沉箱切腳,公路,
21389084,cycle time,週期；週期時間,公路,
21389085,damage report,破損單,公路,
21389086,dangerous article,危險品,公路,
21389087,Darcy's law,達西定律,公路,
21389088,dash line,虛線,公路,
21389089,date of issuance,發照日期,公路,
21389090,deck bridge,版橋,公路,
21389091,dedication,提供土地{交通},公路,
21389092,deed,地契,公路,
21389093,deflector bar,障礙反光桿,公路,
21389094,deformed steel bar,竹節鋼筋,公路,
21389095,degree of compaction,壓實度；夯實度,公路,
21389096,dehydrator,脫水機,公路,
21389097,delayed operation,延誤行車,公路,
21389098,delineator,反光導標,公路,
21389099,delivery order,提貨單,公路,
21389100,delivery receipt,交貨收據,公路,
21389101,demurrage charge,停留費,公路,
21389102,dense graded asphalt plant-mix cold-laid surface course,廠拌冷鋪密級配瀝青面層,公路,
21389103,dense graded asphalt road-mix surface course,路拌密級配瀝青面層,公路,
21389104,depositing baggage,寄存品,公路,
21389105,depth ratio of footing,基脚深度比,公路,
21389106,depth span ratio,梁高跨徑比,公路,
21389107,design capacity,設計容量,公路,
21389108,design load,設計載重,公路,
21389109,design strength of concrete,混凝土設計強度,公路,
21389110,design vehicle,設計車型,公路,
21389111,design volume,設計[流]量,公路,
21389112,detour,繞道行車,公路,
21389113,dewatering system,袪水系統,公路,
21389114,diagonal compression stress,斜壓力,公路,
21389115,diagonal tension stress,斜拉力,公路,
21389116,diaphragm,橫膈板；橫膈梁；隔板,公路,
21389117,diaphragm water pump,膜片式抽水機,公路,
21389118,differential fare,差別運價,公路,
21389119,differential settlement,差異沉陷,公路,
21389120,dike,岩脈；堤,公路,
21389121,dip angle,傾角,公路,
21389122,direct compensation,直接補償,公路,
21389123,direction indicator,風向指示器；方向指示器,公路,
21389124,directional distribution,方向分布,公路,
21389125,directional interchange,直接式交流道,公路,
21389126,disc type brake,圓盤式剎車,公路,
21389127,distance-based fare system,計程費率制,公路,
21389128,distribution steel,分布鋼筋,公路,
21389129,district ticket,區間票,公路,
21389130,district-based fare system,區域費率制,公路,
21389131,disturbed soil,擾動土,公路,
21389132,diverging traffic,擴散車流,公路,
21389133,divided highway,分線公路,公路,
21389134,dividing strip,分隔帶,公路,
21389135,divisional curb,分道緣石,公路,
21389136,divisional island,分隔島,公路,
21389137,double-acting steam hammer,雙動式蒸汽錘,公路,
21389138,dragline,拖索挖機,公路,
21389139,drain pipe,排水管,公路,
21389140,drainage,排水[設施],公路,
21389141,drift pin,衝梢,公路,
21389142,drifter,水平鑿岩機,公路,
21389143,drill carriage,鑽機；鑽岩機,公路,
21389144,drill mounting,鑽機架,公路,
21389145,drilling rod,鑽桿,公路,
21389146,driver license,駕駛執照,公路,
21389147,driving cap,打樁帽；樁帽,公路,
21389148,driving under the influence (DUI),酒駕,公路,
21389149,drop gear,加力擋,公路,
21389150,drop hammer,[重力]落錘,公路,
21389151,drop-frame trailer,矮架拖車,公路,
21389152,dry-bound macadam base course,乾結碎石底層,公路,
21389153,dump truck,傾卸式卡車,公路,
21389154,duty paying value,完稅價格,公路,
21389155,earth filling cofferdam,填土式圍堰,公路,
21389156,earth pressure,土壓力,公路,
21389157,easement of right of way,路產地役權,公路,
21389158,edge beam,邊梁,公路,
21389159,edge distance of rivet,鉚釘邊距,公路,
21389160,effective flange width,有效翼寬,公路,
21389161,effective pressure of soil,有效土壓力,公路,
21389162,effective prestress,有效預力,公路,
21389163,elastic deformation,彈性變形,公路,
21389164,elastic design,彈性設計,公路,
21389165,elastic settlement,彈性沉陷,公路,
21389166,embankment,[土]堤；路堤,公路,
21389167,eminent domain,徵收權；業產徵用權,公路,
21389168,emulsified asphalt,乳化地瀝青,公路,
21389169,end bearing pile,底承樁；點承樁,公路,
21389170,end post,端柱,公路,
21389171,end span,端跨,公路,
21389172,end stiffener,端部加勁材,公路,
21389173,end sway bracing,端部抗搖斜撐,公路,
21389174,engin brake,引擎煞車,公路,
21389175,entrapped air of concrete,混凝土入陷空氣,公路,
21389176,equal slope type,等坡式,公路,
21389177,erection bolt,組裝用螺栓,公路,
21389178,excess hydrostatic pressure,超靜水壓力,公路,
21389179,excess load,超載,公路,
21389180,exchange order for ticket,換票證,公路,
21389181,exclusive highway,專用公路,公路,
21389182,ex-factory value,工廠交貨價,公路,
21389183,expense for custody of baggage,保管費,公路,
21389184,expiration of license,證照過期,公路,
21389185,expired ticket,逾期車票,公路,
21389186,exploration drill,鑽探機,公路,
21389187,express bus,快速公車,公路,
21389188,extensometer,伸長計,公路,
21389189,extractor for bituminous mixtures,瀝青混合料抽油器,公路,
21389190,ex-warehouse value,倉庫交貨價,公路,
21389191,falsework,假設工程,公路,
21389192,fare for joint transportation,聯運票價,公路,
21389193,fare receipt,購票證明單,公路,
21389194,fault,接縫高差；斷層,公路,
21389195,fault scarp,斷崖,公路,
21389196,feasibility study,可行性研究,公路,
21389197,feeder road,接駁道路,公路,
21389198,field moisture equivalent,工地溼當量,公路,
21389199,field rivet,工地鉚釘,公路,
21389200,fillet weld,角銲；填角銲道,公路,
21389201,filling material,填方材料,公路,
21389202,filter,過濾器；透水層{路基},公路,
21389203,fine aggregate,細粒料,公路,
21389204,fine aggregate spreader,細粒料撒布機,公路,
21389205,fineness modulus of fine aggregate,細粒料細度模數,公路,
21389206,fixed bridge,固定式橋,公路,
21389207,fixed-end moment,固定端彎矩；固定端力矩,公路,
21389208,flame cutting,火燄切割；焰切,公路,
21389209,flange plate,翼板,公路,
21389210,flared intersection,加寬型交叉口,公路,
21389211,flashing red light,閃光紅燈,公路,
21389212,flashing signal,閃光號誌,公路,
21389213,flat-body truck,平板貨車,公路,
21389214,flat-slab bridge,平版橋,公路,
21389215,flattened head rivet,扁頭鉚釘,公路,
21389216,flexible pavement,柔性鋪面；柔性路面,公路,
21389217,flexible progressive signal system,彈性續進號誌系統,公路,
21389218,flexural stress,撓曲應力,公路,
21389219,floor beam,橫梁；樓版梁；樓板梁,公路,
21389220,fluorescent lamp,螢光路燈,公路,
21389221,flux oil,瀝青稀釋油；助熔油,公路,
21389222,fly ash,飛灰,公路,
21389223,follow in distance,保持距離,公路,
21389224,footing,基脚,公路,
21389225,form,模板,公路,
21389226,foundation failure,基礎破壞,公路,
21389227,foundation of grade,路基基礎,公路,
21389228,foundation wall,基牆；底牆,公路,
21389229,franchise,特許經營,公路,
21389230,free charge weight,免費重量,公路,
21389231,freeway,高速公路,公路,
21389232,freight pallet,貨運棧板,公路,
21389233,freight sheet,運費單,公路,
21389234,freight tariff table,貨運價目表,公路,
21389235,friction coefficient,摩擦係數,公路,
21389236,friction pile,摩擦樁,公路,
21389237,front end loader,前斗式裝載機,公路,
21389238,full occupancy,客滿,公路,
21389239,full traffic actuated signal,全交通觸動號誌,公路,
21389240,full-trailer,全拖車,公路,
21389241,gas welding,氣銲,公路,
21389242,Gillmore needle,吉爾摩氏針,公路,
21389243,girder,大梁,公路,
21389244,glass bead for traffic marking paint,交通標線漆用玻璃砂,公路,
21389245,glued laminated timber,層膠木材；膠夾木,公路,
21389246,gore,交叉口三角地帶,公路,
21389247,gradation of aggregate,骨材級配,公路,
21389248,grade crossing,平交道,公路,
21389249,grade seperation,立體交叉,公路,
21389250,gradeability,爬坡能力,公路,
21389251,grades of highway,公路等級,公路,
21389252,gradient resistance,坡度阻力,公路,
21389253,gravel scrubber and washer,洗石機,公路,
21389254,gravity abutment,重力式橋台,公路,
21389255,gravity model,重力模式；引力模式；重力模型；引力模型,公路,
21389256,green light interval,綠燈時相長度,公路,
21389257,gross vehicle weight,汽車總重量,公路,
21389258,gross weight,[貨物]總重,公路,
21389259,ground clearance,最低地距,公路,
21389260,ground water,地下水,公路,
21389261,group action of piles,群樁作用,公路,
21389262,group reduction factor of piles,群樁折減係數,公路,
21389263,grouting machine,灌漿機,公路,
21389264,guarantee for delivery,交貨擔保,公路,
21389265,gusset plate,角接板；隅板,公路,
21389266,gyratory crusher,迴旋碎石機,公路,
21389267,half-through bridge,半穿式橋,公路,
21389268,hand driven rivet,手打鉚釘,公路,
21389269,hand tally counter,手按式計數器,公路,
21389270,hand truck,手推工作車,公路,
21389271,hand-and-arm signal,行車手勢,公路,
21389272,hazard marker,危險標記,公路,
21389273,high-strength bolt,高強度螺栓,公路,
21389274,high-tension wire,高拉力鋼線,公路,
21389275,highway,公路,公路,
21389276,highway classification,公路分類,公路,
21389277,highway development right,臨路開發權,公路,
21389278,highway enterprise,公路企業,公路,
21389279,highway hostel,公路旅舍,公路,
21389280,highway inventory,公路資料清冊；公路台賬,公路,
21389281,highway landscaping,公路景觀美化,公路,
21389282,highway management,公路管理,公路,
21389283,highway needs study,公路需求研究,公路,
21389284,highway operating business,公路經營業務,公路,
21389285,highway patrol,公路巡邏,公路,
21389286,highway restaurant,公路餐廳,公路,
21389287,highway sufficiency rating,公路負荷評量,公路,
21389288,highway type,公路型式,公路,
21389289,horizontal clearance,淨寬；水平淨空,公路,
21389290,horizontal curved bridge,[水平]曲線橋,公路,
21389291,hot penetration asphalt macadam surface course,熱灌瀝青碎石面層,公路,
21389292,hot-laid mixture,熱鋪混合料,公路,
21389293,hot-mix asphalt concrete,熱拌瀝青混凝土,公路,
21389294,house trailer,住屋式拖車,公路,
21389295,humidifier,加濕器,公路,
21389296,hydraulic brake,液壓煞車,公路,
21389297,hydraulic cement,水硬性水泥,公路,
21389298,hydrophilic aggregate,親水性粒料,公路,
21389299,hydrophobic aggregate,疏水性粒料,公路,
21389300,I-beam,I形梁；工字梁,公路,
21389301,I-beam bridge,I形梁橋；工字梁橋,公路,
21389302,idle speed,怠速；惰速,公路,
21389303,illumination,[公路]照明,公路,
21389304,impact load,衝擊載重,公路,
21389305,impactor,搗固機；衝擊器{環工},公路,
21389306,impervious bed,不透水層,公路,
21389307,incandescent lamp,白熾路燈,公路,
21389308,inclination tester,傾斜角試驗器；傾斜試驗器,公路,
21389309,indemnity of damage,損害賠償,公路,
21389310,information sign,指示標誌,公路,
21389311,initial fare,基本票價,公路,
21389312,initial mileage,基本里程,公路,
21389313,initial rates,基本運費,公路,
21389314,initial time,基本時間,公路,
21389315,inner lane,內側車道,公路,
21389316,inspection of vehicle,車輛檢驗,公路,
21389317,intercepting ditch,截水溝,公路,
21389318,intergranular pressure,粒間壓力,公路,
21389319,intermediate span,內跨；內孔,公路,
21389320,intermediate stiffener,中間加勁條,公路,
21389321,intermediate sway bracing,中間抗搖撐,公路,
21389322,intermittent welding,斷續電銲,公路,
21389323,intermodal transport,複合式運輸,公路,
21389324,international driving permit license,國際駕駛執照,公路,
21389325,interurban bus,城際巴士,公路,
21389326,interval,間距；時距；間隔；時段,公路,
21389327,intervening opportunities model,介入機會模式,公路,
21389328,inventory adjustment voucher,存貨調整單{材料},公路,
21389329,invert form,仰拱模,公路,
21389330,investigation of traffic accident,交通事故研究；交通事故調查,公路,
21389331,isolated control signal,單一路口控制號誌,公路,
21389332,jackhammer,空壓式鑿機,公路,
21389333,jiggle bar,分向標鈕,公路,
21389334,job site,工區；工地,公路,
21389335,joint operation,聯營；聯運,公路,
21389336,joint rates,貨物聯運價目表,公路,
21389337,just compensation,合理補償,公路,
21389338,kernel area,核心面積,公路,
21389339,key counts,基本交通量調查,公路,
21389340,kingpin,大王梢,公路,
21389341,kingpin inclination,大王梢傾角,公路,
21389342,kneading compactor,揉搓夯壓機,公路,
21389343,laboratory compactor,實驗室夯壓機,公路,
21389344,lacing,水平向斜撐；聯條,公路,
21389345,lap joint,搭接；搭接接頭；疊接接合,公路,
21389346,lateral aisle,側向支道,公路,
21389347,lateral bracing,側撐,公路,
21389348,length comparator,比長儀,公路,
21389349,letter of credit(L/C),信用狀,公路,
21389350,level crossing angle,鐵公路交角；平交道交角,公路,
21389351,leveling course,整平層,公路,
21389352,license suspended,吊扣駕照,公路,
21389353,lift bridge,升降橋,公路,
21389354,light delivery truck,小貨車,公路,
21389355,light truck,小貨車,公路,
21389356,lighting regulation,燈光使用規定,公路,
21389357,lignin derivatives,木質素衍生物,公路,
21389358,limitation on backing,倒車限制,公路,
21389359,limitation on overtaking,超車限制,公路,
21389360,lining,襯砌；襯面；內襯板；襯裡,公路,
21389361,liquid asphalt,液態瀝青,公路,
21389362,liquid limit,液性限度,公路,
21389363,liquidity index,液性指數,公路,
21389364,live load,活[載]重,公路,
21389365,load and unload,裝卸,公路,
21389366,load limit,載重限制,公路,
21389367,load meter,重量計；地磅,公路,
21389368,load stage,載重階段,公路,
21389369,loading zone,裝卸區,公路,
21389370,loadometer survey,交通載重調查,公路,
21389371,local street system,地區街道系統,公路,
21389372,local transit,地區客運｛公路｝；局部輸送｛鐵路｝,公路,
21389373,longitudinal force,縱向力,公路,
21389374,longitudinal grade,縱坡,公路,
21389375,long-range planning,長程規劃,公路,
21389376,Los Angels abrasion testing machine,洛杉磯磨損試驗機,公路,
21389377,loss of prestress,預力損失,公路,
21389378,low bed semi-trailer,平板半拖車,公路,
21389379,low-body trailer,低身拖車,公路,
21389380,luggage receipt,行李票；行李收據,公路,
21389381,magnet cleaner,鐵屑磁吸器,公路,
21389382,main aisle,主要通道,公路,
21389383,main girder,主梁,公路,
21389384,main reinforcement,主鋼筋,公路,
21389385,main truss,主桁架,公路,
21389386,maintenance cost,維護成本,公路,
21389387,maintenance sub depot,次級檢修站,公路,
21389388,major arterial system,主要幹道系統,公路,
21389389,major repair,大修,公路,
21389390,marshall test apparatus,馬歇爾試驗儀,公路,
21389391,mass concrete,巨積混凝土,公路,
21389392,maximum speed limit,最高速限,公路,
21389393,mechanical screen,篩分機,公路,
21389394,median,中位數；中間分隔帶{公路}；中央分隔帶,公路,
21389395,median island,中央安全島,公路,
21389396,median lane,分隔帶車道,公路,
21389397,median opening,中央分隔帶開口,公路,
21389398,medium-curing cutback asphalt,中凝油溶瀝青,公路,
21389399,meeting,會車{交通},公路,
21389400,mercury vapor lamp,水銀路燈,公路,
21389401,merging traffic,匯合車流,公路,
21389402,mileage premium,里程獎金,公路,
21389403,minimum speed regulation,最低速率管制,公路,
21389404,minimum turning path,最小轉向路徑,公路,
21389405,minimum turning radius,最小轉向半徑,公路,
21389406,mix-in-place,現場拌和；就地拌和,公路,
21389407,mobile crane,移動式起重機,公路,
21389408,mobile shop,修護車{交通},公路,
21389409,modal split model,運具分配模式,公路,
21389410,modulus of foundation,基礎模數,公路,
21389411,modulus of rupture of concrete,混凝土破裂模數,公路,
21389412,modulus ratio,模數比,公路,
21389413,Mohr's circle,莫爾圓,公路,
21389414,Mohr's theory of rupture,摩爾破裂理論,公路,
21389415,moment of inertia,慣性矩,公路,
21389416,monoply bus service,專營巴士路線,公路,
21389417,mortar,砂漿,公路,
21389418,motor carriers,汽車運輸業,公路,
21389419,motor grader,平路機,公路,
21389420,motor transit cooperative society,運輸合作社,公路,
21389421,motor transportation,汽車運輸,公路,
21389422,motor-vehicle-use study,機動車使用情況調查研究,公路,
21389423,movable bridge,活動橋,公路,
21389424,multi-leg intersection,多路交叉[口],公路,
21389425,multiple-unit truck,多節貨車,公路,
21389426,natural asphalt,天然瀝青,公路,
21389427,net weight,淨重,公路,
21389428,neutral axis,中性軸,公路,
21389429,Newmark's influence value,紐麻氏影響值,公路,
21389430,noise prevention,噪音預防,公路,
21389431,non-compressive soil,非壓縮性土壤,公路,
21389432,non-plastic soil,無塑性土壤,公路,
21389433,normal speed,正常速率,公路,
21389434,normal stress,正向應力,公路,
21389435,offset,偏移；時差{交通}；時距{交通},公路,
21389436,one way,單行道,公路,
21389437,open-graded aggregate,開放級配粒料,公路,
21389438,operating delay,營運延滯,公路,
21389439,operation beyond authorized district,越區營運,公路,
21389440,optimum moisture content,最佳含水量,公路,
21389441,orthotropic steel bridge,正交異向鋼構橋,公路,
21389442,outcrop,露頭,公路,
21389443,outer connection,外轉連結道,公路,
21389444,outer seperation lane,外側分隔車道,公路,
21389445,overall travel speed,全程行駛速率,公路,
21389446,overall travel time,全程行駛時間,公路,
21389447,overhead hoist,架空起重設備,公路,
21389448,overlap,重疊；超覆；搭疊,公路,
21389449,overload,超載,公路,
21389450,overpass,跨越橋,公路,
21389451,overweight,超重,公路,
21389452,packing list,裝箱單,公路,
21389453,pallet,棧板,公路,
21389454,pallet transportation,棧板運輸,公路,
21389455,panel,面板；平板,公路,
21389456,parcel receipt,包裹票；包裹收據,公路,
21389457,parked vehicle,停置車輛,公路,
21389458,parking lane,停車道,公路,
21389459,parkway,公園大道；園道；景觀道路,公路,
21389460,partial cutting and partial filling,半挖半填,公路,
21389461,passenger car,小客車,公路,
21389462,passenger car equivalent (PCE),小客車當量,公路,
21389463,passenger limit,載客限制,公路,
21389464,passenger tariff table,票價表,公路,
21389465,passing,超車,公路,
21389466,passing bay,避讓車道；避車彎,公路,
21389467,passing regulation,超車規定,公路,
21389468,passing sight distance,超車視距,公路,
21389469,passive earth pressure,被動土壓力,公路,
21389470,pavement structure,鋪面結構,公路,
21389471,pavement widening,路面加寬,公路,
21389472,paving breaker,路面破碎機,公路,
21389473,paving brick,鋪面磚,公路,
21389474,peak hour factor (PHF),尖峰小時因數,公路,
21389475,peak hour traffic,尖峰小時交通量,公路,
21389476,peak season,運輸旺季,公路,
21389477,pedestrian bridge,行人橋；人行陸橋,公路,
21389478,pedestrian signal,行人號誌；行人指示燈,公路,
21389479,penetration depth of fusion,熔入度,公路,
21389480,penetration of bituminous material,瀝青材料針入度,公路,
21389481,perforated pipe,有孔管類,公路,
21389482,peripheral vision,周邊視界,公路,
21389483,petroleum asphalt,石油地瀝青,公路,
21389484,phase,相；時相；階段；時期,公路,
21389485,pier,墩[柱]；碼頭,公路,
21389486,pier foundation,墩基,公路,
21389487,piggyback service,馱負運輸,公路,
21389488,pile,樁,公路,
21389489,pile cap,樁帽,公路,
21389490,pile driver,打樁機,公路,
21389491,pile driving lead,打樁導架,公路,
21389492,pile foundation,樁基,公路,
21389493,pile load test,樁載重試驗；樁荷重試驗,公路,
21389494,pile pulling test,拔樁試驗,公路,
21389495,pile shoe,樁尖,公路,
21389496,pilebent pier,樁架式橋墩,公路,
21389497,pin,樞[軸]；銷；[插]針,公路,
21389498,plain steel bar,光面鋼筋；無[竹]節鋼筋,公路,
21389499,plant mix,廠拌,公路,
21389500,plastic limit,塑性限度,公路,
21389501,plate bearing test apparatus,鈑載重試驗儀；鈑承力試驗儀,公路,
21389502,plate girder,板梁,公路,
21389503,plate girder bridge,鈑梁橋,公路,
21389504,plumb bob,準錘,公路,
21389505,plywood,夾板；膠合板,公路,
21389506,pneumatic caisson,氣壓沉箱,公路,
21389507,pneumatic digger,氣動掘土機,公路,
21389508,Poisson's ratio,波松比,公路,
21389509,porosity,孔隙率；氣孔,公路,
21389510,porous bed,多孔層,公路,
21389511,porous-concrete pipe,多孔混凝土管,公路,
21389512,portable asphalt concrete mixer,移動式瀝青混凝土拌合機,公路,
21389513,portable compression testing machine,可攜式壓縮試驗機,公路,
21389514,portal,門形剛架；洞口{隧道},公路,
21389515,Portland cement,卜特蘭水泥,公路,
21389516,power driven rivet,機打鉚釘,公路,
21389517,precast,預鑄,公路,
21389518,precast concrete pile,預鑄混凝土樁,公路,
21389519,preloading,預加載,公路,
21389520,preloading method,預壓法,公路,
21389521,pressure bulb,壓力球面,公路,
21389522,prestressed steel bridge,預力鋼橋,公路,
21389523,prestressing,預力；施預力,公路,
21389524,prevailing traffic condition,實地交通情況,公路,
21389525,private car,自用汽車,公路,
21389526,private highway,私有公路,公路,
21389527,progressive signal system,續進號誌系統,公路,
21389528,provincial highway,省道,公路,
21389529,proving ring,檢校環,公路,
21389530,punched hole,衝成孔,公路,
21389531,quick clay,流黏土；流粘土{超敏黏土},公路,
21389532,quick sand,砂湧,公路,
21389533,railing,欄杆,公路,
21389534,raised bar,分向標桿,公路,
21389535,ramp,匝道｛公路｝；移動梯{機場}；坡道{建築},公路,
21389536,Rankine earth pressure theory,朗欽土壓力理論,公路,
21389537,rapid-curing cutback asphalt,快凝油溶瀝青,公路,
21389538,rear dump loader,後卸式裝載機,公路,
21389539,rear-view mirror,[車內]後視鏡,公路,
21389540,rebound of pile,樁反跳；樁回升,公路,
21389541,red light interval,紅燈時段,公路,
21389542,reflective button,反光標鈕,公路,
21389543,reflective sheeting,[交通標誌用]反光片,公路,
21389544,refugee island,庇護島,公路,
21389545,regain of clay strength,粘土強度之恢復,公路,
21389546,regional transportation planning,區域交通規劃,公路,
21389547,regular bus,班車,公路,
21389548,retaining structure,擋土構造物,公路,
21389549,retarding admixture for concrete,混凝土緩凝劑,公路,
21389550,re-tensioning,重施預力,公路,
21389551,retreaded tire,翻新胎,公路,
21389552,revited joint,鉚釘接頭,公路,
21389553,right-hand driving,車輛右行,公路,
21389554,rigid frame abutment,剛架式橋台,公路,
21389555,rigid frame bridge,剛架橋,公路,
21389556,rigid frame pier,剛構式橋墩,公路,
21389557,rigid pavement,剛性鋪面；剛性路面,公路,
21389558,ripper,犁耙機,公路,
21389559,riprap,堆石,公路,
21389560,rivet,鉚釘,公路,
21389561,rivet gage,鉚釘行距,公路,
21389562,rivet gun,鉚釘鎗,公路,
21389563,rivet hammer,鉚釘錘,公路,
21389564,rivet hole,鉚釘孔,公路,
21389565,rivet length,鉚釘長,公路,
21389566,rivet pitch,鉚釘中心距,公路,
21389567,rivet spacing,鉚釘間距,公路,
21389568,rivet value,鉚釘強度,公路,
21389569,riveted connection,鉚釘接頭,公路,
21389570,riveter,鉚合機,公路,
21389571,road maintainer,養路機,公路,
21389572,road roller,壓路機,公路,
21389573,road roughness indicator (RRI),路面糙度指示儀,公路,
21389574,roadbed,路床,公路,
21389575,roadside,路側,公路,
21389576,roadside control,路側管制,公路,
21389577,roadside zoning,路側土地使用分區,公路,
21389578,rock drill,鑿岩機,公路,
21389579,rod mill,棒磨機,公路,
21389580,roller crusher,滾筒式碎石機,公路,
21389581,rotary sampler,旋轉取樣器,公路,
21389582,roundabout central island,圓環中心島,公路,
21389583,running speed,行駛速率,公路,
21389584,sample ejector,樣品頂出器,公路,
21389585,sand asphalt,砂拌瀝青,公路,
21389586,sand island method,砂島法,公路,
21389587,sand pile drainage,砂樁排水,公路,
21389588,sand piling,砂樁法,公路,
21389589,scouring,沖刷；沖蝕,公路,
21389590,scrap,廢料；廢棄物,公路,
21389591,screen line count,屏柵線調查；柵線[交通]調查,公路,
21389592,seal coat,封層｛公路｝,公路,
21389593,second grade road,二級路面,公路,
21389594,section property,斷面性質,公路,
21389595,sedimentation,沉積作用；沉澱,公路,
21389596,seepage,滲流,公路,
21389597,self-propelled scraper,自動刮運機,公路,
21389598,semi-traffic actuated signal,半交通觸動號誌,公路,
21389599,semi-trailer,半拖車,公路,
21389600,service car,救濟車,公路,
21389601,setback line,限建線,公路,
21389602,settlement,沉陷；沉降,公路,
21389603,shaft pier,立柱式橋墩,公路,
21389604,shear connector,剪力連接器,公路,
21389605,shear modulus of elasticity,剪力彈性模數,公路,
21389606,shear resistance of soil,土壤抗剪力,公路,
21389607,shear stress,剪應力,公路,
21389608,sheath,套管；套,公路,
21389609,sheath grouting,套管灌漿,公路,
21389610,sheet asphalt,片瀝青,公路,
21389611,sheet asphalt surface course,片地瀝青面層,公路,
21389612,sheet piling cofferdam,板樁式圍堰,公路,
21389613,sheet piling method,板樁法,公路,
21389614,shoulder,漲模；模板錯位；路肩{交通},公路,
21389615,shovel,鏟土機,公路,
21389616,shrinkage limit,收縮限度,公路,
21389617,side mirror,[車側]後視鏡,公路,
21389618,side slope of grade,路基邊坡,公路,
21389619,side slope stabilization,邊坡穩定,公路,
21389620,side walk,sidewalk,公路,
21389621,sieve analysis,篩分析,公路,
21389622,sightseeing bus,觀光巴士；遊覽車,公路,
21389623,sightseeing trip,觀光旅次,公路,
21389624,simple beam bridge,簡支梁橋,公路,
21389625,simultaneous signal system,同亮號誌系統,公路,
21389626,single acting steam hammer,單動式蒸汽錘,公路,
21389627,single axle load,單軸荷重,公路,
21389628,single footing,單獨基腳；獨立基腳,公路,
21389629,single unit truck,單體貨車,公路,
21389630,skew angle,斜角,公路,
21389631,skew bridge,斜交橋,公路,
21389632,skip phase,時相跳越,公路,
21389633,slab bridge,版橋,公路,
21389634,slaking,消散；潮解,公路,
21389635,slaty cleavage,板狀劈理,公路,
21389636,sliding circle,滑動圓,公路,
21389637,sliding surface,滑動面,公路,
21389638,slope failure,邊坡破壞,公路,
21389639,slope-floor garage,斜板停車場,公路,
21389640,slow-curing liquid asphalt,慢凝液體地瀝青,公路,
21389641,sodium vapor lamp,鈉弧照明路燈,公路,
21389642,soft ground,軟弱地盤,公路,
21389643,soil cement base course,水泥土壤底層,公路,
21389644,soil mechanics,土壤力學,公路,
21389645,soil type base course,土壤底層,公路,
21389646,solid line,實線｛交通標線｝,公路,
21389647,solid pier,實心橋墩,公路,
21389648,sound level meter,音量計,公路,
21389649,soundness of aggregate,粒料健度,公路,
21389650,spacer,間隔器,公路,
21389651,span,跨；跨距；跨度；跨徑,公路,
21389652,special equipped vehicle,特殊裝備車,公路,
21389653,special speed limit,特定速限,公路,
21389654,specific gravity of aggregate,粒料比重,公路,
21389655,speed change lane,變速車道,公路,
21389656,speedometer,速率錶,公路,
21389657,splice plate,拼續接鈑,公路,
21389658,split-spoon sampler,劈管式取樣器,公路,
21389659,spot speed,定點速率,公路,
21389660,spot traffic survey,定點交通量調查,公路,
21389661,spread footing,擴展基腳,公路,
21389662,standard penetration resistance,標準貫入[阻抗]值,公路,
21389663,standard penetration test,標準貫入試驗,公路,
21389664,standard sand,標準砂,公路,
21389665,standard sieve,標準篩,公路,
21389666,standing capacity,立位容量,公路,
21389667,standing space,立位[空間],公路,
21389668,standing vehicle,暫停車輛,公路,
21389669,station wagon,旅行車,公路,
21389670,steel pile,鋼樁,公路,
21389671,steel wheel road roller,鋼輪壓路機,公路,
21389672,step footing,台階式基腳,公路,
21389673,stiffened suspension bridge,加勁吊橋,公路,
21389674,stiffener,加勁材,公路,
21389675,stiffness and carry-over factor,勁度及傳遞係數,公路,
21389676,stitch rivet,綴合铆釘,公路,
21389677,stone-filled sheet asphalt,填石片地瀝青,公路,
21389678,stop light,停車燈{交通燈號}；煞車燈,公路,
21389679,stopping sight distance,停車視距,公路,
21389680,street car,有軌電車；街車,公路,
21389681,strike,支承釋放；走向{地質},公路,
21389682,stringer,小梁,公路,
21389683,structural number,結構指數,公路,
21389684,structural steel,結構鋼,公路,
21389685,structural timber,結構用木材,公路,
21389686,struting,撑架,公路,
21389687,student commuter,通勤學生,公路,
21389688,subbase,基層,公路,
21389689,substructure,下部結構,公路,
21389690,superelevation rate,超高率｛公路｝,公路,
21389691,surcharge method,加重法,公路,
21389692,surface course,面層,公路,
21389693,surface moisture of aggregate,粒料表面含水量,公路,
21389694,suspension bridge,吊橋,公路,
21389695,suspension of license,吊扣執照,公路,
21389696,suspension period,吊扣期間,公路,
21389697,sway bracing,抗搖撐{水平位移支撐},公路,
21389698,swing bridge,旋開橋,公路,
21389699,synclinal stratum,向斜層,公路,
21389700,tack coat,黏層{瀝青},公路,
21389701,talus,崖錐,公路,
21389702,tandem axle load,複軸荷重,公路,
21389703,taper,叉尖,公路,
21389704,taper pile,楔形樁,公路,
21389705,tar,焦油,公路,
21389706,taxi-cab,計程車；出租汽車,公路,
21389707,T-beam bridge,T形梁橋,公路,
21389708,temperature coefficient,溫度係數,公路,
21389709,temporary assembly,試組裝；假組裝,公路,
21389710,temporary license plate,臨時牌照,公路,
21389711,temporary passage permit,臨時通行證,公路,
21389712,tendon,鋼腱；腱,公路,
21389713,tension crack of slide slope,滑坡張裂縫,公路,
21389714,tension flange,抗拉翼緣,公路,
21389715,tension member,拉力構材；受拉構材；抗拉構材,公路,
21389716,terminal,終站,公路,
21389717,terminal bus service,終站巴士接送服務,公路,
21389718,terrace,露台,公路,
21389719,test license plate,試車牌照,公路,
21389720,thermal force,熱力,公路,
21389721,three-leg interchange,三路交流道,公路,
21389722,through bridge,穿式橋,公路,
21389723,through bus,直達車,公路,
21389724,through cut,路塹,公路,
21389725,through transpotation,聯運,公路,
21389726,tilting tester,傾斜試驗器,公路,
21389727,timber pile,木樁,公路,
21389728,time-settlement curve,時間-沉陷曲線,公路,
21389729,token,幣式車票；代幣,公路,
21389730,tolerance,公差；允差；容許量,公路,
21389731,toll road,收費道路,公路,
21389732,ton-kilometer,延噸公里,公路,
21389733,ton-kilometer theory,噸公里理論,公路,
21389734,top chord,上弦桿,公路,
21389735,top lateral bracing,上橫撑,公路,
21389736,torque,轉矩； 扭矩,公路,
21389737,towed scraper,拖式刮運機,公路,
21389738,tractor with dozer,推土機,公路,
21389739,traffic control,交通控制,公路,
21389740,traffic control device,交通控制設施,公路,
21389741,traffic control signal,交通控制號誌,公路,
21389742,traffic court,交通法庭,公路,
21389743,traffic engineering,交通工程,公路,
21389744,traffic flow,交通流量,公路,
21389745,traffic growth rate,交通量成長率,公路,
21389746,traffic island,交通島,公路,
21389747,traffic lane,通航巷道{港灣}；交通車道,公路,
21389748,traffic law,交通法規,公路,
21389749,traffic light signal,交通燈光號誌,公路,
21389750,traffic marking,交通標線,公路,
21389751,traffic movement priority,行車優先權,公路,
21389752,traffic police,交通警察,公路,
21389753,traffic projection,交通量預測,公路,
21389754,traffic safety,交通安全,公路,
21389755,traffic sign,交通標誌,公路,
21389756,traffic violation,交通違規,公路,
21389757,traffic volume,交通量,公路,
21389758,transportation utility,運輸效用,公路,
21389759,transverse marking,橫向標線；橫向畫線,公路,
21389760,tremie concrete,特密管灌築混凝土,公路,
21389761,tri-compactor,三用式壓路機,公路,
21389762,trip,旅次,公路,
21389763,trip-end model,旅次端點分配模式,公路,
21389764,trip-interchange model,旅次交替分配模式,公路,
21389765,truck tractor,拖車頭,公路,
21389766,truckload freight,整車貨運,公路,
21389767,truss,桁架,公路,
21389768,truss bridge,桁架橋,公路,
21389769,turn over,翻車,公路,
21389770,turning path,轉向路線,公路,
21389771,turning signal,轉彎號誌,公路,
21389772,turning traffic,轉向交通量,公路,
21389773,two-way ramp,雙向匝道,公路,
21389774,two-way road,雙向道,公路,
21389775,ultimate load,極限載重,公路,
21389776,ultimate strength design,極限強度設計,公路,
21389777,unchannelized intersection,非槽化交叉口,公路,
21389778,underground parking lot,地下停車場,公路,
21389779,underpass,下層通道； 下穿道；地下道,公路,
21389780,underpinning,基礎托底,公路,
21389781,undisturbed soil,原狀土壤；未擾動土壤,公路,
21389782,undivided highway,無分線公路,公路,
21389783,unit load transportation,單元裝載運輸,公路,
21389784,universal joint,萬向接頭,公路,
21389785,unstiffened suspension bridge,無加勁吊橋,公路,
21389786,unsupported length of pile,樁之無支持長度,公路,
21389787,uplift,上舉力；上頂力；上揚力,公路,
21389788,urban transportation planning,都市運輸規劃,公路,
21389789,U-turn,迴車；迴轉,公路,
21389790,U-turn lane,迴轉道,公路,
21389791,variable slope type,變坡式,公路,
21389792,vehicle height,車高,公路,
21389793,vehicle length,車長,公路,
21389794,vehicle load capacity,載重量,公路,
21389795,vehicle maintenance system,車輛維修制度,公路,
21389796,vehicle operating check,行車檢查,公路,
21389797,vehicle utilization rate,車輛使用率,公路,
21389798,vehicle weight,車重,公路,
21389799,vehicle width,車寬,公路,
21389800,vertical,垂材,公路,
21389801,vertical clearance,淨高；垂直淨空,公路,
21389802,viaduct,高架橋,公路,
21389803,Vicat apparatus,費開氏儀,公路,
21389804,"visibility requirement for reflector,clearance lamp",汽車燈光能見度規定,公路,
21389805,"visibility requirement of identification lamp,marker lamp",汽車燈光能見度規定,公路,
21389806,void ratio,孔隙比；空隙比,公路,
21389807,wagon drill,台式鑿岩機,公路,
21389808,warning sign,警告標誌,公路,
21389809,water content,含水量,公路,
21389810,water jetting,水沖；水射法；水刀法,公路,
21389811,water tanker,水罐車,公路,
21389812,water-bound macadam base course,水結碎石底層,公路,
21389813,water-reducing admixture for concrete,混凝土用減水摻料,公路,
21389814,wearing course,耐磨損層,公路,
21389815,weathering,風化[作用],公路,
21389816,weaving section,交織路段,公路,
21389817,web,腹鈑；梁腹；[鋼軌]腰部；腹版,公路,
21389818,web member,腹材,公路,
21389819,web reinforcement,腹筋,公路,
21389820,weep hole,洩水孔,公路,
21389821,well-graded aggregate,良好級配粒料,公路,
21389822,wheel track,輪距,公路,
21389823,wheel type tractor,輪式牽引機,公路,
21389824,wheel type trenching machine,輪式挖溝機,公路,
21389825,wind load,風力[載重],公路,
21389826,workability of concrete,混凝土工作性,公路,
21389827,working zone,施工區,公路,
21389828,zigzag line,鋸齒線,公路,
21389829,zone marking machine,劃線機,公路,
21389830,aerodrome traffic pattern,進離場航線,航運及水運,
21389831,Aeronautical Information Publication (AIP),飛航指南,航運及水運,
21389832,aeronautical radio navigation service,航空無線電助航服務,航運及水運,
21389833,aeronautical route chart,航路圖表,航運及水運,
21389834,aeroplane flight manual,飛機飛航手冊,航運及水運,
21389835,afterbody,艉部,航運及水運,
21389836,air cargo,空運貨物,航運及水運,
21389837,air carrier,航空運輸業,航運及水運,
21389838,air carrier airport,航空運輸機場,航運及水運,
21389839,air navigation aid,助航設備,航運及水運,
21389840,aircraft,航空器,航運及水運,
21389841,airline,航空公司；空中航線,航運及水運,
21389842,airliner,民航客機,航運及水運,
21389843,all fours mooring,前後雙錨泊,航運及水運,
21389844,allowable crosswind component,容許側向風速,航運及水運,
21389845,alongside delivery,船邊交貨,航運及水運,
21389846,amidship,船舯,航運及水運,
21389847,bower anchor,艏錨,航運及水運,
21389848,breakwater,防波堤,航運及水運,
21389849,caisson marine railway,沉箱滑道,航運及水運,
21389850,car float,車廂駁船,航運及水運,
21389851,cargo port,貨物港埠,航運及水運,
21389852,cellular concrete block upright breakwater,直立空心混凝土塊防波堤,航運及水運,
21389853,commercial aviation,商用航空,航運及水運,
21389854,control airdrome,管制機場,航運及水運,
21389855,control airspace,管制空域,航運及水運,
21389856,control tower,管制塔臺,航運及水運,
21389857,course separation,航向隔離,航運及水運,
21389858,crosswind force,側風力,航運及水運,
21389859,cruising altitude,巡航高度,航運及水運,
21389860,cruising speed,巡航速率,航運及水運,
21389861,datum elevation,基準高度,航運及水運,
21389862,deadweight tonnage,載重噸位；載重,航運及水運,
21389863,distance marker,距離標記,航運及水運,
21389864,economic speed,經濟速率,航運及水運,
21389865,effective landing area,有效降落區域,航運及水運,
21389866,effective runway gradient,有效跑道縱坡度,航運及水運,
21389867,enroute surveillance radar,航路搜索雷達,航運及水運,
21389868,entrance taxiway,入口滑行道,航運及水運,
21389869,escape hatch,安全艙口；逃生艙口,航運及水運,
21389870,estuary harbor,河口港,航運及水運,
21389871,exit taxiway,出口滑行道,航運及水運,
21389872,export procession zone,加工出口區,航運及水運,
21389873,export wharf,出口碼頭,航運及水運,
21389874,extended safety area,延伸之安全地帶,航運及水運,
21389875,field elevation,機場標高,航運及水運,
21389876,finger system,指狀式系統[停機坪],航運及水運,
21389877,finger-pier,突堤碼頭,航運及水運,
21389878,finger-pier system,指狀突出式系統[停機坪],航運及水運,
21389879,fire alarm signal,火警警報信號,航運及水運,
21389880,fishery harbor,漁港,航運及水運,
21389881,fixed distance marker,固定距離標記,航運及水運,
21389882,flight information region,飛航情報區,航運及水運,
21389883,flight rule,飛航管制作業,航運及水運,
21389884,flight time,飛航時間,航運及水運,
21389885,flight visibility,飛航能見度,航運及水運,
21389886,flying range,飛行距離；航程,航運及水運,
21389887,flying speed,飛行速率,航運及水運,
21389888,free airport,免稅機場：自由機場,航運及水運,
21389889,free port,免稅港；自由港,航運及水運,
21389890,free port zone,免稅港區；自由港區,航運及水運,
21389891,freight tonnage,計費噸位,航運及水運,
21389892,frontal system,前列式系統[停機坪],航運及水運,
21389893,fuel harbor,燃料港,航運及水運,
21389894,fuselage,機身,航運及水運,
21389895,general aviation airport,普通機場,航運及水運,
21389896,giving-way vessel,義務船；避讓船,航運及水運,
21389897,glide path station,滑降臺,航運及水運,
21389898,graving dock,乾[船]塢,航運及水運,
21389899,hangar marker,維護棚廠標記,航運及水運,
21389900,high-speed taxiway,快速滑行道,航運及水運,
21389901,holding apron,等待機坪,航運及水運,
21389902,holding line marker,等候線標記,航運及水運,
21389903,hopper barge,開底駁船,航運及水運,
21389904,ice free harbor,不凍港,航運及水運,
21389905,ice harbor,凍港,航運及水運,
21389906,industrial harbor,工業港；產業港,航運及水運,
21389907,inland harbor,內陸港,航運及水運,
21389908,instrument approach,儀器進場,航運及水運,
21389909,knot,節；每時浬,航運及水運,
21389910,landing direction indicator,降落方向指標,航運及水運,
21389911,landing interval,著陸間隔,航運及水運,
21389912,landing strip,起落地帶{機場},航運及水運,
21389913,landing strip marker,起降帶標記,航運及水運,
21389914,landmark beacon,地標信標,航運及水運,
21389915,lateral separation,左右隔離,航運及水運,
21389916,layout plan,布設計畫；配置計畫,航運及水運,
21389917,line traffic,定期航運,航運及水運,
21389918,loading and unloading apron,裝卸機坪,航運及水運,
21389919,localizer,左右定位臺,航運及水運,
21389920,long distance aid,長程助航設備,航運及水運,
21389921,long ton,長噸,航運及水運,
21389922,maintenance hangar,飛機維護棚廠,航運及水運,
21389923,marshaling yard,貨櫃匯集場,航運及水運,
21389924,maximum range,最大航程,航運及水運,
21389925,mixed cargo,混合貨物,航運及水運,
21389926,national flag,國籍旗,航運及水運,
21389927,nationality of aircraft,航空器國籍,航運及水運,
21389928,nautical mile,浬；海里,航運及水運,
21389929,navigation facility,航行設備,航運及水運,
21389930,non-precision instrument runway,非精確儀降跑道,航運及水運,
21389931,obstruction light,障礙標示燈光,航運及水運,
21389932,open coast,通航海岸,航運及水運,
21389933,open port,開放港,航運及水運,
21389934,open transit area,堆貨場,航運及水運,
21389935,open V-type runway,開口V形跑道,航運及水運,
21389936,overwater flight,越洋飛航,航運及水運,
21389937,package cargo,包裝貨,航運及水運,
21389938,packet boat,定期交通船,航運及水運,
21389939,particular cargo,特種貨物,航運及水運,
21389940,passenger aircraft,客運航機,航運及水運,
21389941,passenger liner,定期客船,航運及水運,
21389942,passenger load factor,載客率；客位利用率,航運及水運,
21389943,passenger-cargo ship,客貨船,航運及水運,
21389944,pay load,酬載重,航運及水運,
21389945,pier-satellite system,突出衛星式系統[停機坪],航運及水運,
21389946,pilot flag,引水旗號,航運及水運,
21389947,pilotage,引水；引水費｛水運｝；地標航行｛航空｝,航運及水運,
21389948,port of destination,目的港,航運及水運,
21389949,precision approach,精確進近,航運及水運,
21389950,precision instrument runway,精確儀降跑道,航運及水運,
21389951,preflight inspection,飛行前檢查,航運及水運,
21389952,primary surface of runway,跑道基本面,航運及水運,
21389953,prohibited area,禁[航]區,航運及水運,
21389954,radar beacon,雷達信標,航運及水運,
21389955,radar control area,雷達控制區域,航運及水運,
21389956,radio navigation aid,無線電助航設備,航運及水運,
21389957,railway pier,鐵路碼頭,航運及水運,
21389958,remote parking system,遠端停機系統,航運及水運,
21389959,river harbor,河港,航運及水運,
21389960,rules of seamanship,船舶駕駛規則,航運及水運,
21389961,rules of the road,航道規則,航運及水運,
21389962,runway,走道板{混凝土澆置用}；跑道{機場}；坡道,航運及水運,
21389963,runway capacity,跑道容量,航運及水運,
21389964,runway clear zone,跑道清除區,航運及水運,
21389965,runway edge light,跑道邊燈,航運及水運,
21389966,runway light,跑道燈,航運及水運,
21389967,runway numbering system,跑道編號方法,航運及水運,
21389968,runway orientation,跑道方位,航運及水運,
21389969,runway system,跑道系統,航運及水運,
21389970,runway visual range,跑道視程,航運及水運,
21389971,runway-end identifier light,跑道末端標示燈,航運及水運,
21389972,sailing direction,航行指南,航運及水運,
21389973,satellite system,衛星式系統[停機坪],航運及水運,
21389974,scheduled airline,定期航線,航運及水運,
21389975,seaplane,水上飛機,航運及水運,
21389976,self-unloading vessel,自動卸貨船,航運及水運,
21389977,separation minimum,隔離標準,航運及水運,
21389978,service apron,修護停機坪,航運及水運,
21389979,short distance aid,短程助航設備,航運及水運,
21389980,short ton,短噸,航運及水運,
21389981,silo,散裝筒倉,航運及水運,
21389982,sludge vessel,運泥船,航運及水運,
21389983,space allocation,倉位分配,航運及水運,
21389984,split finger system,分裂指狀式系統 [停機坪],航運及水運,
21389985,stacked storage system,堆疊儲放方式 {貨櫃},航運及水運,
21389986,stern breast rope,艉橫纜,航運及水運,
21389987,stopway,停止道；跑道餘道,航運及水運,
21389988,storm-warning signal station,風訊警報臺,航運及水運,
21389989,structural pavement,結構性鋪面,航運及水運,
21389990,takeoff strip,起飛地帶,航運及水運,
21389991,takeoff weight,起飛重量,航運及水運,
21389992,taxiway,滑行道,航運及水運,
21389993,taxiway light,滑行道燈,航運及水運,
21389994,terminal airspace,終站空域,航運及水運,
21389995,terminal area surveillance radar,終端地區搜索雷達,航運及水運,
21389996,terminal control area,終站管制區域,航運及水運,
21389997,threshold light,跑道末端燈,航運及水運,
21389998,threshold marker,跑道端標記,航運及水運,
21389999,through transportation,聯運,航運及水運,
21390000,time approach,定時進場,航運及水運,
21390001,touch-and-go operation,連續起降作業,航運及水運,
21390002,touchdown zone marker,落地區標記,航運及水運,
21390003,traffic pattern,航線型態；行車型態{環工},航運及水運,
21390004,traffic-control projector,航行管制信號燈,航運及水運,
21390005,train ferry,火車渡船,航運及水運,
21390006,transit cargo,過路貨,航運及水運,
21390007,transit port,轉運港；轉口港,航運及水運,
21390008,transit shed,通棧,航運及水運,
21390009,transitional surface,漸變面｛機場跑道｝,航運及水運,
21390010,vertical separation,垂直隔離,航運及水運,
21390011,VHF omni-directional radio range,超高頻多向導航臺,航運及水運,
21390012,visual aid,目視輔助設備,航運及水運,
21390013,visual contact approach,目視進場,航運及水運,
21390014,visual-approach slope indicator,目視滑降燈,航運及水運,
21390015,water transportation,水路運輸,航運及水運,
21390016,wind cone,風標,航運及水運,
21390017,wind coverage,風頻涵蓋率,航運及水運,
21390018,wind rose method,風頻圖法；風花圖法,航運及水運,
21390019,3-car unit,三車組,捷運,
21390020,access for firefighter,消防[員]通路；消防[員]通道,捷運,
21390021,accident prevention,事故預防,捷運,
21390022,active fault,活動斷層,捷運,
21390023,active tilting train,主動式傾斜列車,捷運,
21390024,activity code,作業碼,捷運,
21390025,actual point of frog,實際岔尖；岔心實際交點,捷運,
21390026,all-day service,全日[運輸]服務,捷運,
21390027,anchorage assembly,錨定組件,捷運,
21390028,angle of inclination,傾斜角度,捷運,
21390029,anti-climber,防爬器,捷運,
21390030,applied cant,選用超高；實置超高,捷運,
21390031,arbitration,仲裁,捷運,
21390032,arbitration agreement,仲裁協議,捷運,
21390033,arbitration clause,仲裁條款,捷運,
21390034,articulated bus,連結公車,捷運,
21390035,A-type right-of-way,A型路權；專用路權,捷運,
21390036,automated people mover (APM),自動運人系統,捷運,
21390037,automatic coupler,自動聯結器,捷運,
21390038,automatic fare collection (AFC),自動收費,捷運,
21390039,automatic route release,進路鎖定自動解除,捷運,
21390040,automatic sprinkle system,自動撒水系統,捷運,
21390041,automatic train supervision (ATS),自動列車監督,捷運,
21390042,availability demonstration,可用度展示,捷運,
21390043,backfill grouting,背填灌漿；回填灌漿,捷運,
21390044,ballast track,道碴軌道,捷運,
21390045,ballast work,道碴作業,捷運,
21390046,ballastless track,無道碴軌道,捷運,
21390047,baseplate,[鋼軌]基鈑,捷運,
21390048,bearing plate,支承鈑,捷運,
21390049,beginning of curve,曲線起點,捷運,
21390050,beginning of vertical curve,豎曲線起點,捷運,
21390051,benefit assessment,受益評估；效益評估,捷運,
21390052,bi-directional ventilation,雙向通風,捷運,
21390053,bike-and-ride,自行車轉乘,捷運,
21390054,blended brake,混合煞車,捷運,
21390055,bored tunnel,鑽掘隧道,捷運,
21390056,bored tunneling method,鑽掘隧道工法,捷運,
21390057,brake caliper,煞車鉗,捷運,
21390058,bridging slab,跨接版{明挖與潛遁交接的版子},捷運,
21390059,B-type right-of-way,B型路權；部分專用路權,捷運,
21390060,building protection,建物保護,捷運,
21390061,build-transfer (BT),興建-移轉,捷運,
21390062,bus lane,公車[專用]道,捷運,
21390063,bus rapid transit (BRT),公車捷運系統,捷運,
21390064,bus street,公車專用街道,捷運,
21390065,busway,公車專用道路,捷運,
21390066,cab,駕駛室{鐵路列車},捷運,
21390067,cable car,纜車,捷運,
21390068,car washing plant,車廂清洗廠,捷運,
21390069,carpool,汽車共乘,捷運,
21390070,cash box,現金盒,捷運,
21390071,catch basin,沉砂池,捷運,
21390072,circular curve,圓曲線,捷運,
21390073,civil speed limit,土建速限；軌道速限,捷運,
21390074,clip insulator,扣夾絕緣墊片,捷運,
21390075,closed circuit television (CCTV),閉路電視,捷運,
21390076,coasting,[惰力]滑行{鐵路},捷運,
21390077,coefficient of derailment,出軌係數,捷運,
21390078,coin box,硬幣盒,捷運,
21390079,color position light signal,色燈位置號誌；色燈列式號誌,捷運,
21390080,commissioning program plan,[承商]施作計畫,捷運,
21390081,communication and signaling equipment room,通訊與號誌設備室,捷運,
21390082,communication based train control (CBTC),通訊式列車控制系統,捷運,
21390083,commuter rail,通勤鐵路,捷運,
21390084,commuter service,通勤[運輸]服務,捷運,
21390085,compound curve,複曲線,捷運,
21390086,conceptual design review (CDR),概念設計審查,捷運,
21390087,conductor rail envelope,導電軌包絡線,捷運,
21390088,construction joint,施工縫,捷運,
21390089,contraflow bus lane (CBL),逆向公車專用道,捷運,
21390090,corridor,路廊{運輸規劃}；廊道{捷運土建},捷運,
21390091,corridor study,路廊研究,捷運,
21390092,corrugation,波狀磨耗,捷運,
21390093,cost breakdown,成本結構分析；成本拆解；單價分析,捷運,
21390094,crash wall,防撞[隔]牆,捷運,
21390095,criteria of environmental sound level,環境音量標準,捷運,
21390096,cross passage,連絡通道{隧道},捷運,
21390097,crown,頂拱,捷運,
21390098,C-type right-of-way,C型路權；混合路權,捷運,
21390099,current collecting device,集電裝置,捷運,
21390100,current collector,集電靴,捷運,
21390101,curve marker,曲線標識,捷運,
21390102,curve post,曲線標識,捷運,
21390103,cut and cover tunnel,明挖覆蓋隧道,捷運,
21390104,cut and cover tunneling method,明挖覆蓋隧道工法,捷運,
21390105,damper,阻尼器；減震器；擋板,捷運,
21390106,daylight,出土段{地下隧道}；出露；晝光{建築},捷運,
21390107,dead-end platform,末軌式月台,捷運,
21390108,demand-responsive transit system (DRTS),需求反應式客運系統,捷運,
21390109,depot connection line,機廠進出線,捷運,
21390110,depreciation cost,折舊成本,捷運,
21390111,design alternative study,設計替代方案研究,捷運,
21390112,design lot,設計區段,捷運,
21390113,design year,設計目標年,捷運,
21390114,diamond crossing,菱形交叉{軌道},捷運,
21390115,diesel hydraulic locomotive,柴液式機車,捷運,
21390116,direct fixation rail fastener,無道碴道床鋼軌扣件,捷運,
21390117,direct fixation track,無道碴[直接固結]軌道,捷運,
21390118,direct line telephone system (DLTS),直通電話系統,捷運,
21390119,door open indicator light,門開指示燈,捷運,
21390120,double crossover,雙橫渡線；交叉橫渡線,捷運,
21390121,double-deck railcar,雙層鐵路車廂,捷運,
21390122,double-stack train (DST),雙層貨櫃列車,捷運,
21390123,down time,故障時間,捷運,
21390124,downtown people mover (DPM),市區運人系統,捷運,
21390125,driving motor car,駕駛室動力車,捷運,
21390126,dual-mode bus,雙用公車,捷運,
21390127,dynamic acceptance test,動態驗收測試,捷運,
21390128,earth dump site,土資場,捷運,
21390129,earthing switch,接地開關,捷運,
21390130,elastomeric bearing pad,彈性支承墊,捷運,
21390131,electrical and mechanical systemwide test,機電系統測試,捷運,
21390132,electronic toll,電子道路收費,捷運,
21390133,electro-pneumatic brake,電氣煞車,捷運,
21390134,elevated section,高架段,捷運,
21390135,embedded track,嵌入式軌道,捷運,
21390136,emergency exit,緊急出口,捷運,
21390137,emergency platform door,緊急月台[逃生]門,捷運,
21390138,emergency plunger (EP),緊急停車按鈕,捷運,
21390139,end door,[月台]端門,捷運,
21390140,end wall,端牆,捷運,
21390141,engineering car,工程車,捷運,
21390142,environmental control system,環境控制系統,捷運,
21390143,environmental impact assessment (EIA),環境衝擊評估；環境影響評估,捷運,
21390144,equilibrium cant,平衡超高,捷運,
21390145,escape route,逃生路徑,捷運,
21390146,excess cant,過超高,捷運,
21390147,exclusive right-of-way,專用路權,捷運,
21390148,express service,快速[運輸]服務,捷運,
21390149,facing movement,面向岔尖行駛,捷運,
21390150,failure diagnosis,故障診斷,捷運,
21390151,fare map,票價圖,捷運,
21390152,fault monitoring,故障監測,捷運,
21390153,final inspection & testing for revenue service,履勘,捷運,
21390154,fixed signal,固定號誌,捷運,
21390155,flange lubricator,輪緣潤滑器,捷運,
21390156,flangeway,輪緣槽,捷運,
21390157,flash butt welding,電阻火花對焊；閃電焊接,捷運,
21390158,flat car,平[板]車,捷運,
21390159,floating slab track (FST),浮動道床,捷運,
21390160,for-hire public transportation,租用公共運輸,捷運,
21390161,formal acceptance inspection,正式驗收檢查,捷運,
21390162,freezing method,冷凍工法,捷運,
21390163,friction brake,摩擦煞車,捷運,
21390164,full service brake,最大正常煞車,捷運,
21390165,full speed operation,全速運轉,捷運,
21390166,fully heated treatment,全斷面熱處理,捷運,
21390167,funicular railway,纜索鐵路,捷運,
21390168,gauge plate,軌距墊鈑,捷運,
21390169,gauge side,軌距側,捷運,
21390170,gondola,敞車；纜車；平底狹長小船,捷運,
21390171,gradient post,坡度標,捷運,
21390172,grinding machine,磨軌機,捷運,
21390173,grounding,接地,捷運,
21390174,guidance,指南；指引；指導,捷運,
21390175,guide wheel,導引輪,捷運,
21390176,hardware interface,硬體界面,捷運,
21390177,hazard category,危險分類,捷運,
21390178,head grouting,盾首灌漿,捷運,
21390179,head hardened rail,硬頭鋼軌；頭部熱處理鋼軌,捷運,
21390180,head rod,前尖軌拉桿,捷運,
21390181,head wall unit,前端牆單元,捷運,
21390182,heavy rail rapid transit (HRRT),重軌捷運,捷運,
21390183,high rail,高軌,捷運,
21390184,hopper car,斗車,捷運,
21390185,hot dip galvanizing,熱浸鍍鋅,捷運,
21390186,human factor engineering,人因工程,捷運,
21390187,initial acceptance inspection,初驗,捷運,
21390188,initial network,初期路網,捷運,
21390189,inside rail,內軌,捷運,
21390190,installation verification test,[捷運設備]安裝驗證測試,捷運,
21390191,insulated rail joint (IRJ),鋼軌絕緣接頭,捷運,
21390192,interface control,界面控制,捷運,
21390193,interface management,介面管理,捷運,
21390194,interface test,界面測試,捷運,
21390195,invert,仰拱,捷運,
21390196,irregular service,非常態[運輸]服務,捷運,
21390197,jitney,隨停式運輸,捷運,
21390198,lead curve,導曲線,捷運,
21390199,leaky coaxial cable (LCX),洩漏電纜,捷運,
21390200,life cycle cost analysis,生命週期成本分析,捷運,
21390201,Light rail transit (LRT),輕軌運輸系統,捷運,
21390202,line color,路線代表色,捷運,
21390203,line controller,[行控中心]路線控制員,捷運,
21390204,linear induction motor (LIM),線性感應馬達,捷運,
21390205,loop transit,環式運輸,捷運,
21390206,low rail,低軌,捷運,
21390207,lubrication system,[鋼軌]潤滑系統,捷運,
21390208,magnetic encoded ticket,磁性車票,捷運,
21390209,magnetic particle testing,磁粉探傷,捷運,
21390210,maintainability,可維修性,捷運,
21390211,maintainability demonstration,維修度展示,捷運,
21390212,maintainability demonstration test,維修度示範測試,捷運,
21390213,maintenance access,維修通道,捷運,
21390214,maintenance workshop,維修機廠,捷運,
21390215,manual mode,[捷運列車控制]手動模式,捷運,
21390216,married pair (MP),雙車組,捷運,
21390217,master key,萬能鑰匙,捷運,
21390218,maximum allowable speed,最高容許速率,捷運,
21390219,mean restoration time,平均復原時間,捷運,
21390220,mean time to repair (MTTR),平均修復時間,捷運,
21390221,medium-capacity rapid transit (MCRT),中運量捷運,捷運,
21390222,mixed platform,混合式月台,捷運,
21390223,mixed right-of-way,混合路權,捷運,
21390224,monorail,單軌；單軌鐵路,捷運,
21390225,motor car,動力車{捷運},捷運,
21390226,movable point frog,可動式岔心,捷運,
21390227,negligible hazard,可忽略危害,捷運,
21390228,network planning,路網規劃,捷運,
21390229,neutral temperature,[鋪軌]零應力溫度,捷運,
21390230,nighttime safeguarded waiting zone,夜間安全等候區,捷運,
21390231,obstruction detection,障礙物偵測,捷運,
21390232,one-way ticket,單程票,捷運,
21390233,on-line station,[主]線上車站,捷運,
21390234,on-train announcement system,列車廣播系統,捷運,
21390235,open gangway,開放式車間通道,捷運,
21390236,operating hazard analysis,運作危險分析,捷運,
21390237,operation mode,運行模式,捷運,
21390238,operation pattern,營運型態,捷運,
21390239,other track material (OTM),軌道雜項材料,捷運,
21390240,overhaul,車輛大修,捷運,
21390241,overhead catenary system,架空線供電系統,捷運,
21390242,parental care toilet,親子廁所,捷運,
21390243,parking brake,駐車煞車,捷運,
21390244,passenger agent 's office (PAO),旅客服務室,捷運,
21390245,passive tilting train,被動式傾斜列車,捷運,
21390246,peak-hour loading,尖峰小時承載量,捷運,
21390247,performance level,功能位階；功能等級,捷運,
21390248,personal rapid transit (PRT),個人捷運,捷運,
21390249,piston effect,活塞效應,捷運,
21390250,plinth,[軌道]基座,捷運,
21390251,plinth pad,基座版,捷運,
21390252,portable hoisting jack,移動式起重機,捷運,
21390253,power collector,集電靴,捷運,
21390254,power remote control (PRC),電力遙控系統,捷運,
21390255,power supply rail,供電軌,捷運,
21390256,power supply system,供電系統,捷運,
21390257,power supply unit (PSU),供電單元,捷運,
21390258,powered car,動力車廂,捷運,
21390259,precast concrete lining,預鑄混凝土環片{隧道},捷運,
21390260,preliminary inspection & testing for revenue service,初勘,捷運,
21390261,premium rail,耐磨鋼軌,捷運,
21390262,preventive action,預防措施,捷運,
21390263,preventive maintenance (PM),預防維修,捷運,
21390264,programmed station stopping,程式化車站停車,捷運,
21390265,public address (PA),廣播系統,捷運,
21390266,public transportation system,公共運輸系統,捷運,
21390267,rack railway,齒軌鐵路,捷運,
21390268,rail clip,鋼軌扣夾,捷運,
21390269,rail expansion joint,鋼軌伸縮接頭,捷運,
21390270,rail fastener,鋼軌扣件,捷運,
21390271,rail field side,鋼軌外側,捷運,
21390272,rail grinding,磨軌,捷運,
21390273,rail insulation,軌道絕緣,捷運,
21390274,rail lubricator,鋼軌潤滑裝置,捷運,
21390275,rail rapid transit (RRT),鋼軌捷運系統,捷運,
21390276,railcar,鐵路車輛,捷運,
21390277,rail-section gauge,軌條斷面測定器,捷運,
21390278,reception track,進場軌道；進廠軌道,捷運,
21390279,refrigerator car,冷藏車,捷運,
21390280,regional transit,區域運輸,捷運,
21390281,reserve fund,預備金,捷運,
21390282,restricted manual mode (RM),限速手動模式,捷運,
21390283,revenue service,收費營運,捷運,
21390284,revenue service reliability demonstration test,收費營運可靠度展現測試,捷運,
21390285,revenue service simulation test,收費營運模擬測試,捷運,
21390286,riding index,乘車[舒適]指數,捷運,
21390287,road-rail vehicle,公鐵路兩用車,捷運,
21390288,route assignment,路線指派,捷運,
21390289,rubber-tired rapid transit (RTRT),膠輪式捷運,捷運,
21390290,safety speed,安全速率,捷運,
21390291,seating capacity,座位數,捷運,
21390292,sectional service,區間營運,捷運,
21390293,semi-permanent coupler,半永久聯結器,捷運,
21390294,semirapid transit,半捷運,捷運,
21390295,service wagon,工作台車,捷運,
21390296,shim,填隙用木片或鐵片,捷運,
21390297,short-haul transit,短程運輸,捷運,
21390298,shuttle transit,往返運輸；接駁運輸,捷運,
21390299,side concourse,側式穿堂,捷運,
21390300,sidewalk,人行道,捷運,
21390301,single unit,單車組{捷運},捷運,
21390302,skip-stop service,跳站式停車服務,捷運,
21390303,sliding door,滑動門,捷運,
21390304,sliding door status indication,滑動門狀態指示,捷運,
21390305,special service,特別服務,捷運,
21390306,special track,特殊軌,捷運,
21390307,speed sensor,速率感應器；測速器,捷運,
21390308,spur,安全側線{捷運},捷運,
21390309,stabling track,駐車軌,捷運,
21390310,stabling yard,儲車場,捷運,
21390311,staging planning,分期規劃,捷運,
21390312,standard rail,標準[長度]鋼軌,捷運,
21390313,static envelope,靜態包絡線,捷運,
21390314,station connection,車站連通,捷運,
21390315,station substation (SSS),車站變電站,捷運,
21390316,station volume,車站旅運量,捷運,
21390317,steerable bogie,自導式轉向架,捷運,
21390318,stray current collector,雜散電流收集器,捷運,
21390319,street transit,路面公共運輸,捷運,
21390320,streetcar,有軌電車；街車；路面電車,捷運,
21390321,"structural, electrical and mechanical/combined service drawing (SEM/CSD)",土[建]機電圖,捷運,
21390322,swing nose frog,可動式岔心,捷運,
21390323,switch lever,轉轍器扳手,捷運,
21390324,system hazard analysis,系統危害分析,捷運,
21390325,system integration test,系統整合測試,捷運,
21390326,system safety program plan (SSPP),系統安全計畫書,捷運,
21390327,tamping machine,砸道機,捷運,
21390328,ticket reader,讀票機,捷運,
21390329,track maintenance vehicle,軌道維修車輛,捷運,
21390330,trackwork,軌道工作,捷運,
21390331,traction earth system,牽引接地系統{雜散電流收集系統},捷運,
21390332,traffic control communication system,行車控制通訊系統,捷運,
21390333,trailer car,拖車{鐵路},捷運,
21390334,train crew room,列車組員休息室,捷運,
21390335,train direction,車行方向,捷運,
21390336,train loading,列車承載量,捷運,
21390337,train registry system,列車註冊系統,捷運,
21390338,train stop marker,列車停車標,捷運,
21390339,train washer,列車清洗機,捷運,
21390340,training track,訓練用軌道,捷運,
21390341,transition section,漸變斷面；過渡段,捷運,
21390342,trolley pole,集電桿,捷運,
21390343,tunnel lining,隧道襯砌,捷運,
21390344,tunnel ventilation fan,隧道通風機,捷運,
21390345,turnback time,調頭時間；換向時間,捷運,
21390346,ultrasonic testing,超音波測試；超音波探傷{鋼軌},捷運,
21390347,under platform exhaust system,月台下方排風系統,捷運,
21390348,unmanned operation,無人運作,捷運,
21390349,watertight door,水密門,捷運,
21390350,wheel lathe,輪弧車床,捷運,
21390351,wheel lathing,車輪旋削,捷運,
21390352,wheel slide,車輪打滑,捷運,
21390353,wheel stop,阻輪器；止輪器；輪擋,捷運,
21390354,zonal service,分區[運輸]服務；區間行車,捷運,
21390355,absolute signal,絕對號誌,鐵路,
21390356,acceleration,加速[度]；趕工{營建},鐵路,
21390357,acceleration force,加速力,鐵路,
21390358,acceleration force curve,加速力曲線,鐵路,
21390359,acceleration resistance,加速阻力；加速度阻力,鐵路,
21390360,adhesion coefficient,黏著係數,鐵路,
21390361,adhesion railway,黏著式鐵路,鐵路,
21390362,adhesion tractive force,黏著牽引力,鐵路,
21390363,air resistance,空氣阻力,鐵路,
21390364,air spring,空氣彈簧,鐵路,
21390365,alignment,定線；線形,鐵路,
21390366,alternate joint,錯開式接頭,鐵路,
21390367,annual passing tonnage,年通過噸數,鐵路,
21390368,anti-creeper,[鐵路車廂]防爬器,鐵路,
21390369,anti-derailment [guard] rail,防脫護軌,鐵路,
21390370,approach indicator,[列車]接近指示器,鐵路,
21390371,approach lock,進路鎖定,鐵路,
21390372,arrival and departure track,到開線,鐵路,
21390373,arrival station,到達站,鐵路,
21390374,aspect,號誌時相{鐵路}；坡向{地形},鐵路,
21390375,at-grade station,地面站,鐵路,
21390376,audio-frequency track circuit,音頻軌道電路,鐵路,
21390377,automated guided transit (AGT),自動導引捷運,鐵路,
21390378,automatic block system (ABS),自動閉塞制,鐵路,
21390379,automatic fare collection system,自動收費系統,鐵路,
21390380,automatic gate (AG),自動驗票閘門,鐵路,
21390381,automatic route setting system (ARS),自動路線設定系統,鐵路,
21390382,automatic ticket machine,自動售票機,鐵路,
21390383,automatic train control (ATC),列車自動控制,鐵路,
21390384,automatic train operation device (ATO),自動列車運轉裝置,鐵路,
21390385,automatic train protection (ATP),列車自動保護,鐵路,
21390386,automatic train regulation (ATR),自動列車調整,鐵路,
21390387,automatic train stop (ATS),列車自動停車,鐵路,
21390388,auxiliary line,輔助路線,鐵路,
21390389,average speed,平均速率,鐵路,
21390390,axle,車軸,鐵路,
21390391,axle box,軸箱,鐵路,
21390392,axle counter,計軸器,鐵路,
21390393,axle load,軸重,鐵路,
21390394,backward,退行運轉,鐵路,
21390395,balanced speed,均衡速率,鐵路,
21390396,balise,地上感應器,鐵路,
21390397,ballast bed,道碴道床,鐵路,
21390398,ballast depth,道碴厚度,鐵路,
21390399,ballast mat,道碴墊,鐵路,
21390400,ballastless bed,無道碴道床,鐵路,
21390401,barrier-free elevator,無障礙電梯,鐵路,
21390402,barrier-free environment,無障礙環境,鐵路,
21390403,barrier-free facilities,無障礙設施,鐵路,
21390404,barrier-free ramp,無障礙坡道,鐵路,
21390405,basic transport plan,基本運輸計畫,鐵路,
21390406,bicycle rider rest area,自行車騎士休息區,鐵路,
21390407,bicycle supply station,自行車補給站,鐵路,
21390408,bi-direction operation,雙向運轉,鐵路,
21390409,block,閉塞區間｛鐵路｝；圖塊{CAD}；街廓,鐵路,
21390410,bogie,轉向架,鐵路,
21390411,bogie frame,轉向架框,鐵路,
21390412,bogie pivot,轉向架中心盤,鐵路,
21390413,bogie turntable,轉向架轉盤,鐵路,
21390414,brake,煞車；緊軔；制動,鐵路,
21390415,brake model,煞車模式,鐵路,
21390416,brake performance curve,煞車性能曲線,鐵路,
21390417,brake ratio,制動率,鐵路,
21390418,brake system,煞車系統；制軔系統,鐵路,
21390419,brake test equipment,煞車測試設備,鐵路,
21390420,brake van track,守車線,鐵路,
21390421,braking efficiency,制動效率；煞車效率,鐵路,
21390422,braking force,制動力；煞車力；緊軔力{制軔力},鐵路,
21390423,braking time,煞車時間,鐵路,
21390424,branch line,支線,鐵路,
21390425,buffer stop,止衝擋,鐵路,
21390426,bulk supply substation (BSS),主變電站,鐵路,
21390427,business line,營業線,鐵路,
21390428,cab signal,車載號誌,鐵路,
21390429,cab signal block system,車載號誌閉塞制,鐵路,
21390430,cant,斜傾,鐵路,
21390431,cant deficiency,超高不足[量],鐵路,
21390432,cant diminishing,超高遞減,鐵路,
21390433,car body,車體,鐵路,
21390434,car inspection and repair track,車廂檢修線群,鐵路,
21390435,car inspection track,檢車線,鐵路,
21390436,car repair track,修車線,鐵路,
21390437,car storage,儲車,鐵路,
21390438,car washing track,洗車線,鐵路,
21390439,car-kilometers,車輛公里,鐵路,
21390440,catenary breakdown,電車線故障,鐵路,
21390441,center platform,島式月台,鐵路,
21390442,center to center distance of the adjacent tracks,軌道中心距離,鐵路,
21390443,centralized vehicle control,集中式車輛控制,鐵路,
21390444,characteristic curve,特徵曲線,鐵路,
21390445,characteristic tractive force,特性牽引力,鐵路,
21390446,circle line,環狀線,鐵路,
21390447,city railway,都會區鐵路,鐵路,
21390448,class of passenger car,客車等級,鐵路,
21390449,classification of train,列車車種,鐵路,
21390450,clearance,淨空；淨距；消除,鐵路,
21390451,coach yard,客車調車場；客車場,鐵路,
21390452,coasting operation,惰力運行,鐵路,
21390453,command-type block system,指令式閉塞制,鐵路,
21390454,communication block system,通訊閉塞制,鐵路,
21390455,commuter line,通勤路線,鐵路,
21390456,complex marshalling yard,複式貨車調車場,鐵路,
21390457,compound catenary system,複合懸垂式供電系統；雙線吊架式供電系統,鐵路,
21390458,compressed air system,壓縮空氣系統,鐵路,
21390459,compromise rail,異形鋼軌,鐵路,
21390460,concourse,穿堂層,鐵路,
21390461,concrete bed,混凝土道床；無道碴道床,鐵路,
21390462,conflicting routes,衝突進路,鐵路,
21390463,consignment station,託運站,鐵路,
21390464,constant headway control,等時隔控制,鐵路,
21390465,contingency plan,應變計畫,鐵路,
21390466,continuous welded rail (CWR),長焊鋼軌,鐵路,
21390467,continuous welded rail carring car,長焊鋼軌運輸車,鐵路,
21390468,controlled manual block system,手控聯動閉塞制,鐵路,
21390469,conventional railway,傳統鐵路,鐵路,
21390470,coupler,續接器；連結器,鐵路,
21390471,coupling,耦合[效應]；偶合；連掛{鐵路},鐵路,
21390472,crashworthiness design,耐衝撞設計,鐵路,
21390473,crew scheduling & roastering,人員排程與指派,鐵路,
21390474,cross level,[軌道]水平高差,鐵路,
21390475,crossbond,跨接聯軌線,鐵路,
21390476,crossing,[軌道]交叉{交通}；框選{CAD}；教堂十字平面交叉處{建築},鐵路,
21390477,crossing obstruction detector,平交道障礙物偵測器,鐵路,
21390478,cross-platform transfer,跨月台轉乘,鐵路,
21390479,curve resistance,曲線阻力；彎道阻力,鐵路,
21390480,cyclic timetable,週期型班表,鐵路,
21390481,dark territory,無列車偵測區間；黑暗區間,鐵路,
21390482,DC track circuit,直流軌道電路,鐵路,
21390483,deceleration,減速[度],鐵路,
21390484,deficiency of superelevation,超高不足[量],鐵路,
21390485,demand forecasting,需求預測,鐵路,
21390486,departure platform,上車月台；出發月台,鐵路,
21390487,departure signal,出發號誌,鐵路,
21390488,departure station,始發站,鐵路,
21390489,departure time,發車時間,鐵路,
21390490,departure track,出發線,鐵路,
21390491,depot,機廠,鐵路,
21390492,derailer,脫軌器,鐵路,
21390493,derailment,脫軌,鐵路,
21390494,derailment coefficient,脫軌係數,鐵路,
21390495,detector rod,查轍桿,鐵路,
21390496,detour transportation,改道運輸,鐵路,
21390497,diesel electric locomotive,柴電機車,鐵路,
21390498,diesel locomotive,柴油機車,鐵路,
21390499,diesel refueling plant,柴油加油設施,鐵路,
21390500,diminishing of superelevation,超高遞減,鐵路,
21390501,directional operation,方向別運轉,鐵路,
21390502,dispatcher,調度員,鐵路,
21390503,dispatching center,綜合調度所,鐵路,
21390504,dispatching command,行車命令；調度指令,鐵路,
21390505,distance between stations,站間距離,鐵路,
21390506,distance signal,遠距號誌；預告號誌,鐵路,
21390507,diverging,岔出,鐵路,
21390508,double switch,雙動轉轍器,鐵路,
21390509,double track,複線,鐵路,
21390510,double track operation,複線運轉,鐵路,
21390511,downward line,下行線,鐵路,
21390512,draw-bar pull force,拉桿牽引力,鐵路,
21390513,drifting,惰力運行,鐵路,
21390514,driver,列車駕駛；司機員,鐵路,
21390515,driverless operation,無駕駛員運轉,鐵路,
21390516,dual gauge railway,雙軌距鐵路{複軌鐵路},鐵路,
21390517,dynamic brake,動態煞車；電軔,鐵路,
21390518,dynamic gauge,動態軌距,鐵路,
21390519,dynamic test,動態測試,鐵路,
21390520,eddy current braking system,渦電流煞車,鐵路,
21390521,effective tractive force,有效牽引力,鐵路,
21390522,efficiency of seat utilization,客座利用率,鐵路,
21390523,electric brake,電力煞車,鐵路,
21390524,electric locomotive,電力機車,鐵路,
21390525,electrical and mechanical work,機電工程,鐵路,
21390526,electrification rate,電化率,鐵路,
21390527,electrified railway,電化鐵路,鐵路,
21390528,electrified section,電化區間,鐵路,
21390529,electronic interlocking system,電子聯鎖系統,鐵路,
21390530,elevated railway,高架鐵路,鐵路,
21390531,elevated station,高架車站,鐵路,
21390532,emergency brake,緊急煞車,鐵路,
21390533,emergency response plan,緊急應變計畫,鐵路,
21390534,empty weight,空車重量,鐵路,
21390535,encoder,編碼器,鐵路,
21390536,end platform,端末月台,鐵路,
21390537,engine defect,機車故障,鐵路,
21390538,engine run-around track,機迴線,鐵路,
21390539,entrance gate,進口[驗票]閘門,鐵路,
21390540,entrance/exit,入/出口,鐵路,
21390541,entrance/exit track,進/出庫線；進/出場線,鐵路,
21390542,event tree analysis (ETA),事件樹分析,鐵路,
21390543,exit,出口,鐵路,
21390544,exit gate,出口[驗票]閘門,鐵路,
21390545,expansion adjusting rail,伸縮調整軌,鐵路,
21390546,expansion gap,伸縮縫；伸縮間距,鐵路,
21390547,expansion joint,伸縮縫；伸縮接頭{鐵路},鐵路,
21390548,extra train,臨時車次；加班車次,鐵路,
21390549,facing,面飾；上塗料,鐵路,
21390550,fail safe,失效自趨安全,鐵路,
21390551,failure,失效,鐵路,
21390552,"failure modes, effects and criticality analysis (FMECA)",失效模式、效應及關鍵性分析,鐵路,
21390553,"failure reporting, analysis and corrective action system (FRACAS)",失效報告、分析及改正措施系統,鐵路,
21390554,fastening,扣件{鐵路}；接合；接合件,鐵路,
21390555,fastening temperature,[鋼軌]鎖定溫度,鐵路,
21390556,fault tree analysis (FTA),故障樹分析,鐵路,
21390557,feeder bus,接駁公車,鐵路,
21390558,feeder mode,接駁運具,鐵路,
21390559,final inspection,履勘；最終檢驗,鐵路,
21390560,fish plate,魚尾板,鐵路,
21390561,fixed block system,固定閉塞制,鐵路,
21390562,flange,翼板；軸盤；凸緣；法蘭；輪緣{鐵路車輪},鐵路,
21390563,flat yard,平面調車場,鐵路,
21390564,fleeting control,列車跟隨控制,鐵路,
21390565,following train (FT),續行列車,鐵路,
21390566,forward,前行運轉{鐵路},鐵路,
21390567,fouling point,警衝標,鐵路,
21390568,franchising,特許經營,鐵路,
21390569,free area,非付費區,鐵路,
21390570,freight line,貨運線,鐵路,
21390571,frog,表面凹陷；岔心{鐵路},鐵路,
21390572,front rod,尖端連接桿,鐵路,
21390573,gangway,車間通道{鐵路},鐵路,
21390574,gauge widening,軌距加寬,鐵路,
21390575,gear ratio,齒輪比,鐵路,
21390576,glued insulation joint,膠接絕緣接頭,鐵路,
21390577,grade resistance,坡度阻力,鐵路,
21390578,grade separated crossing,立體交叉,鐵路,
21390579,gradient,坡度；梯度,鐵路,
21390580,gravity yard,重力調車場,鐵路,
21390581,guard rail,護軌,鐵路,
21390582,hand brake,手動煞車,鐵路,
21390583,hand signal,手作號誌,鐵路,
21390584,hauling weight,牽引重量,鐵路,
21390585,hazard,危害；危險,鐵路,
21390586,hazard and operability study (HAZOP),危害與可操作性分析,鐵路,
21390587,head-on collision,正面衝撞；正面碰撞；對撞,鐵路,
21390588,headway,間距｛車流｝；班距 {鐵路、公車},鐵路,
21390589,high speed,高速,鐵路,
21390590,high speed rail,高速鐵路,鐵路,
21390591,home signal,進站號誌,鐵路,
21390592,hump yard,駝峰調車場,鐵路,
21390593,hunting,蛇行運動{鐵路},鐵路,
21390594,idle running distance,列車煞車反應距離；空走距離,鐵路,
21390595,idle running time,列車煞車反應時間；空走時間,鐵路,
21390596,independent verification and validation (IV&V),獨立驗證與認證,鐵路,
21390597,industry railway,產業鐵路；專用鐵路,鐵路,
21390598,information office,服務台；詢問處,鐵路,
21390599,infrastructure plan,基礎設施計畫,鐵路,
21390600,inspection and repair shop,檢車段{鐵路},鐵路,
21390601,inspection pit,檢修坑,鐵路,
21390602,insulated joint,絕緣接頭,鐵路,
21390603,insulated track circuit,有絕緣軌道電路,鐵路,
21390604,intercity railway,城際鐵路,鐵路,
21390605,interlocked manual block system,手控聯鎖閉塞制,鐵路,
21390606,interlocking,聯鎖,鐵路,
21390607,interlocking device,聯鎖裝置,鐵路,
21390608,intermediate station,中間站,鐵路,
21390609,intermodal transportation,複合運輸,鐵路,
21390610,International Union of Railways (UIC),國際鐵路聯盟,鐵路,
21390611,island platform,島式站台；島式月台,鐵路,
21390612,jerk,加速度之時變量；急衝度；抖動；脈衝度,鐵路,
21390613,joint bar,魚尾鈑{鐵路},鐵路,
21390614,journey time,旅行時間,鐵路,
21390615,junction station,分歧站；會合站,鐵路,
21390616,kinematic envelope,動態包絡線,鐵路,
21390617,ladder track,梯形線,鐵路,
21390618,lead track,[調車]拖上線,鐵路,
21390619,leading train,先行列車,鐵路,
21390620,leakage cable,漏波電纜,鐵路,
21390621,level crossing accident,平交道事故,鐵路,
21390622,level crossing alarm,平交道警報器,鐵路,
21390623,level crossing barrier,平交道遮斷器,鐵路,
21390624,level crossing protection,平交道保安裝置,鐵路,
21390625,light rail rapid transit (LRRT),輕軌捷運,鐵路,
21390626,light running,單機車頭運轉,鐵路,
21390627,line,[鐵路]路線,鐵路,
21390628,line operation,路線別運轉,鐵路,
21390629,load curve,載重曲線,鐵路,
21390630,load factor,承載率｛交通｝；載客率{交通}；載重因素｛結構｝,鐵路,
21390631,loading and unloading track,裝卸線,鐵路,
21390632,loading gauge,[軌道]車輛斷面界限,鐵路,
21390633,local control panel,就地控制盤,鐵路,
21390634,local railway,地方營鐵路{地方鐵路},鐵路,
21390635,lock rod,鎖定桿,鐵路,
21390636,locking,鎖定,鐵路,
21390637,locomotive,[軌道]機車,鐵路,
21390638,locomotive turntable,機車轉盤,鐵路,
21390639,long distance operation,長程運轉,鐵路,
21390640,longitudinal level,[軌道]縱向高差,鐵路,
21390641,loose brake,鬆軔,鐵路,
21390642,magnetic levitation (maglev),磁浮；磁浮列車,鐵路,
21390643,main line,正線；主線；幹線,鐵路,
21390644,main track,正線；主線；幹線,鐵路,
21390645,maintenance depot,維修基地,鐵路,
21390646,maintenance plan,維修計畫,鐵路,
21390647,make-up station,編組站,鐵路,
21390648,make-up track,編組線,鐵路,
21390649,manual block system,人工閉塞制,鐵路,
21390650,marshalling,調車,鐵路,
21390651,marshalling yard,貨車調車場；貨車場,鐵路,
21390652,marshalling yard with pass-through main tracks,正線貫通式貨車場,鐵路,
21390653,marshalling yard with run-around main tracks,正線環抱式貨車場,鐵路,
21390654,marshlling yard with lateral main tracks,正線偏側式貨車場,鐵路,
21390655,mass rapid transit (MRT),大眾捷運,鐵路,
21390656,master conductor,列車長,鐵路,
21390657,maximum load section (MLS),最大運量區間,鐵路,
21390658,maximum loading rate,最大承載率,鐵路,
21390659,maximum speed,最高速率,鐵路,
21390660,mechanical brake,機械煞車,鐵路,
21390661,mechanical interlocking system,機械聯鎖系統,鐵路,
21390662,meeting station,交會站,鐵路,
21390663,messenger system,[權宜行車]傳令系統,鐵路,
21390664,metro,都會區鐵路,鐵路,
21390665,metropolitan railway,都會區鐵路,鐵路,
21390666,minimum curve radius,最小曲線半徑,鐵路,
21390667,minimum headway,最小時隔；最小間距,鐵路,
21390668,mixed line,客貨兩用線,鐵路,
21390669,monorail rapid transit,單軌捷運,鐵路,
21390670,mortor torque,馬達扭力,鐵路,
21390671,motive power car,動力車,鐵路,
21390672,motor/trailer ratio,動力車/拖車比,鐵路,
21390673,moving block system,移動閉塞制,鐵路,
21390674,mud-pumping,[道碴]噴泥,鐵路,
21390675,multiple track,複線,鐵路,
21390676,multiple track rate,複線率,鐵路,
21390677,narrow gauge railway,窄軌鐵路,鐵路,
21390678,national railway,國營鐵路,鐵路,
21390679,neutral section,[軌道供電]中性區間,鐵路,
21390680,nighttime female waiting area,夜間婦女候車區,鐵路,
21390681,non-adhesion railway,非黏著式鐵路,鐵路,
21390682,non-block operation,非閉塞運轉,鐵路,
21390683,non-electrified section,非電化區間,鐵路,
21390684,non-insulated track circuit,無絕緣軌道電路,鐵路,
21390685,normal lock,定位鎖定,鐵路,
21390686,normal operation,前行運轉,鐵路,
21390687,notching curve,[引擎牽引力]段位曲線,鐵路,
21390688,number of cars in terms of 10-ton load,換算十噸車數,鐵路,
21390689,number of rotations,[牽引馬達]轉數,鐵路,
21390690,number of tonnage in terms of a specific weight,換算[特定重量]噸數,鐵路,
21390691,number of train,列車組數,鐵路,
21390692,on job training (OJT),在職訓練,鐵路,
21390693,on time,[列車]準點,鐵路,
21390694,one side platform,單側月台,鐵路,
21390695,on-time operation,準點運轉,鐵路,
21390696,on-time percentage,[列車]準點率,鐵路,
21390697,open line,[站間]開放行車線,鐵路,
21390698,operating mileage,營業里程,鐵路,
21390699,operating section,行車區間,鐵路,
21390700,operation adjustment,運轉整理；運轉調整,鐵路,
21390701,operation control center (OCC),行控中心,鐵路,
21390702,operation facility,營運設施,鐵路,
21390703,operation plan,營運計畫,鐵路,
21390704,operation speed,運轉速率；行駛速率,鐵路,
21390705,operational accident rate,行車事故率,鐵路,
21390706,opposite joint,對接式接頭,鐵路,
21390707,opposite train,對向列車,鐵路,
21390708,outside rail,[曲線]外軌,鐵路,
21390709,overhead catenary system (OCS),架空線系統,鐵路,
21390710,overrun,冒進[號誌]；冒進[區間],鐵路,
21390711,paid area,付費區,鐵路,
21390712,pantograph,集電弓；縮放儀,鐵路,
21390713,parallel diagram,平行列車運行圖,鐵路,
21390714,passage,通道,鐵路,
21390715,passenger agent (PA),站務員,鐵路,
21390716,passenger agent office (PAO),站務室,鐵路,
21390717,passenger car scheduling,客車排班,鐵路,
21390718,passenger information display system (PIDS),旅客資訊顯示系統,鐵路,
21390719,passenger line,客運線,鐵路,
21390720,passenger-car-kilometers,客車公里,鐵路,
21390721,passenger-kilometers,延人公里,鐵路,
21390722,passing tonnage,通過噸數,鐵路,
21390723,peak hour,尖峰小時,鐵路,
21390724,peak hour volume,尖峰小時運量,鐵路,
21390725,peak period,尖峰期間,鐵路,
21390726,pedestrian walk,人行道,鐵路,
21390727,permanent way,鐵路路線,鐵路,
21390728,permissive signal,權宜號誌,鐵路,
21390729,permissive speed,容許速率,鐵路,
21390730,pilot block system,嚮導閉塞制,鐵路,
21390731,pilot communication block system,嚮導通訊閉塞制,鐵路,
21390732,pilot with time interval system,嚮導隔時法,鐵路,
21390733,piloting operation,[號誌]引導運轉,鐵路,
21390734,platform,載台；平台；月台,鐵路,
21390735,platform cross passage,月台連絡通道,鐵路,
21390736,platform door,月台門,鐵路,
21390737,platform emergency stop plunger,月台緊急停車裝置,鐵路,
21390738,platform end door,月台端門,鐵路,
21390739,platform fence,月台柵欄,鐵路,
21390740,platform level,月台層,鐵路,
21390741,platform monitor (PM),月台監視器,鐵路,
21390742,platform screen door (PSD),月台門,鐵路,
21390743,platform shed,月台遮棚,鐵路,
21390744,pocket track,袋狀軌；中央避車線,鐵路,
21390745,point rail,尖軌,鐵路,
21390746,position light signal,燈列式號誌,鐵路,
21390747,power car,動力車,鐵路,
21390748,powering operation,動力運行,鐵路,
21390749,preceding train,先行列車,鐵路,
21390750,pre-stressed concrete sleeper,預力混凝土枕,鐵路,
21390751,primary suspension system,主懸承系統,鐵路,
21390752,private railway,民營鐵路；私有鐵道,鐵路,
21390753,public address system (PA),大眾廣播系統,鐵路,
21390754,public area,公共區,鐵路,
21390755,public railway,公用鐵路,鐵路,
21390756,punctuality,[列車]準點,鐵路,
21390757,push-pull operation,推拉式運轉,鐵路,
21390758,quadruple track,雙複線,鐵路,
21390759,radio base station,無線電基地台,鐵路,
21390760,radio system,無線電系統,鐵路,
21390761,radio-based block system,通訊閉塞制,鐵路,
21390762,rail anchor,鋼軌防爬器,鐵路,
21390763,rail bonding wire,鋼軌聯軌線,鐵路,
21390764,rail brace,軌撐,鐵路,
21390765,rail failure,鋼軌損傷,鐵路,
21390766,rail guard,排障器,鐵路,
21390767,rail spike,鋼軌道釘,鐵路,
21390768,rail wear,鋼軌磨耗,鐵路,
21390769,rail-defect detector,鋼軌探傷車,鐵路,
21390770,railway,鐵路；鐵道,鐵路,
21390771,railway accident,鐵路事故,鐵路,
21390772,railway act,鐵路法,鐵路,
21390773,railway operator,鐵路營運機構,鐵路,
21390774,raking collision,列車邊撞,鐵路,
21390775,rear-end collision,追撞,鐵路,
21390776,recommended speed,建議速率,鐵路,
21390777,regenerative braking system,再生[電力]煞車,鐵路,
21390778,regular running time,正規運轉時間,鐵路,
21390779,regular train,正規車班,鐵路,
21390780,relay interlocking system,繼電聯鎖系統,鐵路,
21390781,remarshalling line,重編線,鐵路,
21390782,repeater of starting signal,複置出發號誌,鐵路,
21390783,rerailing device,復軌器,鐵路,
21390784,rescheduling,改點；重新排班,鐵路,
21390785,reserved car,備用車,鐵路,
21390786,restricted speed,限制速率,鐵路,
21390787,revenue service time (RST),營業時間,鐵路,
21390788,reverse curve,反[向]曲線,鐵路,
21390789,reverse operation,退行運轉；倒車運轉,鐵路,
21390790,reverse position,[道岔]反位,鐵路,
21390791,reverse running,逆向運轉,鐵路,
21390792,reversing siding,折返[側]線,鐵路,
21390793,reversing triangle,[轉向]三角線,鐵路,
21390794,ride quality,搭乘品質,鐵路,
21390795,ridership,載客量,鐵路,
21390796,risk,風險,鐵路,
21390797,rolling stock,軌道車輛 {集合名詞},鐵路,
21390798,rolling stock and crew utilization plan,車輛與人員運用計畫{鐵路},鐵路,
21390799,rolling stock depot,機廠；車輛基地,鐵路,
21390800,rolling stock plan,車輛計畫,鐵路,
21390801,route,路線,鐵路,
21390802,route authorization,路線授權,鐵路,
21390803,route cancel,路線取消,鐵路,
21390804,route indicator,路線指示牌｛公路｝；進路指示器｛鐵路｝,鐵路,
21390805,route planning,路線規劃,鐵路,
21390806,route release,路線解鎖,鐵路,
21390807,route selection,選線,鐵路,
21390808,route signal,進路號誌,鐵路,
21390809,run away,溜逸{鐵路},鐵路,
21390810,run into wrong line,進入錯線,鐵路,
21390811,running direction,行車方向,鐵路,
21390812,running resistance,行駛阻力,鐵路,
21390813,running surface of rail,鋼軌踏面,鐵路,
21390814,safety case,安全檔案,鐵路,
21390815,safety integrity level (SIL),安全完整度等級,鐵路,
21390816,safety siding,安全側線,鐵路,
21390817,same platform transfer,同月台轉乘,鐵路,
21390818,sanding,砂磨；撒砂,鐵路,
21390819,schedule speed,表定速率,鐵路,
21390820,schedule time,表定時間,鐵路,
21390821,scissors crossover,剪式橫渡線；交叉橫渡線,鐵路,
21390822,scotch block,止車楔；阻輪器,鐵路,
21390823,seamless transfer,無縫轉乘,鐵路,
21390824,searchlight signal,單燈式號誌,鐵路,
21390825,seat arrangement,座位配置,鐵路,
21390826,seating and standing capacity,載客容量,鐵路,
21390827,secondary suspension system,次懸承系統,鐵路,
21390828,section insulator,區間絕緣器,鐵路,
21390829,section traffic volume,區間運量,鐵路,
21390830,sectional route lock,分段路線鎖定,鐵路,
21390831,semaphore signal,臂[木]式號誌；揚旗號誌,鐵路,
21390832,service area,服務地區；服務圈,鐵路,
21390833,service brake,常態制動,鐵路,
21390834,service suspension,停駛,鐵路,
21390835,service time,營運時間,鐵路,
21390836,short distance operation,短程運轉,鐵路,
21390837,shunting,調車,鐵路,
21390838,shunting signal,調車號誌,鐵路,
21390839,shunting yard,[鐵路]貨車調車場；[鐵路]貨車場,鐵路,
21390840,shuttle service,往復運轉,鐵路,
21390841,side collision,側面衝撞,鐵路,
21390842,side platform,側式月台,鐵路,
21390843,siding,外牆板{建築}；側線{鐵路},鐵路,
21390844,sight distance,視距,鐵路,
21390845,signal,號誌；號誌機,鐵路,
21390846,signal breakdown,號誌故障,鐵路,
21390847,signal relay,號誌繼電器,鐵路,
21390848,signal station,號誌站,鐵路,
21390849,simple catenary system,單純懸垂式,鐵路,
21390850,simple marshalling yard,單式[貨車]調車場,鐵路,
21390851,simple station,簡易站,鐵路,
21390852,single driver operation,單人運轉,鐵路,
21390853,single switch,單動轉轍器,鐵路,
21390854,single track,單線,鐵路,
21390855,single track operation,單線運轉,鐵路,
21390856,skid,滑走；滑行,鐵路,
21390857,slab track,版式軌道,鐵路,
21390858,slip,空轉；滑脫；滑移,鐵路,
21390859,sloping ramp,斜坡道,鐵路,
21390860,slow operation,慢行運轉,鐵路,
21390861,space interval system,隔地制,鐵路,
21390862,spacing,列車間隔,鐵路,
21390863,speed limit,速限,鐵路,
21390864,speed signal,速率號誌,鐵路,
21390865,speed up,提速；加速,鐵路,
21390866,stacked platform,疊式月台,鐵路,
21390867,staffless station,無人車站；招呼站{傳統鐵路},鐵路,
21390868,standard gauge railway,標準軌鐵路,鐵路,
21390869,standard length rail,定尺鋼軌,鐵路,
21390870,starting resistance,出發阻力；起動阻力,鐵路,
21390871,starting signal,出發號誌,鐵路,
21390872,starting tractive force,起動牽引力,鐵路,
21390873,static gauge,靜態軌距,鐵路,
21390874,static test,靜態測試,鐵路,
21390875,station,車站,鐵路,
21390876,station area,車站專用區；站區,鐵路,
21390877,station area development,站區開發,鐵路,
21390878,station building,車站大樓；站屋,鐵路,
21390879,station crew,站務員,鐵路,
21390880,station master,站長,鐵路,
21390881,station spacing,車站間距,鐵路,
21390882,steam locomotive,蒸汽機車,鐵路,
21390883,steepest gradient,最陡坡度,鐵路,
21390884,stick lock,延遲解鎖鎖定,鐵路,
21390885,stock rail,道岔主軌,鐵路,
21390886,stopping order,停車指令,鐵路,
21390887,storage track,儲車軌,鐵路,
21390888,stub track,止衝擋線；止衝擋軌道,鐵路,
21390889,stub type station,端末式車站,鐵路,
21390890,sub-ballast,底層道碴,鐵路,
21390891,subsidiary business,附屬事業,鐵路,
21390892,subsidiary signal,從屬號誌,鐵路,
21390893,substation,變電站,鐵路,
21390894,superelevation,超高{鐵路}；超高度{公路},鐵路,
21390895,supported joint,托接式接頭,鐵路,
21390896,surveillance camera system,監視系統,鐵路,
21390897,suspended joint,懸接式接頭,鐵路,
21390898,suspended line,中斷路線,鐵路,
21390899,sustainable development,永續發展,鐵路,
21390900,sustainable transportation,永續運輸,鐵路,
21390901,switch angle,岔心角；轍叉角,鐵路,
21390902,switch indicator,轉轍器標誌,鐵路,
21390903,switch machine,電動轉轍器,鐵路,
21390904,switch rail,轉轍軌；道岔尖軌,鐵路,
21390905,switch rod,轉轍拉桿,鐵路,
21390906,switch sleeper,岔枕,鐵路,
21390907,system assurance,系統保證,鐵路,
21390908,system availability,系統妥善率；系統可用率,鐵路,
21390909,system maintainability,系統維護度,鐵路,
21390910,system safety,系統安全,鐵路,
21390911,tablet instrument block system,電氣路牌閉塞制,鐵路,
21390912,tare weight,淨車重量；空車重量,鐵路,
21390913,target distance,目標距離,鐵路,
21390914,target speed,目標速率,鐵路,
21390915,technical running time,技術運轉時間；最小運轉時間,鐵路,
21390916,temporary signal,臨時號誌,鐵路,
21390917,temporary station,臨時站,鐵路,
21390918,temporary stop,臨時停車,鐵路,
21390919,terminal station,終端站；終點站,鐵路,
21390920,terrestrial trunked radio (TETRA),數位多頻道中繼無線電系統,鐵路,
21390921,test track,試車線,鐵路,
21390922,thermite welding,熱劑銲接,鐵路,
21390923,third rail,第三軌,鐵路,
21390924,three-aspect signal,三位式號誌,鐵路,
21390925,through track,通過線,鐵路,
21390926,through type station,通過式車站,鐵路,
21390927,throwing of switch under cars,車底轉轍,鐵路,
21390928,ticket office,售票區,鐵路,
21390929,tie,箍筋{柱採用}；拉桿{壓拉桿採用}；軌枕,鐵路,
21390930,tie plate,軌枕墊板；繫板,鐵路,
21390931,tilting train,傾斜式列車,鐵路,
21390932,time interval system,隔時制,鐵路,
21390933,time lock,時間鎖定,鐵路,
21390934,timetable,班次時刻表；行車時刻表,鐵路,
21390935,timetable recovery,時刻表回正,鐵路,
21390936,tongue rail,轍尖軌,鐵路,
21390937,tonnage rating,牽引[重量]定數,鐵路,
21390938,tour guide center,旅遊服務中心,鐵路,
21390939,track,軌道,鐵路,
21390940,track bed,道床,鐵路,
21390941,track circuit,軌道電路,鐵路,
21390942,track irregularity,軌道不整,鐵路,
21390943,track layout,軌道配置,鐵路,
21390944,track lifting,起軌；軌道抬升,鐵路,
21390945,track occupancy diagram,站內軌道使用圖,鐵路,
21390946,track skeleton,軌框,鐵路,
21390947,track switching,軌道切換,鐵路,
21390948,trackslab-mat,軌道版墊,鐵路,
21390949,traction supply substation (TSS),牽引動力變電站,鐵路,
21390950,traction system,牽引驅動系統,鐵路,
21390951,tractive effort,牽引力,鐵路,
21390952,tractive force,牽引力,鐵路,
21390953,traffic demand,交通需求,鐵路,
21390954,traffic direction,行車方向,鐵路,
21390955,trailer,拖車；無動力車輛,鐵路,
21390956,trailing,背向[岔尖],鐵路,
21390957,train,列車,鐵路,
21390958,train accident,行車事故,鐵路,
21390959,train approach indicator for level crossing,平交道列車接近指示器,鐵路,
21390960,train attendant,列車乘務員,鐵路,
21390961,train collision,列車碰撞,鐵路,
21390962,train consist,列車編組,鐵路,
21390963,train crew,列車組員,鐵路,
21390964,train delay,列車延滯,鐵路,
21390965,train density,班次密度,鐵路,
21390966,train departure and arrival section,列車行駛區間,鐵路,
21390967,train fire,列車火災,鐵路,
21390968,train frequency,班次頻率,鐵路,
21390969,train information display system (TIDS),列車資訊顯示系統,鐵路,
21390970,train information system (TIS),列車資訊系統,鐵路,
21390971,train line (TL),列車控制訊號線,鐵路,
21390972,train load,列車載重,鐵路,
21390973,train make-up,列車編組,鐵路,
21390974,train number,列車碼,鐵路,
21390975,train operation,列車運轉,鐵路,
21390976,train operation control,列車運行管理,鐵路,
21390977,train operation plan,列車運轉計畫,鐵路,
21390978,train performance,列車績效,鐵路,
21390979,train performance diagram,列車運轉曲線圖,鐵路,
21390980,train preparation platform,列車整備月台,鐵路,
21390981,train preparation tracks,整備線群,鐵路,
21390982,train resistance,列車阻力,鐵路,
21390983,train scheduling,列車排點；列車排班,鐵路,
21390984,train separation,列車分離,鐵路,
21390985,train service plan,列車服務計畫,鐵路,
21390986,train service type,列車服務型式,鐵路,
21390987,train stop indicator,列車停車標誌,鐵路,
21390988,train timetabling,列車排點；列車排班,鐵路,
21390989,train traveler evacuation,列車旅客疏散,鐵路,
21390990,train unit,列車單元,鐵路,
21390991,train weight,列車重量,鐵路,
21390992,training program,訓練計畫,鐵路,
21390993,train-set,列車組,鐵路,
21390994,tramway,路面電車,鐵路,
21390995,transfer,轉乘,鐵路,
21390996,transfer at different platforms,不同月台轉乘,鐵路,
21390997,transfer facility,轉乘設施,鐵路,
21390998,transfer station,轉運站；中轉站,鐵路,
21390999,transfer table,遷車台,鐵路,
21391000,transfer track,轉換軌,鐵路,
21391001,transfer track zone,[列車]轉換軌道區,鐵路,
21391002,transition curve,介曲線；緩和曲線,鐵路,
21391003,transponder,應答器,鐵路,
21391004,transportation capacity,運輸能量；運輸容量,鐵路,
21391005,transportation efficiency,運輸效率,鐵路,
21391006,traveling time,旅行時間,鐵路,
21391007,trunk line,幹線,鐵路,
21391008,tunnel resistance,隧道阻力,鐵路,
21391009,turnback,列車回轉；列車調頭,鐵路,
21391010,turnback track,折返線,鐵路,
21391011,turnout,避讓車道｛公路｝；道岔｛鐵路},鐵路,
21391012,turnout angle,岔心角；轍叉角,鐵路,
21391013,turntable,旋轉台；轉車台；轉車盤,鐵路,
21391014,two-aspect signal,二位式號誌,鐵路,
21391015,ultrasonic detector,超音波檢測器；超音波探傷機{鐵路},鐵路,
21391016,uncoupling,去耦合{力學}；解耦合{力學}；摘解{鐵路}；脫鉤{鐵路},鐵路,
21391017,underground station,地下站,鐵路,
21391018,universal design,通用設計,鐵路,
21391019,unladen weight,空車重量,鐵路,
21391020,unpaid area,非付費區,鐵路,
21391021,upward line,上行線,鐵路,
21391022,urban railway,都會區鐵路,鐵路,
21391023,variation plan,[因應需求]變動計畫,鐵路,
21391024,vehicle defect,車輛缺失故障,鐵路,
21391025,ventilation and air-conditioning apparatus,通風與空調裝置,鐵路,
21391026,vertical curve,豎曲線,鐵路,
21391027,vestibule diaphragm,風擋,鐵路,
21391028,vital circuit,維生電路,鐵路,
21391029,vital relay,維生繼電器,鐵路,
21391030,waiting for section clear,等候清道,鐵路,
21391031,waiting hall,候車大廳,鐵路,
21391032,waiting room,等候室；候車室,鐵路,
21391033,waiting station,待避站,鐵路,
21391034,waiting track,待避線,鐵路,
21391035,waiting train,待避列車,鐵路,
21391036,warehouse track,倉庫線,鐵路,
21391037,way out,出口,鐵路,
21391038,wayside fire,沿線火災,鐵路,
21391039,wayside marker,路側標誌,鐵路,
21391040,wheel detector,輪軸偵測器,鐵路,
21391041,wheel tread,車輪踏面,鐵路,
21391042,wheelbase,軸距,鐵路,
21391043,wide gauge railway,寬軌鐵路,鐵路,
21391044,wing rail,翼軌,鐵路,
21391045,wooden sleeper,木枕,鐵路,
21391046,workshop,機廠,鐵路,
21391047,wye track,[轉向]三角線,鐵路,
21391048,yard operation,車場內運轉,鐵路,
21391049,yard track,車場軌道,鐵路,
21391050,yaw-damper,抗搖擺減震器,鐵路,
