ID,英文名稱,中文名稱,圖片,語言,更新日期
3601615,Adamczyk,亞當契克,,波蘭,2018-11-20
3601616,Adamski,亞當斯基,,波蘭,2018-11-20
3601617,Andrzejewski,安傑耶夫斯基,,波蘭,2018-11-20
3601618,Baran,巴蘭　　,,波蘭,2018-11-20
3601619,Baranowski,巴拉諾夫斯基,,波蘭,2018-11-20
3601620,Barański,巴蘭斯基,,波蘭,2018-11-20
3601621,Bąk,彭克,,波蘭,2018-11-20
3601622,Bednarczyk,貝德納爾契克,,波蘭,2018-11-20
3601623,Bednarek,貝德納雷克,,波蘭,2018-11-20
3601624,Bednarski,貝德納爾斯基,,波蘭,2018-11-20
3601625,Bielecki,別雷茨基,,波蘭,2018-11-20
3601626,Błaszczyk,布瓦什契克,,波蘭,2018-11-20
3601627,Borkowski,波爾科夫斯基,,波蘭,2018-11-20
3601628,Borowski,波洛夫斯基,,波蘭,2018-11-20
3601629,Brzeziński,布熱津斯基,,波蘭,2018-11-20
3601630,Brzozowski,布若佐夫斯基,,波蘭,2018-11-20
3601631,Bukowski,布科夫斯基,,波蘭,2018-11-20
3601632,Chmielewski,赫米耶雷夫斯基,,波蘭,2018-11-20
3601633,Chojnacki,霍伊納茨基,,波蘭,2018-11-20
3601634,Chrzanowski,赫沙諾夫斯基,,波蘭,2018-11-20
3601635,Ciesielski,切歇爾斯基,,波蘭,2018-11-20
3601636,Cieślak,切希拉克,,波蘭,2018-11-20
3601637,Czajka,柴卡,,波蘭,2018-11-20
3601638,Czajkowski,柴科夫斯基,,波蘭,2018-11-20
3601639,Czarnecki,察爾涅茨基,,波蘭,2018-11-20
3601640,Czech,切赫,,波蘭,2018-11-20
3601641,Czerwiński,徹爾溫斯基,,波蘭,2018-11-20
3601642,Dąbrowski,東布洛夫斯基,,波蘭,2018-11-20
3601643,Dębski,登布斯基,,波蘭,2018-11-20
3601644,Dobrowolski,多布洛沃爾斯基,,波蘭,2018-11-20
3601645,Domagała,多馬加瓦,,波蘭,2018-11-20
3601646,Domański,多曼斯基,,波蘭,2018-11-20
3601647,Duda,杜達,,波蘭,2018-11-20
3601648,Dudek,杜德克,,波蘭,2018-11-20
3601649,Dziedzic,傑吉茨,,波蘭,2018-11-20
3601650,Gajda,加伊達,,波蘭,2018-11-20
3601651,Gajewski,加耶夫斯基,,波蘭,2018-11-20
3601652,Głowacki,果瓦茨基,,波蘭,2018-11-20
3601653,Górecki,古雷茨基,,波蘭,2018-11-20
3601654,Górski,古爾斯基,,波蘭,2018-11-20
3601655,Grabowski,格拉波夫斯基,,波蘭,2018-11-20
3601656,Grzelak,格熱拉克,,波蘭,2018-11-20
3601657,Jabłoński,亞布翁斯基,,波蘭,2018-11-20
3601658,Jakubowski,亞庫波夫斯基,,波蘭,2018-11-20
3601659,Janicki,亞尼茨基,,波蘭,2018-11-20
3601660,Janik,亞尼克,,波蘭,2018-11-20
3601661,Janiszewski,亞尼雪夫斯基,,波蘭,2018-11-20
3601662,Jankowski,揚科夫斯基,,波蘭,2018-11-20
3601663,Jarosz,亞洛什,,波蘭,2018-11-20
3601664,Jasiński,亞辛斯基,,波蘭,2018-11-20
3601665,Jastrzębski,亞斯特申布斯基,,波蘭,2018-11-20
3601666,Jaworski,亞沃爾斯基,,波蘭,2018-11-20
3601667,Jóźwiak,尤吉維亞克,,波蘭,2018-11-20
3601668,Kaczmarczyk,卡奇馬爾契克,,波蘭,2018-11-20
3601669,Kaczmarek,卡奇馬雷克,,波蘭,2018-11-20
3601670,Kalinowski,卡林諾夫斯基,,波蘭,2018-11-20
3601671,Kamiński,卡明斯基,,波蘭,2018-11-20
3601672,Kania,卡尼亞,,波蘭,2018-11-20
3601673,Karpiński,卡爾平斯基,,波蘭,2018-11-20
3601674,Kasprzak,卡斯普沙克,,波蘭,2018-11-20
3601675,Kaźmierczak,卡吉米耶爾察克,,波蘭,2018-11-20
3601676,Kędzierski,肯傑爾斯基,,波蘭,2018-11-20
3601677,Klimek,克利梅克,,波蘭,2018-11-20
3601678,Kołodziej,科沃傑伊,,波蘭,2018-11-20
3601679,Kołodziejczyk,科沃傑伊契克,,波蘭,2018-11-20
3601680,Kopeć,科佩奇,,波蘭,2018-11-20
3601681,Kot,科特,,波蘭,2018-11-20
3601682,Kowal,科瓦爾,,波蘭,2018-11-20
3601683,Kowalczyk,科瓦爾契克,,波蘭,2018-11-20
3601684,Kowalewski,科瓦雷夫斯基,,波蘭,2018-11-20
3601685,Kowalik,科瓦利克,,波蘭,2018-11-20
3601686,Kowalski,科瓦爾斯基,,波蘭,2018-11-20
3601687,Kozak,科札克,,波蘭,2018-11-20
3601688,Kozioł,科久烏,,波蘭,2018-11-20
3601689,Kozłowski,科茲沃夫斯基,,波蘭,2018-11-20
3601690,Krajewski,克拉耶夫斯基,,波蘭,2018-11-20
3601691,Krawczyk,克拉夫契克,,波蘭,2018-11-20
3601692,Król,克盧爾,,波蘭,2018-11-20
3601693,Kruk,克盧克,,波蘭,2018-11-20
3601694,Krupa,克盧帕,,波蘭,2018-11-20
3601695,Kubiak,庫比亞克,,波蘭,2018-11-20
3601696,Kucharski,庫哈爾斯基,,波蘭,2018-11-20
3601697,Kurek,庫雷克,,波蘭,2018-11-20
3601698,Kurowski,庫洛夫斯基,,波蘭,2018-11-20
3601699,Kwiatkowski,克維亞特科夫斯基,,波蘭,2018-11-20
3601700,Laskowski,拉斯科夫斯基,,波蘭,2018-11-20
3601701,Leszczyński,雷什欽斯基,,波蘭,2018-11-20
3601702,Lewandowski,雷萬多夫斯基,,波蘭,2018-11-20
3601703,Lipiński,利平斯基,,波蘭,2018-11-20
3601704,Lis,利斯,,波蘭,2018-11-20
3601705,Łuczak,烏察克,,波蘭,2018-11-20
3601706,Łukasik,烏卡西克,,波蘭,2018-11-20
3601707,Maciejewski,馬切耶夫斯基,,波蘭,2018-11-20
3601708,Madej,馬德伊,,波蘭,2018-11-20
3601709,Maj,馬伊,,波蘭,2018-11-20
3601710,Majchrzak,馬伊赫沙克,,波蘭,2018-11-20
3601711,Majewski,馬耶夫斯基,,波蘭,2018-11-20
3601712,Makowski,馬科夫斯基,,波蘭,2018-11-20
3601713,Małecki,馬維茨基,,波蘭,2018-11-20
3601714,Malinowski,馬林諾夫斯基,,波蘭,2018-11-20
3601715,Marciniak,馬爾奇尼亞克,,波蘭,2018-11-20
3601716,Marcinkowski,馬爾欽科夫斯基,,波蘭,2018-11-20
3601717,Marek,馬雷克,,波蘭,2018-11-20
3601718,Markiewicz,馬爾凱維奇,,波蘭,2018-11-20
3601719,Markowski,馬爾科夫斯基,,波蘭,2018-11-20
3601720,Matusiak,馬圖夏克,,波蘭,2018-11-20
3601721,Matuszewski,馬圖雪夫斯基,,波蘭,2018-11-20
3601722,Mazur,馬祖爾,,波蘭,2018-11-20
3601723,Mazurek,馬祖雷克,,波蘭,2018-11-20
3601724,Mazurkiewicz,馬祖爾凱維奇,,波蘭,2018-11-20
3601725,Michalak,米哈拉克,,波蘭,2018-11-20
3601726,Michalski,米哈爾斯基,,波蘭,2018-11-20
3601727,Mikołajczyk,米科瓦伊契克,,波蘭,2018-11-20
3601728,Milewski,米雷夫斯基,,波蘭,2018-11-20
3601729,Mróz,姆盧茲,,波蘭,2018-11-20
3601730,Mucha,慕哈,,波蘭,2018-11-20
3601731,Musiał,慕夏烏,,波蘭,2018-11-20
3601732,Nawrocki,納夫洛茨基,,波蘭,2018-11-20
3601733,Nowacki,諾瓦茨基,,波蘭,2018-11-20
3601734,Nowak,諾瓦克,,波蘭,2018-11-20
3601735,Nowakowski,諾瓦科夫斯基,,波蘭,2018-11-20
3601736,Nowicki,諾維茨基,,波蘭,2018-11-20
3601737,Olejniczak,歐雷尼察克,,波蘭,2018-11-20
3601738,Olejnik,歐雷尼克,,波蘭,2018-11-20
3601739,Olszewski,歐爾雪夫斯基,,波蘭,2018-11-20
3601740,Orłowski,歐爾沃夫斯基,,波蘭,2018-11-20
3601741,Orzechowski,歐熱霍夫斯基,,波蘭,2018-11-20
3601742,Ostrowski,歐斯特洛夫斯基,,波蘭,2018-11-20
3601743,Owczarek,歐夫察雷克,,波蘭,2018-11-20
3601744,Pająk,帕勇克,,波蘭,2018-11-20
3601745,Pawlak,帕夫拉克,,波蘭,2018-11-20
3601746,Pawlik,帕夫利克,,波蘭,2018-11-20
3601747,Pawłowski,帕夫沃夫斯基,,波蘭,2018-11-20
3601748,Piasecki,皮亞賽茨基,,波蘭,2018-11-20
3601749,Piątek,皮翁特克,,波蘭,2018-11-20
3601750,Pietrzak,皮耶特沙克,,波蘭,2018-11-20
3601751,Piotrowski,皮歐特洛夫斯基,,波蘭,2018-11-20
3601752,Polak,波拉克,,波蘭,2018-11-20
3601753,Przybylski,普什比爾斯基,,波蘭,2018-11-20
3601754,Ratajczak,拉塔伊察克,,波蘭,2018-11-20
3601755,Rogowski,羅果夫斯基,,波蘭,2018-11-20
3601756,Romanowski,羅曼諾夫斯基,,波蘭,2018-11-20
3601757,Rutkowski,盧特科夫斯基,,波蘭,2018-11-20
3601758,Sadowski,薩多夫斯基,,波蘭,2018-11-20
3601759,Sawicki,薩維茨基,,波蘭,2018-11-20
3601760,Sikora,西科拉,,波蘭,2018-11-20
3601761,Sikorski,西科爾斯基,,波蘭,2018-11-20
3601762,Skiba,斯基巴,,波蘭,2018-11-20
3601763,Skowroński,斯科夫隆斯基,,波蘭,2018-11-20
3601764,Śliwiński,希利溫斯基,,波蘭,2018-11-20
3601765,Sobczak,索布察克,,波蘭,2018-11-20
3601766,Sobolewski,索波雷夫斯基,,波蘭,2018-11-20
3601767,Socha,索哈,,波蘭,2018-11-20
3601768,Sokołowski,索科沃夫斯基,,波蘭,2018-11-20
3601769,Sosnowski,索斯諾夫斯基,,波蘭,2018-11-20
3601770,Sowa,索瓦,,波蘭,2018-11-20
3601771,Stankiewicz,斯坦凱維奇,,波蘭,2018-11-20
3601772,Stasiak,斯塔夏克,,波蘭,2018-11-20
3601773,Stefański,斯特凡斯基,,波蘭,2018-11-20
3601774,Stępień,斯丹平,,波蘭,2018-11-20
3601775,Szczepaniak,什切帕尼亞克,,波蘭,2018-11-20
3601776,Szczepański,什切潘斯基,,波蘭,2018-11-20
3601777,Szewczyk,雪夫契克,,波蘭,2018-11-20
3601778,Szulc,舒爾茨,,波蘭,2018-11-20
3601779,Szymański,什曼斯基,,波蘭,2018-11-20
3601780,Szymczak,什姆察克,,波蘭,2018-11-20
3601781,Tomaszewski,托馬雪夫斯基,,波蘭,2018-11-20
3601782,Tomczak,托姆察克,,波蘭,2018-11-20
3601783,Tomczyk,托姆契克,,波蘭,2018-11-20
3601784,Urban,烏爾班,,波蘭,2018-11-20
3601785,Urbaniak,烏爾巴尼亞克,,波蘭,2018-11-20
3601786,Urbański,烏爾班斯基,,波蘭,2018-11-20
3601787,Walczak,瓦爾察克,,波蘭,2018-11-20
3601788,Wasilewski,瓦西雷夫斯基,,波蘭,2018-11-20
3601789,Wawrzyniak,瓦夫日尼亞克,,波蘭,2018-11-20
3601790,Wesołowski,維索沃夫斯基,,波蘭,2018-11-20
3601791,Wieczorek,維丘雷克,,波蘭,2018-11-20
3601792,Wierzbicki,維日比茨基,,波蘭,2018-11-20
3601793,Wilczyński,維爾欽斯基,,波蘭,2018-11-20
3601794,Wilk,維爾克,,波蘭,2018-11-20
3601795,Wiśniewski,維希涅夫斯基,,波蘭,2018-11-20
3601796,Witkowski,維特科夫斯基,,波蘭,2018-11-20
3601797,Włodarczyk,弗沃達爾契克,,波蘭,2018-11-20
3601798,Wojciechowski,沃伊切霍夫斯基,,波蘭,2018-11-20
3601799,Wójcik,弗伊奇克,,波蘭,2018-11-20
3601800,Wójtowicz,弗伊托維奇,,波蘭,2018-11-20
3601801,Wolski,沃爾斯基,,波蘭,2018-11-20
3601802,Woźniak,沃吉尼亞克,,波蘭,2018-11-20
3601803,Wróbel,弗盧貝爾,,波蘭,2018-11-20
3601804,Wróblewski,弗盧布雷夫斯基,,波蘭,2018-11-20
3601805,Wrona,弗洛納,,波蘭,2018-11-20
3601806,Wysocki,維索茨基,,波蘭,2018-11-20
3601807,Zając,札勇茨,,波蘭,2018-11-20
3601808,Żak,札克,,波蘭,2018-11-20
3601809,Zakrzewski,札克雪夫斯基,,波蘭,2018-11-20
3601810,Zalewski,札雷夫斯基,,波蘭,2018-11-20
3601811,Zawadzki,札瓦茲基,,波蘭,2018-11-20
3601812,Zięba,吉恩巴,,波蘭,2018-11-20
3601813,Zieliński,傑林斯基,,波蘭,2018-11-20
3601814,Ziółkowski,久科夫斯基,,波蘭,2018-11-20
3601815,Абрамов,阿勃拉莫夫,,俄文,2018-11-20
3601816,Агафонов,阿加弗諾夫,,俄文,2018-11-20
3601817,Аксёнов,阿克蕭諾夫,,俄文,2018-11-20
3601818,Александров,亞歷山德羅夫,,俄文,2018-11-20
3601819,Алексеев,阿列克謝耶夫,,俄文,2018-11-20
3601820,Андреев,安德列耶夫,,俄文,2018-11-20
3601821,Анисимов,阿尼西莫夫,,俄文,2018-11-20
3601822,Антонов,安東諾夫,,俄文,2018-11-20
3601823,Артемьев,阿爾捷米耶夫,,俄文,2018-11-20
3601824,Архипов,阿爾西波夫,,俄文,2018-11-20
3601825,Афанасьев,阿法納西耶夫,,俄文,2018-11-20
3601826,Баранов,巴拉諾夫,,俄文,2018-11-20
3601827,Белов,別洛夫,,俄文,2018-11-20
3601828,Белоусов,別洛烏索夫,,俄文,2018-11-20
3601829,Беляев,別利亞耶夫,,俄文,2018-11-20
3601830,Беляков,別利亞科夫,,俄文,2018-11-20
3601831,Блинов,勃利諾夫,,俄文,2018-11-20
3601832,Бобров,博勃羅夫,,俄文,2018-11-20
3601833,Богданов,博格達諾夫,,俄文,2018-11-20
3601834,Большаков,波利沙科夫,,俄文,2018-11-20
3601835,Борисов,博里索夫,,俄文,2018-11-20
3601836,Быков,貝科夫,,俄文,2018-11-20
3601837,Васильев,瓦西利耶夫,,俄文,2018-11-20
3601838,Веселов,維謝洛夫,,俄文,2018-11-20
3601839,Виноградов,維諾格拉多夫,,俄文,2018-11-20
3601840,Владимиров,弗拉季米羅夫,,俄文,2018-11-20
3601841,Власов,弗拉索夫,,俄文,2018-11-20
3601842,Волков,沃爾科夫,,俄文,2018-11-20
3601843,Воробьёв,沃羅彼約夫,,俄文,2018-11-20
3601844,Воронов,沃羅諾夫,,俄文,2018-11-20
3601845,Воронцов,沃隆佐夫,,俄文,2018-11-20
3601846,Гаврилов,加弗里洛夫,,俄文,2018-11-20
3601847,Галкин,加爾金,,俄文,2018-11-20
3601848,Герасимов,格拉西莫夫,,俄文,2018-11-20
3601849,Голубев,戈路別夫,,俄文,2018-11-20
3601850,Горбачев,戈巴契夫,,俄文,2018-11-20
3601851,Горбунов,戈爾布諾夫,,俄文,2018-11-20
3601852,Горшков,戈爾什科夫,,俄文,2018-11-20
3601853,Григорьев,格里戈里耶夫,,俄文,2018-11-20
3601854,Гришин,格里申,,俄文,2018-11-20
3601855,Громов,格羅莫夫,,俄文,2018-11-20
3601856,Гуляев,古利亞耶夫,,俄文,2018-11-20
3601857,Гусев,古謝夫,,俄文,2018-11-20
3601858,Гурьев,古里耶夫,,俄文,2018-11-20
3601859,Давыдов,達維多夫,,俄文,2018-11-20
3601860,Данилов,達尼洛夫,,俄文,2018-11-20
3601861,Дементьев,傑緬吉耶夫,,俄文,2018-11-20
3601862,Денисов,傑尼索夫,,俄文,2018-11-20
3601863,Дмитриев,德米特里耶夫,,俄文,2018-11-20
3601864,Дорофеев,多羅費耶夫,,俄文,2018-11-20
3601865,Дроздов,德羅茲多夫,,俄文,2018-11-20
3601866,Евдокимов,葉夫多基莫夫,,俄文,2018-11-20
3601867,Егоров,葉戈羅夫,,俄文,2018-11-20
3601868,Елисеев,葉利謝耶夫,,俄文,2018-11-20
3601869,Емельянов,葉梅良諾夫,,俄文,2018-11-20
3601870,Ермаков,葉爾瑪科夫,,俄文,2018-11-20
3601871,Ершов,葉爾紹夫,,俄文,2018-11-20
3601872,Ефимов,葉菲莫夫,,俄文,2018-11-20
3601873,Ефремов,葉夫列莫夫,,俄文,2018-11-20
3601874,Жданов,日丹諾夫,,俄文,2018-11-20
3601875,Жуков,茹可夫,,俄文,2018-11-20
3601876,Журавлёв,茹拉夫柳夫,,俄文,2018-11-20
3601877,Зайцев,扎伊采夫,,俄文,2018-11-20
3601878,Захаров,扎哈羅夫,,俄文,2018-11-20
3601879,Зимин,濟敏,,俄文,2018-11-20
3601880,Зиновьев,濟諾維耶夫,,俄文,2018-11-20
3601881,Зуев,祖耶夫,,俄文,2018-11-20
3601882,Иванов,伊凡諾夫,,俄文,2018-11-20
3601883,Игнатов,伊格納托夫,,俄文,2018-11-20
3601884,Игнатьев,伊格納捷夫,,俄文,2018-11-20
3601885,Ильин,伊利恩,,俄文,2018-11-20
3601886,Исаков,伊薩科夫,,俄文,2018-11-20
3601887,Исаев,伊薩耶夫,,俄文,2018-11-20
3601888,Кабанов,卡巴諾夫,,俄文,2018-11-20
3601889,Казаков,卡扎科夫,,俄文,2018-11-20
3601890,Калашников,卡拉什尼科夫,,俄文,2018-11-20
3601891,Калинин,卡利寧,,俄文,2018-11-20
3601892,Капустин,卡普斯京,,俄文,2018-11-20
3601893,Карпов,卡爾波夫,,俄文,2018-11-20
3601894,Кириллов,基里洛夫,,俄文,2018-11-20
3601895,Киселёв,基謝柳夫,,俄文,2018-11-20
3601896,Ковалёв,科瓦柳夫,,俄文,2018-11-20
3601897,Козлов,科茲洛夫,,俄文,2018-11-20
3601898,Колесников,科列斯尼科夫,,俄文,2018-11-20
3601899,Комаров,科瑪羅夫,,俄文,2018-11-20
3601900,Комиссаров,科米薩羅夫,,俄文,2018-11-20
3601901,Коновалов,科諾瓦洛夫,,俄文,2018-11-20
3601902,Кононов,科諾諾夫,,俄文,2018-11-20
3601903,Королёв,科羅柳夫,,俄文,2018-11-20
3601904,Копылов,科佩洛夫,,俄文,2018-11-20
3601905,Костин,科斯京,,俄文,2018-11-20
3601906,Котов,科托夫,,俄文,2018-11-20
3601907,Кошелев (Кошелёв),科舍列夫(科舍柳夫),,俄文,2018-11-20
3601908,Кудрявцев,庫德里亞采夫,,俄文,2018-11-20
3601909,Кудряшов,庫德里亞紹夫,,俄文,2018-11-20
3601910,Кузнецов,庫茲涅佐夫,,俄文,2018-11-20
3601911,Кузьмин,庫茲明,,俄文,2018-11-20
3601912,Кулаков,庫拉科夫,,俄文,2018-11-20
3601913,Кулатин,庫拉京,,俄文,2018-11-20
3601914,Куликов,庫利科夫,,俄文,2018-11-20
3601915,Крылов,克雷洛夫,,俄文,2018-11-20
3601916,Крюков,克留科夫,,俄文,2018-11-20
3601917,Лазарев,拉扎列夫,,俄文,2018-11-20
3601918,Лапин,拉賓,,俄文,2018-11-20
3601919,Ларионов,拉里歐諾夫,,俄文,2018-11-20
3601920,Лебедев,列別傑夫,,俄文,2018-11-20
3601921,Лобанов,洛巴諾夫,,俄文,2018-11-20
3601922,Логинов,洛吉諾夫,,俄文,2018-11-20
3601923,Лукин,盧金,,俄文,2018-11-20
3601924,Макаров,馬卡羅夫,,俄文,2018-11-20
3601925,Максимов,馬克西莫夫,,俄文,2018-11-20
3601926,Мамонтов,馬蒙托夫,,俄文,2018-11-20
3601927,Марков,馬爾科夫,,俄文,2018-11-20
3601928,Мартынов,馬爾特諾夫,,俄文,2018-11-20
3601929,Маслов,馬斯洛夫,,俄文,2018-11-20
3601930,Матвеев,馬特維耶夫,,俄文,2018-11-20
3601931,Медведев,梅德維傑夫,,俄文,2018-11-20
3601932,Мельеников,梅利耶尼科夫,,俄文,2018-11-20
3601933,Миронов,米羅諾夫,,俄文,2018-11-20
3601934,Михайлов,米亥洛夫,,俄文,2018-11-20
3601935,Михеев,米赫耶夫,,俄文,2018-11-20
3601936,Мишин,米申,,俄文,2018-11-20
3601937,Моисеев,莫伊謝耶夫,,俄文,2018-11-20
3601938,Молчанов,莫爾恰諾夫,,俄文,2018-11-20
3601939,Морозов,莫羅佐夫,,俄文,2018-11-20
3601940,Муравьёв,穆拉維約夫,,俄文,2018-11-20
3601941,Мухин,穆辛,,俄文,2018-11-20
3601942,Назаров,納扎羅夫,,俄文,2018-11-20
3601943,Наумов,納烏莫夫,,俄文,2018-11-20
3601944,Некрасов,涅克拉索夫,,俄文,2018-11-20
3601945,Нестеров,涅斯捷羅夫,,俄文,2018-11-20
3601946,Новиков,諾維科夫,,俄文,2018-11-20
3601947,Никитин,尼基京,,俄文,2018-11-20
3601948,Никифоров,尼基弗羅夫,,俄文,2018-11-20
3601949,Николаев,尼古拉耶夫,,俄文,2018-11-20
3601950,Носков,諾斯科夫,,俄文,2018-11-20
3601951,Носов,諾索夫,,俄文,2018-11-20
3601952,Овчинников,歐夫欽尼科夫,,俄文,2018-11-20
3601953,Орлов,歐爾洛夫,,俄文,2018-11-20
3601954,Орехов,歐列霍夫,,俄文,2018-11-20
3601955,Осипов,歐西波夫,,俄文,2018-11-20
3601956,Павлов,帕夫洛夫,,俄文,2018-11-20
3601957,Панов,帕諾夫,,俄文,2018-11-20
3601958,Панфилов,潘菲洛夫,,俄文,2018-11-20
3601959,Пахомов,帕霍莫夫,,俄文,2018-11-20
3601960,Петров,彼得羅夫,,俄文,2018-11-20
3601961,Петухов,佩圖霍夫,,俄文,2018-11-20
3601962,Поляков,波利亞科夫,,俄文,2018-11-20
3601963,Пономарёв,波諾瑪留夫,,俄文,2018-11-20
3601964,Попов,波波夫,,俄文,2018-11-20
3601965,Потапов,波塔波夫,,俄文,2018-11-20
3601966,Прохоров,普羅霍羅夫,,俄文,2018-11-20
3601967,Рабов,拉伯夫,,俄文,2018-11-20
3601968,Рогов,羅戈夫,,俄文,2018-11-20
3601969,Родионов,羅季翁諾夫,,俄文,2018-11-20
3601970,Романов,羅曼諾夫,,俄文,2018-11-20
3601971,Рыбаков,雷巴科夫,,俄文,2018-11-20
3601972,Савельев,薩維利耶夫,,俄文,2018-11-20
3601973,Савин,薩溫,,俄文,2018-11-20
3601974,Сафонов,薩弗諾夫,,俄文,2018-11-20
3601975,Селезнёв,謝列茲尼奧夫,,俄文,2018-11-20
3601976,Семёнов,謝苗諾夫,,俄文,2018-11-20
3601977,Сергеев,謝爾格耶夫,,俄文,2018-11-20
3601978,Сидоров,西多羅夫,,俄文,2018-11-20
3601979,Симонов,西蒙諾夫,,俄文,2018-11-20
3601980,Ситников,西特尼科夫,,俄文,2018-11-20
3601981,Смирнов,斯米爾諾夫,,俄文,2018-11-20
3601982,Соболев,索伯列夫,,俄文,2018-11-20
3601983,Соколов,索科洛夫,,俄文,2018-11-20
3601984,Соловьёв,索洛維約夫,,俄文,2018-11-20
3601985,Сорокин,索羅金,,俄文,2018-11-20
3601986,Степанов,斯捷潘諾夫,,俄文,2018-11-20
3601987,Суворов,蘇沃羅夫,,俄文,2018-11-20
3601988,Суханов,蘇哈諾夫,,俄文,2018-11-20
3601989,Тарасов,塔拉索夫,,俄文,2018-11-20
3601990,Терентьев,捷連季耶夫,,俄文,2018-11-20
3601991,Тимофеев,季莫費耶夫,,俄文,2018-11-20
3601992,Титов,季托夫,,俄文,2018-11-20
3601993,Тихонов,季洪諾夫,,俄文,2018-11-20
3601994,Третьяков,特列季亞科夫,,俄文,2018-11-20
3601995,Трофимов,特羅菲莫夫,,俄文,2018-11-20
3601996,Фадеев,法捷耶夫,,俄文,2018-11-20
3601997,Федотов,費多托夫,,俄文,2018-11-20
3601998,Федосеев,費多謝耶夫,,俄文,2018-11-20
3601999,Фёдоров,費奧多羅夫,,俄文,2018-11-20
3602000,Филатов,菲拉托夫,,俄文,2018-11-20
3602001,Филиппов,菲利波夫,,俄文,2018-11-20
3602002,Фомин,弗明,,俄文,2018-11-20
3602003,Фролов,弗羅洛夫,,俄文,2018-11-20
3602004,Харитонов,哈里托諾夫,,俄文,2018-11-20
3602005,Хохлов,霍赫洛夫,,俄文,2018-11-20
3602006,Цветков,茨維科夫,,俄文,2018-11-20
3602007,Чернов,切爾諾夫,,俄文,2018-11-20
3602008,Шестаков,舍斯塔科夫,,俄文,2018-11-20
3602009,Шилов,施洛夫,,俄文,2018-11-20
3602010,Ширяев,施里亞耶夫,,俄文,2018-11-20
3602011,Шубин,舒賓,,俄文,2018-11-20
3602012,Щербаков,謝爾巴科夫,,俄文,2018-11-20
3602013,Юдин,尤金,,俄文,2018-11-20
3602014,Яковлев,雅科夫列夫,,俄文,2018-11-20
3602015,ADAMEC,阿達梅茨,,捷克,2018-11-20
3602016,ADÁMEK,亞達梅克,,捷克,2018-11-20
3602017,BÁRTA,巴爾塔,,捷克,2018-11-20
3602018,BARTOŠ,巴爾托什,,捷克,2018-11-20
3602019,BENDA,本達,,捷克,2018-11-20
3602020,BEDNÁŘ,貝德納日,,捷克,2018-11-20
3602021,BENEŠ,貝內什,,捷克,2018-11-20
3602022,BERAN,貝拉恩,,捷克,2018-11-20
3602023,BERÁNEK,貝拉內克,,捷克,2018-11-20
3602024,BÍLEK,比勒克,,捷克,2018-11-20
3602025,BLÁHA,布拉哈,,捷克,2018-11-20
3602026,BLAŽEK,布拉日克,,捷克,2018-11-20
3602027,BRABEC,布拉貝茨,,捷克,2018-11-20
3602028,BROŽ,布羅日,,捷克,2018-11-20
3602029,BŘEZINA,布熱希納,,捷克,2018-11-20
3602030,BUREŠ,布勒什,,捷克,2018-11-20
3602031,BURIAN,布里安,,捷克,2018-11-20
3602032,ČAPEK,查佩克,,捷克,2018-11-20
3602033,ČECH,切赫,,捷克,2018-11-20
3602034,ČERMÁK,契爾馬克,,捷克,2018-11-20
3602035,ČERNÝ,契爾尼,,捷克,2018-11-20
3602036,ČERVENKA,切爾文卡,,捷克,2018-11-20
3602037,ČÍŽEK,奇熱克,,捷克,2018-11-20
3602038,DANĚK,達涅克,,捷克,2018-11-20
3602039,DAVID,達維德,,捷克,2018-11-20
3602040,DLOUHÝ,德婁赫伊,,捷克,2018-11-20
3602041,DOHNAL,多赫納爾,,捷克,2018-11-20
3602042,DOLEŽAL,多勒札爾,,捷克,2018-11-20
3602043,DOSTÁL,多斯塔爾,,捷克,2018-11-20
3602044,DUŠEK,杜舍克,,捷克,2018-11-20
3602045,DVOŘÁČEK,德沃札切克,,捷克,2018-11-20
3602046,DVOŘÁK,德沃札克,,捷克,2018-11-20
3602047,FIALA,菲亞拉,,捷克,2018-11-20
3602048,FILIP,菲利普,,捷克,2018-11-20
3602049,FIŠER,菲舍爾,,捷克,2018-11-20
3602050,GREGOR,格勒戈爾,,捷克,2018-11-20
3602051,HÁJEK,哈耶克,,捷克,2018-11-20
3602052,HANÁK,哈納克,,捷克,2018-11-20
3602053,HANUŠ,哈努什,,捷克,2018-11-20
3602054,HAVEL,哈維爾,,捷克,2018-11-20
3602055,HAVELKA,哈維爾卡,,捷克,2018-11-20
3602056,HAVLÍČEK,哈夫利切克,,捷克,2018-11-20
3602057,HAVLÍK,哈夫利克,,捷克,2018-11-20
3602058,HLADÍK,赫拉吉克,,捷克,2018-11-20
3602059,HLAVÁČ,赫拉瓦奇,,捷克,2018-11-20
3602060,HLAVÁČEK,赫拉瓦切克,,捷克,2018-11-20
3602061,HOLEČEK,霍勒切克,,捷克,2018-11-20
3602062,HOLUB,霍盧布,,捷克,2018-11-20
3602063,HOLÝ,霍利,,捷克,2018-11-20
3602064,HORÁČEK,霍拉切克,,捷克,2018-11-20
3602065,HORÁK,霍拉克,,捷克,2018-11-20
3602066,HORVÁTH,霍爾瓦特,,捷克,2018-11-20
3602067,HOŠEK,霍舍克,,捷克,2018-11-20
3602068,HRDLIČKA,赫爾德利奇卡,,捷克,2018-11-20
3602069,HRUBÝ,赫魯比,,捷克,2018-11-20
3602070,HRUŠKA,赫魯什卡,,捷克,2018-11-20
3602071,CHARVÁT,哈爾瓦特,,捷克,2018-11-20
3602072,JANDA,楊達,,捷克,2018-11-20
3602073,JANEČEK,亞內切克,,捷克,2018-11-20
3602074,JANOUŠEK,亞瑙舍克,,捷克,2018-11-20
3602075,JAROŠ,亞羅什,,捷克,2018-11-20
3602076,JEDLIČKA,葉德利奇卡,,捷克,2018-11-20
3602077,JELÍNEK,葉利內克,,捷克,2018-11-20
3602078,JEŘÁBEK,葉札貝克,,捷克,2018-11-20
3602079,JEŽEK,耶熱克,,捷克,2018-11-20
3602080,JÍLEK,伊勒克,,捷克,2018-11-20
3602081,KADLEC,卡德勒茨,,捷克,2018-11-20
3602082,KAŠPAR,卡什帕爾,,捷克,2018-11-20
3602083,KLÍMA,克利馬,,捷克,2018-11-20
3602084,KLIMEŠ,克利梅什,,捷克,2018-11-20
3602085,KOČÍ,柯奇,,捷克,2018-11-20
3602086,KOHOUT,柯霍特,,捷克,2018-11-20
3602087,KOLÁŘ,柯拉日,,捷克,2018-11-20
3602088,KOMÁREK,柯馬勒克,,捷克,2018-11-20
3602089,KONEČNÝ,柯內奇尼,,捷克,2018-11-20
3602090,KOPECKÝ,柯佩茨基,,捷克,2018-11-20
3602091,KOŘÍNEK,柯日內克,,捷克,2018-11-20
3602092,KOVÁČ,柯瓦奇,,捷克,2018-11-20
3602093,KOVÁŘ,柯瓦日,,捷克,2018-11-20
3602094,KOVAŘÍK,柯瓦日克,,捷克,2018-11-20
3602095,KOZÁK,柯札克,,捷克,2018-11-20
3602096,KRÁL,克拉爾,,捷克,2018-11-20
3602097,KRÁTKÝ,克拉特基,,捷克,2018-11-20
3602098,KRATOCHVÍL,克拉托赫維爾,,捷克,2018-11-20
3602099,KRAUS,克饒斯,,捷克,2018-11-20
3602100,KREJČÍ,克雷奇,,捷克,2018-11-20
3602101,KROUPA,克婁帕,,捷克,2018-11-20
3602102,KŘÍŽ,克里日,,捷克,2018-11-20
3602103,KUBÁT,庫巴特,,捷克,2018-11-20
3602104,KUBÍČEK,庫比切克,,捷克,2018-11-20
3602105,KUBÍK,庫比克,,捷克,2018-11-20
3602106,KUČERA,庫切拉,,捷克,2018-11-20
3602107,LINHART,林哈爾特,,捷克,2018-11-20
3602108,LIŠKA,利什卡,,捷克,2018-11-20
3602109,LUKEŠ,魯克什,,捷克,2018-11-20
3602110,MACEK,馬策克,,捷克,2018-11-20
3602111,MACH,馬赫,,捷克,2018-11-20
3602112,MACHÁČEK,馬哈切克,,捷克,2018-11-20
3602113,MÁLEK,馬勒克,,捷克,2018-11-20
3602114,MALÍK,馬利克,,捷克,2018-11-20
3602115,MALÝ,馬利,,捷克,2018-11-20
3602116,MAREK,馬雷克,,捷克,2018-11-20
3602117,MAREŠ,馬勒什,,捷克,2018-11-20
3602118,MARTÍNEK,馬爾季內克,,捷克,2018-11-20
3602119,MAŠEK,馬舍克,,捷克,2018-11-20
3602120,MATĚJKA,馬捷伊卡,,捷克,2018-11-20
3602121,MATOUŠEK,馬投舍克,,捷克,2018-11-20
3602122,MICHÁLEK,米哈勒克,,捷克,2018-11-20
3602123,MORAVEC,莫拉維茨,,捷克,2018-11-20
3602124,MRÁZEK,姆拉澤克,,捷克,2018-11-20
3602125,MÜLLER,米勒爾,,捷克,2018-11-20
3602126,MUSIL,穆西爾,,捷克,2018-11-20
3602127,NAVRÁTIL,納夫拉季爾,,捷克,2018-11-20
3602128,NĚMEC,涅梅茨,,捷克,2018-11-20
3602129,NĚMEČEK,涅梅切克,,捷克,2018-11-20
3602130,NOSEK,諾塞克,,捷克,2018-11-20
3602131,NOVÁČEK,諾瓦切克,,捷克,2018-11-20
3602132,NOVÁK,諾瓦克,,捷克,2018-11-20
3602133,NOVOTNÝ,諾沃特尼,,捷克,2018-11-20
3602134,NOVÝ,諾維,,捷克,2018-11-20
3602135,PAVELKA,帕維爾卡,,捷克,2018-11-20
3602136,PAVLÍČEK,帕夫利切克,,捷克,2018-11-20
3602137,PAVLÍK,帕夫利克,,捷克,2018-11-20
3602138,PEŠEK,佩舍克,,捷克,2018-11-20
3602139,PETR,佩特爾,,捷克,2018-11-20
3602140,POLÁK,波拉克,,捷克,2018-11-20
3602141,POLÁŠEK,波拉舍克,,捷克,2018-11-20
3602142,POSPÍŠIL,波斯皮希爾,,捷克,2018-11-20
3602143,POKORNÝ,波科爾尼,,捷克,2018-11-20
3602144,POLÁČEK,波拉切克,,捷克,2018-11-20
3602145,PROCHÁZKA,普羅哈茲卡,,捷克,2018-11-20
3602146,PROKOP,普羅科普,,捷克,2018-11-20
3602147,PŘIBYL,普日比爾,,捷克,2018-11-20
3602148,PTÁČEK,普塔切克,,捷克,2018-11-20
3602149,RICHTER,里赫特爾,,捷克,2018-11-20
3602150,RŮŽIČKA,魯日奇卡,,捷克,2018-11-20
3602151,ŘEHÁK,日哈克,,捷克,2018-11-20
3602152,ŘEZNÍČEK,熱兹尼切克,,捷克,2018-11-20
3602153,ŘÍHA,日哈,,捷克,2018-11-20
3602154,SEDLÁČEK,塞德拉切克,,捷克,2018-11-20
3602155,SEDLÁK,塞德拉克,,捷克,2018-11-20
3602156,SLÁDEK,斯拉德克,,捷克,2018-11-20
3602157,SLÁMA,斯拉馬,,捷克,2018-11-20
3602158,SLAVÍK,斯拉維克,,捷克,2018-11-20
3602159,SOBOTKA,索博特卡,,捷克,2018-11-20
3602160,SOUČEK,壽切克,,捷克,2018-11-20
3602161,SOUKUP,壽庫普,,捷克,2018-11-20
3602162,STANĚK,斯塔涅克,,捷克,2018-11-20
3602163,STEHLÍK,斯特赫利克,,捷克,2018-11-20
3602164,STEJSKAL,斯泰斯卡爾,,捷克,2018-11-20
3602165,STRAKA,斯特拉卡,,捷克,2018-11-20
3602166,STRÁNSKÝ,斯特拉恩斯基,,捷克,2018-11-20
3602167,STRNAD,斯特納德,,捷克,2018-11-20
3602168,SUCHÁNEK,蘇哈內克,,捷克,2018-11-20
3602169,SUCHÝ,蘇赫伊,,捷克,2018-11-20
3602170,SVOBODA,斯沃博達,,捷克,2018-11-20
3602171,SÝKORA,西柯拉,,捷克,2018-11-20
3602172,ŠEBESTA,舍貝斯塔,,捷克,2018-11-20
3602173,ŠEVČÍK,舍夫奇克,,捷克,2018-11-20
3602174,ŠÍMA,希馬,,捷克,2018-11-20
3602175,ŠIMEK,希梅克,,捷克,2018-11-20
3602176,ŠINDELÁŘ,欣德拉日,,捷克,2018-11-20
3602177,ŠMÍD,什米德,,捷克,2018-11-20
3602178,ŠPAČEK,什帕切克,,捷克,2018-11-20
3602179,ŠRÁMEK,什拉梅克,,捷克,2018-11-20
3602180,ŠTĚPÁN,什捷潘,,捷克,2018-11-20
3602181,ŠTĚPÁNEK,什捷帕內克,,捷克,2018-11-20
3602182,ŠŤASTNÝ,什佳斯特尼,,捷克,2018-11-20
3602183,ŠULC,舒爾茨,,捷克,2018-11-20
3602184,ŠVARC,什瓦爾茨,,捷克,2018-11-20
3602185,ŠVEC,什韋茨,,捷克,2018-11-20
3602186,TESAŘ,特薩日,,捷克,2018-11-20
3602187,TICHÝ,季希,,捷克,2018-11-20
3602188,TOMAN,托馬恩,,捷克,2018-11-20
3602189,TOMÁŠEK,托馬舍克,,捷克,2018-11-20
3602190,TRNKA,特恩卡,,捷克,2018-11-20
3602191,TUREK,屠勒克,,捷克,2018-11-20
3602192,TŮMA,屠馬,,捷克,2018-11-20
3602193,URBAN,烏爾班,,捷克,2018-11-20
3602194,URBÁNEK,烏爾巴內克,,捷克,2018-11-20
3602195,VACEK,瓦策克,,捷克,2018-11-20
3602196,VÁLEK,瓦勒克,,捷克,2018-11-20
3602197,VALENTA,瓦倫塔,,捷克,2018-11-20
3602198,VÁŇA,瓦尼亞,,捷克,2018-11-20
3602199,VANĚK,瓦涅克,,捷克,2018-11-20
3602200,VAŠÍČEK,瓦希切克,,捷克,2018-11-20
3602201,VÁVRA,瓦夫拉,,捷克,2018-11-20
3602202,VESELÝ,維塞利,,捷克,2018-11-20
3602203,VÍTEK,維特克,,捷克,2018-11-20
3602204,VLACH,弗拉赫,,捷克,2018-11-20
3602205,VLČEK,弗爾切克,,捷克,2018-11-20
3602206,VLK,弗爾克,,捷克,2018-11-20
3602207,VODIČKA,沃吉奇卡,,捷克,2018-11-20
3602208,VOLF,沃爾夫,,捷克,2018-11-20
3602209,VRÁNA,弗拉納,,捷克,2018-11-20
3602210,VRBA,弗爾巴,,捷克,2018-11-20
3602211,ZAPLETAL,札普勒塔爾,,捷克,2018-11-20
3602212,ZELENKA,澤倫卡,,捷克,2018-11-20
3602213,ZEMAN,澤曼,,捷克,2018-11-20
3602214,ŽÁK,札克,,捷克,2018-11-20
