ID,英文名稱,中文名稱,圖片,更新日期
950250,time coincidence,時間符合,,2012-11-26
950251,time constant meter,時間常數計,,2012-11-26
950252,time constant range,時間常數範圍,,2012-11-26
950253,time constants,時間常數,,2012-11-26
950254,time converter,時間轉換器,,2012-11-26
950255,time convolution method,時間褶積法,,2012-11-26
950256,time delay,時間遲延,,2012-11-26
950257,time dependence,時間依持；時間相依,,2012-11-26
950258,time dependent nuclear reaction,時間依持核反應,,2012-11-26
950259,time discriminator,時間鑑別器,,2012-11-26
950260,time factor,時間因數,,2012-11-26
950261,time interval discriminator,時間間隔鑑別器,,2012-11-26
950262,time interval spectrum,時距譜,,2012-11-26
950263,time jitter,時間跳動,,2012-11-26
950264,time lag,時間落後,,2012-11-26
950265,time of flight,飛行時間,,2012-11-26
950266,time of flight analyzer,飛行時間分析器,,2012-11-26
950267,time of flight analyzing assembly,飛行時間分析裝置,,2012-11-26
950268,time of flight massspectrometer,飛行時間質譜儀,,2012-11-26
950269,time of flight method,飛行時間法,,2012-11-26
950270,time of liberation,釋放時間,,2012-11-26
950271,time parity,時間宇稱性,,2012-11-26
950272,time pick-off,時間選截,,2012-11-26
950273,time resolution,時間分解力,,2012-11-26
950274,time resolved spectrograph,時間分解譜儀,,2012-11-26
950275,time response,回應時間,,2012-11-26
950276,time reversal,時間反轉,,2012-11-26
950277,time scaling factor,時間倍進因數,,2012-11-26
950278,time slewing,時間移轉,,2012-11-26
950279,time sorter,時間分類機,,2012-11-26
950280,time to digital converter,時間數位轉換器,,2012-11-26
950281,time transients,時間暫態,,2012-11-26
950282,time variable field,時間可變場,,2012-11-26
950283,time variant and nonlinear,時間變化和非線性,,2012-11-26
950284,time variant pulse shaping,時間變化脈衝整形,,2012-11-26
950285,time walk,時間行走,,2012-11-26
950296,time， correction,校正時間,,2012-11-26
950299,time， dead,無感時間,,2012-11-26
950304,time， die-away,衰減時間,,2012-11-26
950306,time， discharge,放電時間,,2012-11-26
950310,time， equilibration,平衡時間,,2012-11-26
950312,time， fall,下降時間；衰減時間,,2012-11-26
950313,time， flight,飛行時間,,2012-11-26
950320,time， in-pile,堆內時間,,2012-11-26
950321,time， insensitive,不敏感時間,,2012-11-26
950331,time， nuclear,核時間,,2012-11-26
950332,time， operating,工作時間；運轉時間,,2012-11-26
950333,time， outage,停機時間；停爐時間,,2012-11-26
950336,time， processing,處理時間,,2012-11-26
950337,time， prompt generation,瞬發產生時間,,2012-11-26
950338,time， proper,原時,,2012-11-26
950339,time， pulse-decay,脈衝下降時間,,2012-11-26
950340,time， pulse-repetition,脈衝重複時間,,2012-11-26
950342,time， receptive,集聚時間,,2012-11-26
950345,time， release,釋放時間,,2012-11-26
950348,time， restoring,復原時間,,2012-11-26
950349,time， retardation,慢化時間,,2012-11-26
950351,time， run,〔連續〕運轉時間,,2012-11-26
950352,time， scintillationdecay,閃爍衰變時間,,2012-11-26
950361,time， start-up,起動時間,,2012-11-26
950363,time， terminal,終了時間,,2012-11-26
950366,time， universe,世界時,,2012-11-26
950367,time， wait,等待時間,,2012-11-26
950368,zero time,零時間,,2019-11-29
950369,time-amplitude converter,時間振幅轉換器,,2012-11-26
950370,time-base unit,時間基礎單位,,2012-11-26
950371,time-correlated output,時間相關輸出,,2012-11-26
950372,timecourse of light,光的時間過程,,2012-11-26
950373,time-delay closing relay,時間遲延閉合電驛,,2012-11-26
950374,time-delay relay,時間遲延電驛,,2012-11-26
950375,time-delay startingrelay,時間遲延起動電驛,,2012-11-26
950376,time-dependent,時間依持,,2012-11-26
950377,time-history analysis of drywell,乾井時間歷程分析,,2012-11-26
950378,time-interval counter,時間間隔計數器,,2012-11-26
950379,time-of-flight neutron spectrometer,飛行時間中子譜計儀,,2012-11-26
950380,timer,定時器,,2012-11-26
950381,timer contact,定時器接觸,,2012-11-26
950382,timer reset button,定時器重定鈕,,2012-11-26
950383,timer subchassis,定時器副框架,,2012-11-26
950384,time-to-amplitude conversion,時間振幅變換,,2012-11-26
950385,time-to-pulse amplitude converter,時間脈高變換器,,2012-11-26
950386,time-to-time conversion,時間時間變換,,2012-11-26
950387,timing,定時,,2012-11-26
950388,timing accuracy,定時準確性,,2012-11-26
950389,timing circuit,定時電路,,2012-11-26
950390,timing diagram,定時圖,,2012-11-26
950391,timing discriminator,定時鑑別器,,2012-11-26
950392,timing performance,定時性能,,2012-11-26
950393,timing precision,定時精密度,,2012-11-26
950394,timing pulse,定時脈衝,,2012-11-26
950396,timing techniques,定時技術,,2012-11-26
950397,timing track,定時徑跡,,2012-11-26
950398,timing， fast,快定時,,2012-11-26
950399,tin,錫,,2012-11-26
950400,tin-uranium system,錫麂t統,,2012-11-26
950401,TIP (transversing incore probe),探入核〔爐〕心探針系統,,2012-11-26
950402,tip， pole,極部；極端,,2012-11-26
950403,TIS (temperature indicating switch),溫度指示開關,,2012-11-26
950404,tissue,組織,,2012-11-26
950405,tissue dose,組織劑量,,2012-11-26
950406,tissue injury,組織傷害,,2012-11-26
950407,tissue roentgen,組織侖琴,,2012-11-26
950409,tissue， radioactivitybearing,含有放射性物的組織,,2012-11-26
950410,tissue-equivalent ionization chamber,組織等值游離腔,,2012-11-26
950411,tissue-equivalent material,組織等值材料,,2012-11-26
950412,titanium,鈦,,2012-11-26
950413,titromite,矽酸硼釷礦,,2012-11-26
950414,tjuiamunite; tyuyamunite,釩酸鈣鈾礦,,2012-11-26
950415,TLD badge,熱發光劑量計佩章,,2012-11-26
950416,TLD ring,熱發光劑量計指環,,2012-11-26
950417,TNT (trintrotoluene),三硝基甲苯；梯恩梯,,2012-11-26
950418,TNT equivalent,梯恩梯炸藥當量,,2012-11-26
950419,toddite,鈮鉭酸錳鐵鈾礦,,2012-11-26
950420,toggle switches,套環開關,,2012-11-26
950421,TOKAMAK,托克馬克〔熱核反應器之一〕,,2012-11-26
950422,tokamak confinement,托克馬克圍阻,,2012-11-26
950423,tolerance,耐受,,2012-11-26
950424,tolerance animal,耐受動物,,2012-11-26
950425,tolerance dose,耐受劑量,,2012-11-26
950426,tolerance standards,耐受標準,,2012-11-26
950427,tolerance value,耐受值,,2012-11-26
950432,tolerance， breathing,呼吸耐受,,2012-11-26
950433,tolerance， drinking,飲水耐受,,2012-11-26
950435,tolerance， human,人體耐受,,2012-11-26
950438,toll enrichment,委託濃化,,2012-11-26
950439,toll enrichment service of uranium,鈾的委託濃化服務,,2012-11-26
950440,toluene,甲苯,,2012-11-26
950441,tomograph,斷層X射線攝影裝置,,2012-11-26
950442,tomography; body section radiography,斷層X射線攝影術,,2012-11-26
950443,tongs,夾具,,2012-11-26
950444,tool,工具；儀器,,2012-11-26
950445,tool dolly,工具檯車,,2012-11-26
950447,tool， finger-action,指動抓手,,2012-11-26
950448,tool， handling,裝卸工具,,2012-11-26
950449,tool， long-handed,長柄工具,,2012-11-26
950450,tool， refueling,更換燃料工具,,2012-11-26
950451,tool， remote-handling,遙控裝卸工具,,2012-11-26
950452,tool， removal,移除工具；取樣工具,,2012-11-26
950453,tool， socket,握拳抓手,,2012-11-26
950454,tool， vise,鉗夾抓手,,2012-11-26
950455,tooling,工具；儀器,,2012-11-26
950456,top,頂部；上端,,2012-11-26
950457,top and bottom reflected reactor,頂底部均反射的反應器,,2012-11-26
950458,top chord,頂弦,,2012-11-26
950459,top flange,頂凸緣,,2012-11-26
950460,top guide,頂部導板,,2012-11-26
950461,top guide shear,頂導件剪力,,2012-11-26
950462,top handle,頂手柄；頂扶手,,2012-11-26
950463,top head,"頂蓋",,2012-11-26
950464,top head flange leakage,頂蓋凸緣滲漏,,2012-11-26
950465,top head flange,頂蓋凸緣,,2012-11-26
950466,top of the atmosphere,大氣頂層,,2012-11-26
950467,top vessel closure head,頂容器密合蓋,,2012-11-26
950468,toping cycle,拉平循環,,2012-11-26
950469,topographic chart,地形圖表,,2012-11-26
950470,topographic configuration,地形組態,,2012-11-26
950471,topping,(一)上部；頂端(二)拉平；使平坦,,2012-11-26
950472,Topsy,托普西〔美國洛色拉莫士科學研究所具有反射體的快中子臨界裝置的名稱〕,,2012-11-26
950473,tor,〔加速器〕環形管,,2012-11-26
950474,torbernite,磷酸銅鈾礦,,2012-11-26
950475,torch,火炬；火燄,,2012-11-26
950476,toreidal pinch,環形管捏縮,,2012-11-26
950477,torgue,扭矩,,2012-11-26
950478,torgue sensing transmitter,扭矩感測傳達機,,2012-11-26
950479,torgue switch,轉矩開關,,2012-11-26
950480,tornado criteria,龍捲風基準,,2012-11-26
950481,tornadoes,龍捲風,,2012-11-26
950482,toroid,環形管,,2020-02-04
950483,toroidal configuration,環式組態,,2012-11-26
950484,toroidal electric field,環式電場,,2012-11-26
950485,toroidal field,環式場,,2012-11-26
950486,toroidal liner,環式線性,,2012-11-26
950487,toroidal pinch device,環形管捏縮裝置,,2012-11-26
950488,toroidal plasmoid,環形管電漿質,,2012-11-26
950489,torr(torricell),托〔毫米汞柱〕,,2013-05-02
950490,TORS (torgue recorder switch),扭力矩記錄器開關,,2012-11-26
950491,torsion effect,扭力效應,,2012-11-26
950492,torsion electrometer,扭力靜電計,,2012-11-26
950493,torsion load effect,扭力負載效應,,2012-11-26
950494,torsional moment,扭〔力〕矩,,2012-11-26
950495,torus,環形〔抑壓〕槽,,2012-11-26
950496,torus bypass valve,環形〔抑壓〕槽旁通閥,,2012-11-26
950497,torus cooling mode,環形〔抑壓〕槽冷卻方式,,2012-11-26
950498,torus desk floor,環形〔抑壓〕槽檯面,,2012-11-26
950499,torus water,環形〔抑壓〕槽水,,2012-11-26
950500,torus， racetrack,環形〔抑壓〕槽通道,,2012-11-26
950501,total absorption,總吸收,,2012-11-26
950502,total absorption coefficient,總吸收係數,,2012-11-26
950503,total accounted for,總量,,2012-11-26
950504,total activity,總活性,,2012-11-26
950505,total angular momentum,總角動量,,2012-11-26
950506,total angular momentum quantum number,總角矩量子數,,2012-11-26
950507,total binding energy,總結合能,,2012-11-26
950508,total body counter,全身計數器,,2012-11-26
950509,total body irradiation,全身照射,,2012-11-26
950510,total body radiation,全身輻射,,2012-11-26
950511,total characteristic detection efficiency,總特性偵檢效率,,2012-11-26
950512,total charge number,總電荷數,,2012-11-26
950513,total cross-section,總截面,,2012-11-26
950514,total detection efficiency,總偵檢效率,,2012-11-26
950515,total discharge head,總出水頭,,2012-11-26
950516,total dose,總劑量,,2012-11-26
950517,total effective collision cross-section,總有效碰撞截面,,2012-11-26
950518,total electron binding energy,總電子結合能,,2012-11-26
950519,total energy,總能,,2012-11-26
950520,total EOC scram response,總循環最終急停回應,,2012-11-26
950521,total error,總誤差,,2012-11-26
950522,total field dose,總野外劑量,,2012-11-26
950523,total filter,總濾器,,2012-11-26
950524,total impulse,總衝量,,2012-11-26
950525,total ionization,總游離,,2012-11-26
950526,total level width,總能階寬度,,2012-11-26
950527,total linear attenuation gamma-ray coefficient,總直線衰減加馬射線係數,,2012-11-26
950528,total macroscopic crosssection,總巨觀截面,,2012-11-26
950529,total mass,總質量,,2012-11-26
950530,total mass flow signal,總質量流量信號,,2012-11-26
950531,total mass number,總質量數,,2012-11-26
950532,total mean free path,總平均自由行程,,2012-11-26
950533,total microscopic cross section,總微觀截面,,2012-11-26
950534,total neutron source density,總中子源密度,,2012-11-26
950535,total nuclear binding energy,總核結合能,,2012-11-26
950536,total radioactivity,總放射性,,2012-11-26
950537,total reactor feed,總反應器燃料,,2012-11-26
950538,total relaxation length,總鬆弛長度,,2012-11-26
950539,total skin dose,總皮膚劑量,,2012-11-26
950540,total solids,總固體量,,2012-11-26
950541,total specific activity,總活性比度,,2012-11-26
950542,total specific ionization,總游離比度,,2012-11-26
950543,total thermal power,總熱功率,,2012-11-26
950544,total to account for,總量,,2012-11-26
950545,total white count,總白血球計數,,2012-11-26
950546,total width,總〔能階〕寬度,,2012-11-26
950547,total-absorption gamma spectrometer,總吸收加馬譜計,,2012-11-26
950548,totalizer,求和裝置,,2012-11-26
950549,Totem,托騰〔英國於1953年12月15日在澳大利亞烏米耳試驗場進行原子彈試驗的代號〕,,2012-11-26
950550,touch,(一)碰撞(二)微量,,2012-11-26
950551,touch of hydrogen,氫的痕跡,,2012-11-26
950552,toughness,韌度,,2021-09-13
950553,tower,塔；柱,,2012-11-26
950560,tower， distillation,蒸餾塔,,2012-11-26
950564,tower， knockdown,分解塔,,2012-11-26
950565,tower， packed,填充塔,,2012-11-26
950566,tower， pulsed perforated-plate,振動孔板塔,,2012-11-26
950567,tower， refueling test,更換燃料試驗塔,,2012-11-26
950569,Townsend avalanche,湯生突崩；湯生崩瀉,,2012-11-26
950570,Townsend characteristic,湯生特性,,2012-11-26
950571,Townsend coefficient,湯生係數,,2012-11-26
950572,Townsend discharge,湯生放電,,2012-11-26
950573,Townsend theory,湯生理論；湯生學說,,2012-11-26
950574,toxemia,毒血症,,2012-11-26
950575,toxicity,毒性；毒力,,2012-11-26
950576,toxicity radiation,毒性輻射,,2012-11-26
950577,toxicity， delayed,緩發毒性,,2012-11-26
950578,Toy Top,托依托普〔美國熱核裝置名稱〕,,2012-11-26
950579,TPC (Taiwan Power Company),臺灣電力公司,,2012-11-26
950580,TQOS (torgue overload switch),扭力矩超載開關,,2012-11-26
950581,TQT (torgue transmitter),扭力矩傳送機,,2012-11-26
950582,trace,微量,,2012-11-26
950583,trace chemistry,微量化學,,2019-11-29
950584,trace concentration,描圖濃度,,2012-11-26
950585,trace contamination,微量污染,,2012-11-26
950586,trace out,穿過物質,,2012-11-26
950590,trace， oscillograph,波形圖；示波圖,,2012-11-26
950591,trace， oscilloscope,波形圖；示波圖,,2012-11-26
950592,trace， power,功率描圖；功率紀錄,,2012-11-26
950593,trace， return,〔輻射〕反行程；回程,,2012-11-26
950594,tracer,示蹤劑,,2012-11-26
950595,tracer ab,示蹤劑實驗室,,2012-11-26
950596,tracer analysis,示蹤劑分析,,2012-11-26
950597,tracer atom,示蹤〔劑〕原子,,2012-11-26
950598,tracer chemistry,示蹤劑化學,,2012-11-26
950599,tracer compound,示蹤〔劑〕化合物,,2012-11-26
950600,tracer diffusion,示蹤劑擴散,,2012-11-26
950601,tracer dose,示蹤劑劑量,,2012-11-26
950602,tracer element,示蹤劑元素,,2019-11-14
950603,tracer facility,示蹤劑設施,,2012-11-26
950604,tracer industrial applications,示蹤劑工業用途,,2012-11-26
950605,tracer isotope,示蹤〔劑〕同位素,,2012-11-26
950606,tracer isotope diagnostics ostics,示蹤〔劑〕同位素診斷,,2012-11-26
950607,tracer principle,示蹤劑原理,,2012-11-26
950608,tracer scale,示蹤劑標度,,2012-11-26
950609,tracer studies,示蹤〔劑〕研究,,2012-11-26
950610,tracer technique,示蹤〔劑〕技術,,2012-11-26
950618,tracer， non-radioactive,非放射性示蹤劑,,2012-11-26
950620,tracer， radiocarbon,放射碳示蹤劑,,2012-11-26
950621,tracer， radioisotopic,放射同位素示蹤劑,,2012-11-26
950622,tracer-free,無示蹤劑的,,2012-11-26
950623,tracer-labeling,示蹤劑標誌,,2012-11-26
950624,tracing,(一)示蹤(二)自動記錄,,2012-11-26
950625,tracing of the power,功率記錄,,2012-11-26
950627,tracing， fault,故障追蹤,,2012-11-26
950628,tracing， physical,物理示蹤法,,2012-11-26
950629,track,徑跡,,2012-11-26
950630,track chamber,徑跡腔,,2012-11-26
950631,track condensation,徑跡凝結,,2012-11-26
950632,track distortion,徑跡失真,,2012-11-26
950633,track length,徑跡長度,,2012-11-26
950634,track noise,雜徑跡,,2012-11-26
950635,track population,徑跡密度,,2012-11-26
950636,track sensitive volume,徑跡敏感空間,,2012-11-26
950637,track taper,徑跡尖細,,2012-11-26
950641,track， cloud,霧室徑跡,,2012-11-26
950643,track， crips,鮮明徑跡,,2012-11-26
950646,track， fission (-fragment),分裂破片徑跡,,2012-11-26
950650,track， ionization,游離徑跡,,2012-11-26
950652,track， non-field,無磁場徑跡,,2012-11-26
950653,track， nuclear,核粒子徑跡,,2012-11-26
950654,track， particle,粒子徑跡,,2012-11-26
950656,track， pre-expansion,膨脹前徑跡,,2012-11-26
950657,track， proton recoil,回跳質子徑跡,,2012-11-26
950661,track， V-shaped,V型徑跡,,2012-11-26
950662,tracking,追跡,,2012-11-26
950665,tracks， copunutual,相交徑跡,,2012-11-26
950667,tracks， grey,灰徑跡,,2012-11-26
950668,tracks， non-contemporary,非同時〔通過〕徑跡,,2012-11-26
950669,trac-level activity,微量活性,,2012-11-26
950670,trade-off,賣掉,,2012-11-26
950671,trail heavy water production process,蹤跡重水生產法,,2012-11-26
950672,trailing edge,後緣,,2012-11-26
950673,train,列,,2012-11-26
950674,train shutoff valve,系列關斷閥,,2012-11-26
950675,train， glove-box,套手工作箱列,,2012-11-26
950676,train， pulse,脈衝列,,2012-11-26
950677,train， wave,波列,,2012-11-26
950678,training reactor,訓練〔用〕反應器,,2012-11-26
950679,trajectory,(一)〔射體〕軌道(二)彈道,,2012-11-26
950680,tramp uranium,迷離鈾,,2012-11-26
950681,transconductance,跨導,,2012-11-26
950682,transconductance， neutron,中子跨導,,2012-11-26
950683,transducer,(一)換能機(二)轉換機,,2012-11-26
950684,transducer， magnetic,磁變流器,,2012-11-26
950685,transducer， receiving,接收器；接收變換器,,2012-11-26
950687,transfer,遷移；輸送,,2012-11-26
950688,transfer canal,轉送水渠,,2012-11-26
950689,transfer coefficient,傳遞係數,,2012-11-26
950690,transfer coil,移轉線圈,,2012-11-26
950691,transfer effect,轉換效應,,2012-11-26
950692,transfer function,轉換函數,,2012-11-26
950693,transfer function meter,轉換函數計,,2012-11-26
950694,transfer port,轉送通口,,2012-11-26
950695,transfer switch,傳遞開關,,2012-11-26
950696,transfer tube,輸送管道,,2012-11-26
950697,transfer unit,轉移單位,,2012-11-26
950702,transfer， free-conve-ction heat,自由對流傳熱,,2012-11-26
950705,transfer， interphase,相間傳送,,2012-11-26
950707,transfer， liquid-metal,液態金屬傳熱,,2012-11-26
950708,transfer， liquid-vapour mass,液體和蒸汽間的質量傳遞,,2012-11-26
950713,transfer， remote,遠隔輸送,,2012-11-26
950714,transferring data,轉移數據,,2012-11-26
950715,transfluxor memory element,流量記憶元件,,2012-11-26
950716,transform,換式；轉換,,2012-11-26
950717,transform analysis,轉換分析,,2012-11-26
950718,transform methods,轉換方法,,2012-11-26
950719,transformation,(一)變化(二)變換,,2012-11-26
950720,transformation chain,變化鏈；變換鏈,,2012-11-26
950721,transformation constant,變化常數；變換常數,,2012-11-26
950722,transformation formula,變化公式；變換公式,,2012-11-26
950723,transformation method of data storage,數據貯存之轉換方法,,2012-11-26
950724,transformation of element,元素轉變,,2012-11-26
950725,transformation period,變化期；半化期,,2012-11-26
950726,transformation range,變化範圍；變換範圍,,2012-11-26
950727,transformation series,變化系；變換系,,2012-11-26
950730,transformation， chemical,化學變化,,2012-11-26
950734,transformation， phase,相轉變,,2012-11-26
950736,transformation， rotational,旋轉變形,,2012-11-26
950740,transformer,變壓器；變量器,,2012-11-26
950741,transient,瞬變的；暫時的,,2012-11-26
950742,transient analysis,瞬態分析,,2012-11-26
950743,transient behavior (of reactor),〔反應器〕瞬時行為,,2012-11-26
950744,transient coefficient,瞬態係數,,2012-11-26
950745,transient condition,瞬時狀態,,2012-11-26
950746,transient equilibrium,瞬時平衡,,2012-11-26
950747,transient failure,瞬態損壞,,2012-11-26
950748,transient failure threshold,瞬態損壞低限,,2012-11-26
950749,transient peak,瞬態尖峰,,2012-11-26
950750,transient period,瞬態周期,,2012-11-26
950751,transient radioactive equilibrium,瞬態放射平衡,,2012-11-26
950752,transient reactor test experiment,瞬時反應器實驗,,2012-11-26
950753,transient response,暫態反應,,2012-11-26
950755,transient， reactivity,反應度瞬變,,2012-11-26
950758,transit,傳遞；橫過,,2012-11-26
950759,transit angle,橫過角,,2012-11-26
950760,transit box,橫過箱,,2012-11-26
950761,transit carrier,運輸工具,,2012-11-26
950762,transit carrier (closed),運輸工具〔封閉式〕,,2012-11-26
950763,transit carrier (open),運輸工具〔開放式〕,,2012-11-26
950764,transit dose,橫過劑量,,2012-11-26
950765,transit phase angle,橫過相角,,2012-11-26
950766,transit time,橫過時間,,2012-11-26
950767,transit time spread,橫過時間伸展,,2012-11-26
950768,transition,過渡,,2012-11-26
950769,transition boiling,變態沸騰,,2012-11-26
950770,transition curve; easemene curve,轉換曲線,,2012-11-26
950771,transition effect,過渡效應,,2012-11-26
950772,transition element,過渡元素,,2012-11-26
950773,transition energy,過渡能,,2012-11-26
950774,transition in the solid state,固態中的過渡,,2012-11-26
950775,transition matrix,過渡矩陣,,2012-11-26
950776,transition multipole moments,過渡多極矩,,2012-11-26
950777,transition probability,過渡機率；躍遷機率,,2012-11-26
950778,transition radiation,過渡輻射,,2012-11-26
950779,transition time,過渡時間,,2012-11-26
950780,transition zone,過渡區,,2012-11-26
950791,transition， dipole,偶極躍遷,,2012-11-26
950792,transition， dipole gamma-tray,偶極加馬躍遷,,2012-11-26
950795,transition， favored,有利躍遷,,2012-11-26
950799,transition， groundstate,基態躍遷,,2012-11-26
950805,transition， magnetic,磁躍遷,,2012-11-26
950810,transition， onceforbidden,一次禁制躍遷,,2012-11-26
950812,transition， parity,對等變化,,2012-11-26
950813,transition， quadrupole,四極躍遷,,2012-11-26
950814,transition， quantum,量子躍遷,,2012-11-26
950816,transition， radiative,輻射躍遷,,2012-11-26
950817,transition， resonant,共振躍遷,,2012-11-26
950818,transition， rotational,旋轉躍遷,,2012-11-26
950819,transition， singleparticle,單粒子躍遷,,2012-11-26
950821,transition， stop-over,級聯躍遷；暫停躍遷,,2012-11-26
950822,transition， superallowed,超容許躍遷,,2012-11-26
950823,transition， twiceforbidden,二次禁制躍遷,,2012-11-26
950825,transition， unfavoured,不利躍遷,,2012-11-26
950826,transition， unique,唯一躍遷；稀有躍遷,,2012-11-26
950827,transition， vibrational,振動躍遷,,2012-11-26
950829,transitional leucocyte,徒變的白血球,,2012-11-26
950830,transitory,過渡的；躍遷的,,2012-11-26
950831,translation,平移；平動,,2012-11-26
950832,translation motion; translational motion,平移；平動,,2012-11-26
950833,translational spring,平移彈簧,,2012-11-26
950834,translocation,易位,,2012-11-26
950835,translucent,(一)半透明的(二)半透澈的,,2012-11-26
950836,transmissibility of vibration,振動傳遞率,,2012-11-26
950837,transmission,(一)傳遞(二)透射,,2012-11-26
950838,transmission coefficient,透射係數,,2012-11-26
950839,transmission cost,輸電成本,,2012-11-26
950840,transmission curve,透射曲線,,2012-11-26
950841,transmission experimen,傳遞實驗,,2012-11-26
950842,transmission line,(一)傳遞線(二)輸電線,,2012-11-26
950843,transmission plant,輸電廠,,2012-11-26
950844,transmission voltage,傳輸電壓,,2012-11-26
950847,transmission， inward heat,向內導熱,,2012-11-26
950848,transmission， outward heat,向外導熱,,2012-11-26
950850,transmission， window,〔計數管〕窗透射,,2012-11-26
950851,transmissivity,透射比,,2012-11-26
950852,transmitter,(一)發送機(二)發報機,,2012-11-26
950853,transmitter， fuel-flow,燃料流傳送器,,2012-11-26
950855,transmitter， sensing,指向傳送器；指向發送器,,2012-11-26
950856,transmitter， temperature,溫度傳送器,,2012-11-26
950857,transmitting transducer,傳送變換器,,2012-11-26
950858,transmutation,遷變；蛻變,,2012-11-26
950859,transmutation constant,轉變常數,,2012-11-26
950860,transmutation element,轉變元素,,2012-11-26
950861,transmutation equation,轉變方程式,,2012-11-26
950862,transmutation of nucleus,核轉變,,2012-11-26
950865,transmute,變成,,2012-11-26
950866,transparency,(一)透明性(二)透明度,,2012-11-26
950867,transparency， nuclear,核穿透性,,2012-11-26
950868,transplutonium,超鈽〔元素〕,,2012-11-26
950869,transplutonium elements,超鈽元素,,2012-11-26
950870,transport,遷移,,2012-11-26
950871,transport and packaging of isotopes,同位素運輸和包裝,,2012-11-26
950872,transport cross section,遷移截面,,2012-11-26
950873,transport equation,遷移方程式,,2012-11-26
950874,transport kernel,遷移核仁,,2012-11-26
950875,transport mean free path,遷移平均自由行程,,2012-11-26
950876,transport phenomena,遷移現象,,2012-11-26
950877,transport theory,遷移理論,,2012-11-26
950878,transport unit,遷移單位,,2012-11-26
950880,transport， fast neutron,快中子遷移,,2012-11-26
950882,transport， mass,質量傳遞,,2012-11-26
950883,transport， material,物質傳遞,,2012-11-26
950885,transport， neutron,中子遷移,,2012-11-26
950886,transport， thermalneutron,熱中子遷移,,2012-11-26
950887,transportable reactor,可運送反應器,,2012-11-26
950888,transportation,運送,,2012-11-26
950889,transportation of nuclear wastes,核廢料運送,,2012-11-26
950890,transpose,移動；位移,,2012-11-26
950891,transposition,(一)移調(二)換位,,2012-11-26
950892,trans-stilbene,反-1，2一二苯乙烯,,2012-11-26
950893,transuranic elements,"超鈾元素",,2012-11-26
950894,transuranium elements,"超鈾元素",,2012-11-26
950895,transuranium isotope,超鈾同位素,,2012-11-26
950896,transuranium,超鈾〔元素〕,,2012-11-26
950897,transverse baffling,橫貫阻板,,2012-11-26
950898,transverse diffusion,橫〔貫〕擴散,,2012-11-26
950899,transverse field,橫場,,2012-11-26
950900,transverse finning,橫鰭,,2012-11-26
950901,transverse focussing electric-field,橫聚焦電場,,2012-11-26
950902,transverse impulse,橫衝量,,2012-11-26
950903,transverse key,橫鍵,,2012-11-26
950904,transversly-finned fuel element,橫鰭燃料元件,,2012-11-26
950905,trap,陷阱,,2012-11-26
950911,trap， frozen,冷凍阱,,2012-11-26
950916,trap， thermal,熱收集器,,2012-11-26
950917,traped iodine,被捕碘,,2012-11-26
950918,trapping,捕獲,,2012-11-26
950919,trapping center,陷阱中心,,2012-11-26
950920,trapping isotope,捕獲同位素,,2012-11-26
950921,trapping， plasma,電漿收集,,2012-11-26
950922,trapping， resonance,共振捕獲,,2012-11-26
950923,trash,垃圾,,2012-11-26
950924,trash bin chamber,雜物倉室,,2012-11-26
950925,trauma,外傷,,2012-11-26
950926,travel,(一)運動(二)行程,,2012-11-26
950927,travel actuated switch,行程引動開關,,2012-11-26
950928,travel， full-scale,全刻表行程,,2012-11-26
950929,travel， rod,棒的行程,,2012-11-26
950930,traveling package,成〔套〕文件,,2012-11-26
950931,traveling screen,移動簾,,2012-11-26
950932,traveling water screen,移動水篩,,2012-11-26
950933,traveling wave,〔進〕行波,,2012-11-26
950934,traveling-wave tube,行波管,,2012-11-26
950935,traverse,橫過；相交,,2012-11-26
950937,traverse， fission-counter,分裂計數器〔輻射〕橫過,,2012-11-26
950939,traverse， irradiation,照射橫過,,2012-11-26
950940,traverse， temperature,溫度橫過,,2012-11-26
950941,tray,托架；托盤,,2012-11-26
950942,tray span,托架寬；托盤寬,,2012-11-26
950943,tray type,托架型式；托盤型式,,2012-11-26
950944,tray， bubble cap,泡罩板,,2012-11-26
950946,tray， counter,計數器盤,,2012-11-26
950949,TREAT (Transient Reactor Test Equipment),瞬態反應器實驗,,2012-11-26
950950,treatment cone,治療錐,,2012-11-26
950951,treatment of combustible waste,可燃性廢料處理,,2012-11-26
950952,treatment of liquid sludge waste,液體淤泥廢料處理,,2012-11-26
950953,treatment of tadiation illness,輻射病治療,,2012-11-26
950954,treatment plant; enrichment plant,處理廠；濃化廠,,2012-11-26
950957,treatment， Fermi age,費米年積處理法,,2012-11-26
950961,treatment， one-group,單群處理,,2012-11-26
950964,treatment， water,水處理,,2012-11-26
950965,treatment; therapy,治療,,2012-11-26
950966,tree algorithm,樹狀演算法,,2012-11-26
950967,trench,壕溝,,2012-11-26
950968,trench， water-filled,充水溝渠,,2012-11-26
950969,trend log,選擇記錄,,2012-11-26
950970,trend recorder,方位記錄機,,2012-11-26
950971,trend typing,方位打字,,2012-11-26
950972,TREST (transient recording equipment for startup testing),起動實驗的瞬態記錄裝備,,2012-11-26
950973,triad,三和弦,,2012-11-26
950975,trial,試驗,,2012-11-26
950976,triangular lattice,三角格子,,2012-11-26
950977,triangular pulse,三角脈衝,,2012-11-26
950978,triangular pulse shaping,三角脈衝整形,,2012-11-26
950979,Triax,特里愛克斯〔美國熱核裝置的名稱〕,,2012-11-26
950980,triaxial pinch experiment,三軸捏縮實驗,,2012-11-26
950981,triboluminescence,摩擦熱發光,,2012-11-26
950982,Tribondeau-Bergonie's law,吹邦多－貝功尼定律,,2012-11-26
950983,tributyl phosphate,磷酸三丁酯,,2012-11-26
950984,tributyl phosphate extraction process,磷酸三丁酯萃取法,,2012-11-26
950985,trichioride， uranium,三氯化鈾,,2012-11-26
950986,trichloride,三氯化物,,2012-11-26
950987,trickle current,涓流電流；滴流,,2019-03-11
950988,trickling filter,細流濾器,,2012-11-26
950989,trident,三叉跡,,2012-11-26
950990,trifluoride,三氟化物,,2012-11-26
950992,trifluoride， plutonium,三氟化鈽,,2012-11-26
950993,TRIGA (Training， Research and Isotope-production Reactor， Gengeral Atomic),美國通用原子公司訓練研究及生產同位素反應器；中子脈衝反應器,,2012-11-26
950994,trigger,激發器；板機,,2012-11-26
950995,trigger action,觸發作用；激發作用,,2012-11-26
950996,trigger circuit,觸發電路；激發電路,,2012-11-26
950997,trigger mechanism,激發裝置；觸發裝置,,2012-11-26
950999,triggered,(一)觸發的(二)起動裝置,,2012-11-26
951000,triggering,板機；激發,,2012-11-26
951001,pulse triggering,脈衝觸發,,2020-02-19
951002,triglycol,三乙二醇,,2012-11-26
951003,Trinity,三一；特里提尼〔美國於1945年7月16日在新墨西哥州阿拉默果爾多進行的匱u爆炸代號〕,,2012-11-26
951004,trinity bomb,三一彈,,2012-11-26
951005,trioxide,三氧化物,,2012-11-26
951007,trip actuator contact,跳脫引動器接觸,,2012-11-26
951008,trip amplifier,跳脫放大器,,2012-11-26
951009,trip channel,跳脫控道,,2012-11-26
951010,trip circuit,跳脫電路,,2012-11-26
951011,trip closure time,跳脫斷閉時間,,2012-11-26
951012,trip condition,跳脫條件；跳脫狀態,,2012-11-26
951013,trip demand signal,跳脫要求信號,,2012-11-26
951014,trip level,跳脫準位,,2012-11-26
951015,trip margin,跳脫餘裕,,2012-11-26
951016,trip reference circuit,跳脫參考電路,,2012-11-26
951017,trip set,跳脫設定,,2012-11-26
951018,trip setting,跳脫設定值,,2012-11-26
951019,trip solenoid,跳脫螺線管,,2012-11-26
951020,trip,跳脫；解扣,,2019-03-11
951021,trip， momentary,瞬時跳脫,,2012-11-26
951022,period trip,定期跳脫；周期跳脫,,2019-12-17
951023,trip， power-level,功率階位跳脫,,2012-11-26
951024,trip， reactor,反應器跳脫,,2012-11-26
951026,tripartition,三分法,,2012-11-26
951027,trip-free relay,無跳脫電驛,,2012-11-26
951028,triphenylstibine,三苯銻,,2012-11-26
951029,triple coincidence,三重符合,,2012-11-26
951030,triple coincidence counter,三符合計數器,,2012-11-26
951031,triple fission,三分裂,,2012-11-26
951032,triple point,三交點,,2012-11-26
951033,triplet,(一)三重線(二)三重態,,2012-11-26
951034,triplet crystal,三重晶體,,2012-11-26
951036,trip-occurred,跳脫發生,,2012-11-26
951037,trip-out,(一)負載減弱(二)斷路；停止,,2012-11-26
951038,tripping,跳脫,,2012-11-26
951039,tripping ability,跳脫能力,,2012-11-26
951040,trip-point,跳脫點,,2012-11-26
951041,trips， coincidenceconnetced,符合接線之跳脫裝置,,2012-11-26
951042,trithionate,三硫磺酸鹽,,2012-11-26
951043,tritiate,用氚飽和,,2012-11-26
951044,tritiated oxide,氚化氧化物,,2012-11-26
951045,tritiation,氚化,,2012-11-26
951046,tritide,三重的,,2012-11-26
951047,trition， recoil,氚核,,2012-11-26
951048,tritium,氚,,2012-11-26
951049,tritium air monitor,氚空氣偵測器,,2012-11-26
951050,tritium concentration,氚濃度,,2012-11-26
951051,tritium dating,氚定年,,2012-11-26
951052,tritium labeling,氚標誌,,2012-11-26
951053,tritium luminous compound,氚發光化合物,,2012-11-26
951054,tritium oxide,氚氧化物,,2012-11-26
951055,tritium production by cosmic rays,宇宙射線產生之氚,,2012-11-26
951056,tritium surface contamination meter,氚表面污染〔偵測〕計,,2012-11-26
951057,tritium target,氚靶,,2012-11-26
951058,tritium unit,氚單位,,2012-11-26
951059,tritium/tritium oxide in air monitor,空氣偵測器中氚和氧化氚的比,,2012-11-26
951060,tritomite,尖錐稀土礦,,2012-11-26
951061,triton,氚核,,2012-11-26
951062,triutanium octoxide,八氧化三鈾,,2012-11-26
951063,TRMC (Taiwan Radiation Monitoring Center),〔原子能委員會〕臺灣輻射偵測工作站,,2012-11-26
951064,trochoidal mass analyzer,次擺線質量分析器,,2019-03-11
951065,trochotron,多級電子計數管,,2012-11-26
951066,trogegrite,砷酸鈾礦,,2012-11-26
951067,trolley,手推車；吊運車,,2012-11-26
951068,trolley system,吊運車系統,,2012-11-26
951069,tropopause,對流層頂,,2012-11-26
951070,troposphere,對流層,,2012-11-26
951071,tropospheric air movement,對流層空氣運動,,2012-11-26
951072,tropospheric fall-out,對流層落塵,,2012-11-26
951073,trouble,故障,,2012-11-26
951074,trouble shooting,故障鑑定,,2012-11-26
951075,trouble-free,無故障的,,2012-11-26
951076,trough,(一)〔波〕谷(二)槽,,2012-11-26
951078,true absorption,真吸收,,2012-11-26
951079,true absorption coefficient,真吸收係數,,2012-11-26
951080,true activity constant of a source,源的真活性常數,,2012-11-26
951081,true coincidence,真符合,,2012-11-26
951082,true nuclear mass,真核質量,,2012-11-26
951083,true range,真範圍；真射程,,2012-11-26
951084,truncated cusp,截角平頭端,,2012-11-26
951085,truss system,構架系統,,2012-11-26
951086,tscheckinite; chevkinite,矽鈦酸鈰釔礦,,2012-11-26
951087,TSR (temperature recorder switch),溫度記錄開關,,2012-11-26
951088,tsunami,海嘯,,2012-11-26
951089,T-track,T-型徑跡,,2012-11-26
951090,tube,管,,2012-11-26
951091,tube conveyor,輸送管,,2012-11-26
951092,tube count,管計數,,2012-11-26
951093,tube filter,〔X射線〕管濾器,,2012-11-26
951094,tube focus,管焦點,,2012-11-26
951095,tube leak,管滲漏,,2012-11-26
951096,tube side,管側,,2012-11-26
951097,tube side film coefficient,管側薄膜係數,,2012-11-26
951098,tube skeet,管板,,2012-11-26
951099,tube stand,管架,,2012-11-26
951110,tube， counter,計數器管,,2012-11-26
951115,tube， discharge,放電管,,2012-11-26
951128,tube， focussing,聚焦管,,2012-11-26
951135,tube， gas,充氣管,,2012-11-26
951136,tube， gate,閘管,,2012-11-26
951137,tube， Geiger,蓋革計數管,,2012-11-26
951138,tube， general-use pneumatic,通用氣送管,,2012-11-26
951139,tube， glow-transfer counter,輝光傳送計數管,,2012-11-26
951140,tube， G-M,G-M計數管；蓋革-牟勒計數管,,2012-11-26
951143,tube， image,像管,,2012-11-26
951145,tube， photoelectric,光電管,,2012-11-26
951147,tube， pneumatic(tra-nsfer),氣〔壓傳〕送管,,2012-11-26
951148,tube， poison,毒物管；中子吸收劑管,,2012-11-26
951150,tube， process,工作管,,2012-11-26
951151,tube， rabbit,照射梭,,2012-11-26
951152,tube， radiogenous,產生放射管,,2012-11-26
951153,tube， reactor control,反應器控制計數器,,2012-11-26
951154,tube， resonant-cavity,共振腔管,,2012-11-26
951155,tube， roentgen,侖琴管,,2012-11-26
951159,tube， shuttle,風動傳送管；液壓傳送管,,2012-11-26
951160,tube， single-gap acce-lerating,單間隔加速管,,2012-11-26
951164,tube， test-sample,試驗樣品管,,2012-11-26
951165,tube， thermionic,熱離子管,,2012-11-26
951169,tube， vacuum,真空管,,2012-11-26
951170,tube， voltage-stabilizing,電壓穩定器,,2012-11-26
951171,tube， water-discharge,排水管,,2012-11-26
951173,tube，Geiger-Muller,蓋革-牟勒計數管,,2012-11-26
951175,tubes， unstaggered,平行管列,,2012-11-26
951176,tubine dc oil pump,汽輪機直流油泵,,2012-11-26
951177,tubular cooler,管式冷卻器,,2012-11-26
951178,tubular heat interchanger,管式換熱器,,2012-11-26
951179,tubular pinch device,管狀捏縮裝置,,2012-11-26
951180,tucholite; thucholite,鈾釷礦,,2012-11-26
951181,tule， calandre,軋光機管,,2012-11-26
951182,tumor,腫瘤,,2012-11-26
951183,tumor dose; tumourdose,腫瘤劑量,,2012-11-26
951184,tumor due to radiation,輻射引起的腫瘤,,2012-11-26
951185,tunable laser,可調雷射,,2012-11-26
951186,Tuner-Pasquill method,透納－巴斯奎方法,,2012-11-26
951187,tungsten,鎢,,2012-11-26
951188,tungsten alloy; heavy alloy,鎢合金,,2012-11-26
951189,tungsten carbide,碳化鎢,,2012-11-26
951190,tungsten disk,鎢盤；鎢圓片,,2012-11-26
951191,tunica mucosa,黏膜液,,2012-11-26
951192,tunnel,墜道,,2012-11-26
951193,tunnel cell,墜式室,,2012-11-26
951194,tunnel diode,墜道二極體,,2012-11-26
951195,tunnel diode circuits,墜道二極體電路,,2012-11-26
951196,tunnel effect (quantum leakage),墜道效應〔量子洩漏〕,,2012-11-26
951197,tunnel suits,礦坑水,,2012-11-26
951200,tunnel， irradiation,照射孔道,,2012-11-26
951201,tunnel， isotope production,同位素生產管道,,2012-11-26
951202,tunneling,墜道效應,,2012-11-26
951203,turbidity,濁度,,2012-11-26
951204,turbine,〔渦〕輪機；〔汽〕輪機；汽機,,2012-11-26
951205,turbine admission valve,汽輪機進氣閥,,2012-11-26
951206,turbine building leak rate,汽輪機廠房滲漏率,,2012-11-26
951207,turbine bypass capacity,汽輪機旁路容量,,2012-11-26
951208,turbine bypass system,汽輪機旁路系統,,2012-11-26
951209,turbine bypass valve,汽輪機旁通閥,,2012-11-26
951210,turbine casing,汽輪機殼,,2012-11-26
951211,turbine coastdown,汽輪機慢下,,2012-11-26
951212,turbine control malfunction,汽輪機控制誤作用,,2012-11-26
951213,turbine control valve,汽輪機控制閥,,2012-11-26
951214,turbine cycle flow,汽輪機循環流動,,2012-11-26
951215,turbine cycle heat rate,汽輪機循環熱率,,2012-11-26
951216,turbine DEHC,汽輪機數值電動水力控制,,2012-11-26
951217,turbine drain valve,汽輪機排洩閥,,2012-11-26
951218,turbine equipment clean drain,汽輪機裝備清潔洩水,,2012-11-26
951219,turbine exhaust hood temperature,汽輪機排氣蓋溫度,,2012-11-26
951220,turbine exhaust steam,汽輪機排氣蒸汽,,2012-11-26
951221,turbine exhaust temperature,汽輪機排氣溫度,,2012-11-26
951222,turbine generator control,汽輪機發電機控制,,2012-11-26
951223,turbine generator support systems,汽輪機發電機輔助系統,,2012-11-26
951224,turbine gland sealing system,汽輪機填函蓋密封系統,,2012-11-26
951225,turbine governor system,汽輪機調節系統,,2012-11-26
951226,turbine high exhaust pressure,汽輪機高排氣壓力,,2012-11-26
951227,turbine load errorsignal,汽輪機負載誤差信號,,2012-11-26
951228,turbine metal temperature,汽輪機金屬溫度,,2012-11-26
951229,turbine missile,汽輪機飛出物,,2012-11-26
951230,turbine overspeed,汽輪機超速,,2012-11-26
951231,turbine rotor,汽輪機轉動子,,2012-11-26
951232,turbine seal,汽輪機密封,,2012-11-26
951233,turbine shaft gland sealing,汽輪機軸承填函蓋密封,,2012-11-26
951234,turbine shield well,汽輪機屏蔽室,,2012-11-26
951235,turbine speed,汽輪機速率,,2012-11-26
951236,turbine speed indicator,汽輪機速率指示器,,2012-11-26
951237,turbine steam flow,汽輪機蒸汽流量,,2012-11-26
951238,turbine steam valve,汽輪機蒸汽閥,,2012-11-26
951239,turbine stop valve,汽輪機停止閥,,2012-11-26
951240,turbine stop valve closure,汽輪機停止閥閉合,,2012-11-26
951241,turbine trip,汽輪機跳脫,,2012-11-26
951242,turbine trip bypass,汽輪機跳脫旁路,,2012-11-26
951243,turbine trip set point,汽輪機跳脫設定點,,2012-11-26
951244,turbine trip signal,汽輪機跳脫信號,,2012-11-26
951245,turbine-driven feed pump,汽輪機驅動給水泵,,2012-11-26
951246,turbo-alternator,汽輪機發電機,,2012-11-26
951247,turbo-charger,汽輪機充油器,,2012-11-26
951248,turbogenerator,汽輪機發電機,,2012-11-26
951249,turboject,汽輪機噴射,,2012-11-26
951250,turboject， nuclear,〔原子〕核汽輪機噴射,,2012-11-26
951251,turbulent flow,(一)擾流(二)渦動流,,2012-11-26
951252,turbulent heating,擾動加熱,,2012-11-26
951253,turn-around charge,手續費,,2012-11-26
951254,turning gear,旋轉輪,,2012-11-26
951255,turning vance,旋轉葉片,,2012-11-26
951256,turnkey contract,包辦合同,,2012-11-26
951257,turnover,移轉,,2012-11-26
951258,turnover rate,移轉率,,2012-11-26
951259,turnover rate constant,移轉率常數,,2012-11-26
951260,turnover time,移轉時間,,2012-11-26
951261,tuyamunite,釩酸鈣鈾礦,,2012-11-26
951262,TWER (transient worker exposure problem),臨時雇工曝露問題,,2012-11-26
951263,twice network,雙網路,,2012-11-26
951264,twice-forbidden transition,二次禁制過渡,,2012-11-26
951265,twin ionization chamber,雙游離腔,,2012-11-26
951266,twinning,雙晶作用,,2012-11-26
951267,twisted ring counter,扭環計數器,,2012-11-26
951268,twisting moment,扭轉矩,,2012-11-26
951269,two crystal spectrometer,兩晶譜儀,,2012-11-26
951270,two dimensional pulse height spectrum,二因次脈高頻譜,,2012-11-26
951271,two electron shell,雙電子殼,,2012-11-26
951272,two fibre electrometer,雙絲靜電計,,2012-11-26
951273,two phase dosimeter,兩相劑量計,,2012-11-26
951274,two phase flow,二相流,,2012-11-26
951275,two pi counter,計數器,,2012-11-26
951276,two plate chamber,兩板腔,,2012-11-26
951277,two stage superheater,兩級過熱器,,2012-11-26
951278,two-beam instability,兩射柱不穩定性,,2012-11-26
951279,two-beam tube,兩射柱管,,2012-11-26
951280,two-body decay,兩體衰,,2012-11-26
951281,two-dimensional paper chromatography,兩維紙層析術,,2012-11-26
951282,two-group model,兩群模型,,2012-11-26
951283,two-group theory,兩群理論,,2012-11-26
951284,two-loop trip,二迴路跳脫,,2012-11-26
951285,two-out-of-two logic,二取二邏輯,,2012-11-26
951286,two-pen strip chart recorder,二筆捲條線圖記錄器,,2012-11-26
951287,two-phase flow characteristics,二相流特性,,2012-11-26
951288,two-phase system,二相系統,,2012-11-26
951289,two-phase vessel blowdown,二相容器沖放,,2012-11-26
951290,two-region reactor,兩區反應器,,2012-11-26
951291,two-state process,兩態過程,,2012-11-26
951292,two-step isomeric transition,兩階異構物躍遷,,2012-11-26
951293,tygon,梯貢〔塑料〕,,2012-11-26
951294,type,型；式,,2012-11-26
951295,type of decay,衰變型式,,2012-11-26
951296,type of material (reporting unit),物料種類〔報告單位〕,,2012-11-26
951297,type of radioactive decay,放射性衰變型式,,2012-11-26
951298,type punch,活字衝孔機,,2012-11-26
951299,type reader,活字讀器,,2012-11-26
951300,typewriter message,打字機通信,,2012-11-26
951301,typewriter output,打字機輸出,,2012-11-26
951302,typhoon wing load,颱風負載,,2012-11-26
951303,typical sample mounts,典型試樣置放,,2012-11-26
951304,tyrite; fergusionite,鉭鋦酸塵謐q,,2012-11-26
951305,tysonite,氟鈽礦,,2012-11-26
951306,tyuyamite,水化釩酸鈣鈾礦,,2012-11-26
951307,tyuyamunite,釩酸鈣鈾礦,,2012-11-26
951308,U.V. excitation fluorimeter,紫外激發螢光計,,2012-11-26
951309,U-core,U型鐵心,,2012-11-26
951310,uferite,鈦酸鈾鐵鈰礦,,2012-11-26
951311,U-free,"不含鈾的；除去鈾的",,2012-11-26
951312,U-graphite reactor,鈾石墨反應器,,2012-11-26
951313,uit， arbitrary,任意單位,,2012-11-26
951314,UKAEA (United Kingdom Atomic Energy Authority),英國原子能管理局,,2012-11-26
951315,UKCEA (United Kingdom Central Electricity Authority),英國中央電力管理局,,2012-11-26
951316,ulcer,潰瘍,,2012-11-26
951317,ulrichite,方鈾礦,,2012-11-26
951318,ultimate buckling collapse load,極終曲度陷縮負載,,2012-11-26
951319,ultimate pressure,極終壓力,,2012-11-26
951320,ultimate strength,極終強度,,2012-11-26
951321,ultimate waste disposal,極終廢料處置,,2012-11-26
951322,ultra-centrifuge,超高速離心機,,2012-11-26
951323,ultra-centrifuge process,超高速離心機法,,2012-11-26
951324,ultrafast neutron,超快中子,,2012-11-26
951325,ultrafast pinch,超高速捏縮,,2012-11-26
951326,ultrahigh altitude burst,超高空爆炸,,2012-11-26
951327,ultra-high speed particle,超〔高〕速粒子,,2012-11-26
951328,ultra-high temperature reactor experiment,超高溫反應器實驗,,2012-11-26
951329,ultrahigh vacuum,超高度真空,,2012-11-26
951330,ultramicrochemistry,超微量化學,,2012-11-26
951331,ultra-microscope,超級顯微鏡,,2012-11-26
951332,ultrarays,宇宙線；宇宙輻射,,2012-11-26
951333,ultrasonic,超音波,,2012-11-26
951334,ultrasonic cleaning,超音波清洗,,2012-11-26
951335,ultrasonic equipment,超音波裝備,,2012-11-26
951336,ultrasonic examination,超音波檢查,,2012-11-26
951337,ultrasonic level gage,超音波液位規,,2012-11-26
951338,ultrasonic test method,超音速試驗方法,,2012-11-26
951339,ultrasonic type instrumentation,超音波式儀表,,2012-11-26
951340,ultraviolet,紫外的,,2012-11-26
951341,ultraviolet radiation,紫外輻射,,2012-11-26
951342,ultraviolet， far,遠紫外輻射區,,2012-11-26
951343,ultraviolet， near,近紫外輻射區,,2012-11-26
951344,umbra,影,,2012-11-26
951345,umbra effect,影效應,,2012-11-26
951346,umohoite,鉬鈾礦,,2012-11-26
951347,unavailability,無效性,,2012-11-26
951348,unbalance,失衡,,2012-11-26
951349,unbalance， residual,剩餘不平衡度,,2012-11-26
951350,unblanking,〔信號〕開啟,,2012-11-26
951351,uncanned fuel element,無護套燃料元件,,2012-11-26
951352,uncertainty,不準量,,2012-11-26
951353,uncertainty principle,測不準原理,,2012-11-26
951355,unclad fuel,未加護套燃料,,2012-11-26
951356,uncleoprotein,核蛋白質,,2012-11-26
951357,uncleus， magic,巧合核；魔核,,2012-11-26
951358,uncleus， target,靶核,,2012-11-26
951359,uncolloided flux,非碰撞通率,,2012-11-26
951360,uncontitional release,無條件釋放,,2012-11-26
951361,uncontrollable reaction,不能控制的反應,,2012-11-26
951362,uncontrolled nuclear transformation,無控制核變,,2012-11-26
951363,uncontrolled region,非控制區域,,2012-11-26
951364,uncontrolled release,無控制釋放,,2012-11-26
951365,uncoupled control rod drive,不聯結控制棒驅動,,2012-11-26
951366,uncoupling rod,脫接棒,,2012-11-26
951367,uncoupling spud,脫接短柄,,2012-11-26
951368,uncoupling tool,脫接工具,,2012-11-26
951369,under current relay,電流不足電驛,,2012-11-26
951370,under excited,激磁不足,,2012-11-26
951371,under piston water inlet,活塞下方進水口,,2012-11-26
951372,under power relay,低功率電驛,,2012-11-26
951373,under speed device,低速裝置,,2012-11-26
951374,under voltage,低電壓,,2012-11-26
951375,under voltage relay,欠電壓電驛,,2012-11-26
951376,under voltage timer,低電壓計時器,,2012-11-26
951377,underbunching,分群不足,,2012-11-26
951378,undercoupling,不完全耦合,,2012-11-26
951379,underdamp(ling),弱阻尼；弱減幅,,2012-11-26
951380,underexposure,曝露不足,,2012-11-26
951381,underground burst,地下爆炸,,2012-11-26
951382,underload,負載不足,,2012-11-26
951383,undermoderation,緩和不足,,2012-11-26
951384,undersea nuclear power plant,海底核能電廠,,2012-11-26
951385,undershoot,欠射；負脈衝信號,,2012-11-26
951386,undershot,欠射；負脈衝信號,,2012-11-26
951387,underswing,欠射；負脈衝信號,,2012-11-26
951388,underwater burst,水下爆炸,,2012-11-26
951389,underwater power generator,水下發電機,,2012-11-26
951390,underwater reactor,水下反應器,,2012-11-26
951391,underwater seismogrpah station,水下地震儀站,,2012-11-26
951392,underwater TV monitoring system,水下電視偵測系統,,2012-11-26
951393,underwater vacuum cleaner,水下真空清潔器,,2012-11-26
951394,uneliability,不可靠性,,2012-11-26
951395,un-enriched uranium,非濃化鈾,,2012-11-26
951396,uniaxial tensile test,單軸拉力試驗,,2012-11-26
951397,unidentified leakage,未確認滲漏,,2012-11-26
951398,unified atomic mass constant,統一原子質量常數,,2012-11-26
951399,unified atomic weight,統一原子量,,2012-11-26
951400,unified model,統一模型,,2012-11-26
951401,unified model of nuelei,原子核統一模型,,2012-11-26
951402,uniform,〔均〕勻；等,,2012-11-26
951403,uniform beam,均強射柱,,2012-11-26
951404,uniform field,均強場,,2012-11-26
951405,unilayer,單層,,2012-11-26
951406,unimolecular,單分子,,2012-11-26
951407,unionized,未游離化,,2012-11-26
951408,un-ionized atom,非游離原子,,2012-11-26
951409,unipolar,單極性,,2012-11-26
951410,unipolar arc,單極弧,,2012-11-26
951411,unipolar pulse shaping,單極性脈衝整形,,2012-11-26
951412,unipolar shaping,單極性整形,,2012-11-26
951413,unirradiated,未經照射的；未受輻射的,,2012-11-26
951414,unit,(一)單位；(二)機組；裝置,,2012-11-26
951415,unit area,單位面積,,2012-11-26
951416,unit auxiliary transformer,機組輔助變壓計,,2012-11-26
951417,unit capital cost,單位設廠成本,,2012-11-26
951418,unit capital cost of plant,電廠單位成本,,2012-11-26
951419,unit cell,晶格單元,,2012-11-26
951420,unit charge,單位電荷,,2012-11-26
951421,unit length,單位長度,,2012-11-26
951422,unit process,單位操作,,2012-11-26
951423,unit sequence starting relay,機組次序起動電驛,,2012-11-26
951424,unit sequence switch,機組次序開關,,2012-11-26
951425,unit startup and shutodwn,機組起動和停爐,,2012-11-26
951426,unit thermal conductance,單位熱導,,2012-11-26
951427,unit time,單位時間,,2012-11-26
951428,unit volume,單位體積,,2012-11-26
951429,unit weight,單位重量,,2012-11-26
951430,unit， absolute,絕對單位,,2012-11-26
951433,unit， angstron,埃單位,,2012-11-26
951448,unit， electromagentic,電磁系單位,,2012-11-26
951452,unit， fundamental,基本單位,,2012-11-26
951458,unit， mobile chainreacting,可移動鏈反應器,,2012-11-26
951462,unit， physical atomic mass,物理原子質量單位,,2012-11-26
951463,unit， physical atomic weight,物理原子量單位,,2012-11-26
951464,unit， power,動力裝置,,2012-11-26
951466,unit， production,生產機組,,2012-11-26
951467,unit， quench(ing),(一)滅火器(二)阻尼器,,2012-11-26
951468,unit， R,侖琴單位,,2012-11-26
951472,unit， read-out,計算線路；讀出裝置,,2012-11-26
951473,unit， recombination,複合裝置,,2012-11-26
951475,unit， remote handling,遙控機械手,,2012-11-26
951476,unit， Rutherford,拉〔塞福〕單位,,2012-11-26
951478,unit， scintillation,閃爍計數器,,2012-11-26
951489,unit， stationary chainreacting,定態鏈反應器,,2012-11-26
951494,unit， telecuric,遠隔居里設備,,2012-11-26
951495,unit， test,試驗裝置,,2012-11-26
951496,unit， timing,計時裝置,,2012-11-26
951499,unit. N,N單位,,2012-11-26
951500,unitarity,公正性,,2012-11-26
951501,unit-cell parameters,晶格單元參數,,2012-11-26
951502,unitized,統一的,,2012-11-26
951503,units， repetitive,重複單元,,2012-11-26
951504,unity,(一)單位(二)單一,,2012-11-26
951505,universal gas constant,通用氣體常數,,2012-11-26
951506,universal instability,普遍不穩定性,,2012-11-26
951507,universal manipulator,通用操作器,,2012-11-26
951508,universe,宇宙,,2012-11-26
951509,university training reactor,大學訓練反應器,,2012-11-26
951510,unlabeled,未標誌的,,2012-11-26
951511,unleachable,不可浸出的；不可濾瀝的,,2012-11-26
951512,unloading,卸載,,2012-11-26
951513,unloading device,卸載設備,,2012-11-26
951514,unloading face,卸載面,,2012-11-26
951515,unloading machine,卸載機器,,2012-11-26
951516,unlocking,脫鎖；開鎖,,2012-11-26
951517,unlocking handle,開鎖手柄,,2012-11-26
951518,unlocking tube,釋放管；脫鎖管,,2012-11-26
951519,unmodified scatter,未修正散射,,2012-11-26
951520,unobservable,不可見的,,2012-11-26
951521,unoccupied,未滿的〔能階〕,,2012-11-26
951522,unpaired,不成對的〔電子〕,,2012-11-26
951523,unperturbed,未擾動的,,2012-11-26
951524,unplugged,非封閉的,,2012-11-26
951525,unprocessed material,未煉材料；未處理材料,,2012-11-26
951526,unrestricted area,非限制區,,2012-11-26
951527,unsealed radioactive material,非密封放射性物質,,2012-11-26
951528,unsealed source,非密封源,,2012-11-26
951529,unserviceability,無用性；不可用性,,2012-11-26
951530,unsharpness,不銳利；模糊,,2012-11-26
951531,unstable element,不穩定元素,,2012-11-26
951532,unstable isotope,不穩定同位素,,2012-11-26
951533,unstable molecule,不穩定分子,,2012-11-26
951534,unstable state,不穩定態,,2012-11-26
951535,unstable-film boiling,不穩定介膜沸騰,,2012-11-26
951536,upgrading,(一)濃化(二)提昇〔品質〕,,2012-11-26
951537,upper core grid,核〔爐〕心上格架,,2012-11-26
951538,upper guide roller,上導滾子,,2012-11-26
951539,upper level discriminator,上能階鑑別器,,2012-11-26
951540,upper plenum,上充氣部,,2012-11-26
951541,upper tie plate,上部繫板,,2012-11-26
951542,upper trip level,上跳脫準位,,2012-11-26
951543,upscale,超標度,,2012-11-26
951544,upscale alarm,超標度警報,,2012-11-26
951545,upscale trip,超標度跳脫,,2012-11-26
951546,upscale trip circuit,超標度跳脫電路,,2012-11-26
951547,upscattering,增能散射,,2012-11-26
951548,upset condition,傾覆狀態,,2012-11-26
951549,uptake,吸取,,2012-11-26
951550,uptake factor,吸取因數,,2012-11-26
951551,uptake rate,吸取率,,2012-11-26
951552,uptake ratio,吸取比,,2012-11-26
951553,upward,向上,,2012-11-26
951554,upward flow,向上流,,2012-11-26
951555,upwind fall-out,上風落塵,,2012-11-26
951556,uraconite,土狀硫酸鈾礦,,2012-11-26
951557,uranates,鈾酸鹽,,2012-11-26
951558,uranates， uranyl,鈾酸鈾醯,,2012-11-26
951559,urania,氧化鈾,,2012-11-26
951560,uranic acid,酸酸,,2012-11-26
951561,uranides,超錒元素,,2012-11-26
951562,uraninite,瀝青鈾礦,,2012-11-26
951563,uranium,鈾,,2012-11-26
951564,uranium acetate,醋酸鈾,,2012-11-26
951565,uranium age,鈾年積,,2012-11-26
951566,uranium alloy,鈾合金,,2012-11-26
951567,uranium and hevay water pile,鈾重水反應堆,,2012-11-26
951568,uranium bar,鈾棒,,2012-11-26
951569,uranium block,鈾塊,,2012-11-26
951570,uranium bomb,鈾彈,,2012-11-26
951571,uranium carbide,碳化鈾,,2012-11-26
951572,uranium carbonate complexes,碳酸鈾錯合基,,2012-11-26
951573,uranium concentrate,鈾精礦,,2012-11-26
951574,uranium content,鈾含量,,2012-11-26
951575,uranium credit,鈾貸款,,2012-11-26
951576,uranium creep,鈾蠕變,,2012-11-26
951577,uranium decay series,鈾衰變系,,2012-11-26
951578,uranium deposits,鈾礦床,,2012-11-26
951579,uranium dioxide,二氧化鈾,,2012-11-26
951580,uranium fission,鈾分裂,,2012-11-26
951581,uranium fluoride,氟化鈾,,2012-11-26
951582,uranium fuel element,鈾燃料元素,,2012-11-26
951583,uranium halide,鹵化鈾,,2012-11-26
951584,uranium hexafluoride,六氟化鈾,,2012-11-26
951585,uranium iodate,碘酸鈾,,2012-11-26
951587,uranium metal,金屬鈾,,2012-11-26
951588,uranium milling,鈾礦磨製,,2012-11-26
951589,uranium mineral,鈾礦物,,2012-11-26
951590,uranium mining,鈾礦開採,,2012-11-26
951591,uranium monosulfide,一硫化鈾,,2012-11-26
951592,uranium monoxide,一氧化鈾,,2012-11-26
951593,uranium nitrage,硝酸鈾,,2012-11-26
951594,uranium nitride,氮化鈾,,2012-11-26
951595,uranium of natural enrichment,天然濃化鈾,,2012-11-26
951596,uranium ore,鈾礦石,,2012-11-26
951597,uranium oxide,氧化鈾,,2012-11-26
951598,uranium peroxide,過氧化鈾,,2012-11-26
951599,uranium pile,鈾堆,,2012-11-26
951600,uranium poisoning,鈾中毒,,2012-11-26
951601,uranium purification,鈾純化,,2012-11-26
951602,uranium radium series,鈾系,,2012-11-26
951603,uranium reactor,鈾反應器,,2012-11-26
951604,uranium reconnaissance,鈾勘查,,2012-11-26
951605,uranium refining,鈾精煉,,2012-11-26
951606,uranium rod,鈾棒,,2012-11-26
951607,uranium salt,鈾鹽,,2012-11-26
951608,uranium series,鈾系,,2012-11-26
951609,uranium slug,鈾錠；鈾燃料,,2012-11-26
951610,uranium stearate,硬脂酸鈾,,2012-11-26
951611,uranium sulfate,硫酸鈾鹽,,2012-11-26
951612,uranium sulfide,硫化鈾,,2012-11-26
951613,uranium system,鈾系統,,2012-11-26
951614,uranium tetrafluoride,四氟化鈾,,2012-11-26
951615,uranium tetroxide,四氟化鈾,,2012-11-26
951616,uranium trioxide,三氧化三鈾,,2012-11-26
951617,uranium water lattice,鈾水架格,,2012-11-26
951618,uranium X,鈾X,,2012-11-26
951619,uranium Y,鈾Y,,2012-11-26
951620,uranium Z,鈾Z,,2012-11-26
951622,uranium， aluminiumclad,鋁護套鈾,,2012-11-26
951625,uranium， fertile,可孕鈾,,2012-11-26
951628,uranium， natural,天然鈾,,2012-11-26
951629,uranium， naturallyoccurring,天然鈾,,2012-11-26
951631,uranium， powdered,鈾粉,,2012-11-26
951632,uranium， unenriched,未濃化鈾,,2012-11-26
951637,uranium-Ⅰ,鈾Ⅰ,,2012-11-26
951638,uranium-235,鈾235,,2012-11-26
951639,uranium-Ⅱ,鈾Ⅱ,,2012-11-26
951640,uranium-actinium series,鈾錒系,,2012-11-26
951641,uranium-actinium,鈾錒,,2012-11-26
951642,uranium-containing,含鈾的,,2012-11-26
951643,uranium-graphite lattice,鈾石墨格子,,2012-11-26
951644,uranium-graphite pile,鈾石墨堆,,2012-11-26
951646,uranium-lead ages,鈾鉛年積,,2012-11-26
951647,uranium-thorium reactor,鈾釷反應器,,2012-11-26
951648,uranium-zirconium alloy,鈾鋯合金,,2012-11-26
951649,uranmolybdate,鉬酸鈾礦,,2012-11-26
951650,uranniobite,晶鈾礦,,2012-11-26
951651,uranochalcite,硫酸鈣銅鈾礦,,2012-11-26
951652,uranocircite,磷酸鋇鈾礦,,2012-11-26
951653,uranolepidite,銅鈾礦,,2012-11-26
951654,uranophane,矽酸鈣鈾礦,,2012-11-26
951655,uranopilite,硫酸鈣鈾礦,,2012-11-26
951656,uranospathite,含水磷酸鈾礦,,2012-11-26
951657,uranosphinite,砷酸鈣鈾礦,,2012-11-26
951658,uranothorite,矽酸鈾釷礦,,2012-11-26
951659,uranotile,矽酸鈣鈾礦,,2012-11-26
951660,uranous,含四價鈾的,,2012-11-26
951661,uranous uranic oxide,八氧化三鈾,,2012-11-26
951662,uranyl acetate,醋酸鈾醯,,2012-11-26
951663,uranyl compounds,鈾醯化合物,,2012-11-26
951664,uranyl fluoride,氟化鈾醯,,2012-11-26
951665,uranyl nitrate,硝酸鈾醯,,2012-11-26
951666,uranyl salt,鈾醯鹽,,2012-11-26
951667,uranyl sulfate,硫酸鈾醯,,2012-11-26
951668,urethrography,尿道放射攝影術,,2012-11-26
951669,urgite,變質瀝青鈾礦,,2012-11-26
951670,uric acid,脲酸,,2012-11-26
951671,urinalysis,尿樣分析,,2012-11-26
951672,urnayl,鈾醯,,2012-11-26
951673,urography,泌尿系放射攝影術,,2012-11-26
951674,usage,使用；應用,,2012-11-26
951675,usage， long-term,長期操作；連續運轉,,2012-11-26
951676,use charge,租用費,,2012-11-26
951678,use， field,野外利用,,2012-11-26
951680,use， peaceful,和平用途,,2012-11-26
951681,use-as-is,照現況使用,,2012-11-26
951682,used fuel,用過燃料,,2012-11-26
951683,useful beam,有用射柱,,2012-11-26
951684,useful capture,有用捕獲,,2012-11-26
951685,useful neutrons,有用中子,,2012-11-26
951686,useful power,有用功率,,2012-11-26
951687,useful thermal power,有用熱功率,,2012-11-26
951688,user,使用者,,2012-11-26
951689,user， isotope,同位素使用者,,2012-11-26
951690,utilization,利用,,2012-11-26
951691,utilization factor,利用因數,,2012-11-26
951692,utilization， thermal,熱中子的利用,,2012-11-26
951693,U-tube reheater section,U管重熱器部分,,2012-11-26
951694,uvanite,釩酸鈾礦,,2012-11-26
951697,volume， containment,圍阻體積,,2012-11-26
951699,volume， elementary scattering,基本散射體積,,2012-11-26
951700,volume， ion-collecting,離子收集體積,,2012-11-26
951701,volume， molecular,分子體積,,2012-11-26
951702,volume， scattering,散射體積,,2012-11-26
951705,volume， zero,零體積,,2012-11-26
951706,volumetric change,體積改變,,2012-11-26
951707,volumetric discharge ratio,體積排洩比,,2012-11-26
951708,volumetric flow rate,容量流速率,,2012-11-26
951709,volute,螺旋型小室,,2012-11-26
951710,vomiting due to radiation,輻射引起嘔吐,,2012-11-26
951711,Von Karman number,馮卡門數,,2012-11-26
951712,vortes tube,渦漩管,,2012-11-26
951713,vortex,渦漩,,2012-11-26
951714,vortex finder,渦漩鏡,,2012-11-26
951715,VPF (vender print file),賣方畫押檔案,,2012-11-26
951716,VT (visual test),目視檢驗,,2012-11-26
951717,VT (voltage transformer),變壓器,,2012-11-26
951718,wafer,晶片,,2012-11-26
951719,wagon project,貨車計畫〔美國原子能和平用途耕犂計畫之一，以研究開鑿山洞為目的。〕,,2012-11-26
951720,walk,移動；行走,,2012-11-26
951721,walk effect,移動效應,,2012-11-26
951723,wall,牆；壁,,2012-11-26
951724,wall absorption,壁吸收,,2012-11-26
951725,wall effect,壁效應,,2012-11-26
951726,wall loss,壁損失,,2012-11-26
951727,wall recombination,〔碰〕壁復合,,2012-11-26
951728,wall scattering,〔碰〕壁散射,,2012-11-26
951732,wall， nuclear,核表面,,2012-11-26
951733,wall， reactor,反應器壁,,2012-11-26
951735,wall， tissue-equivalent,組織等值壁,,2012-11-26
951736,wall， water,水牆,,2012-11-26
951737,wall-less ionization chamber,無壁游離腔,,2012-11-26
951738,Wallodi Weiball law,魏波定律,,2012-11-26
951739,walpuagite,砷酸鉍鈾礦,,2012-11-26
951740,wandering,飄動,,2012-11-26
951741,warehouses,倉庫,,2012-11-26
951742,warfare agent,戰劑,,2012-11-26
951743,warhead,彈頭,,2012-11-26
951744,warhead， uranium,鈾彈頭,,2012-11-26
951745,warm,低〔強度〕放射性,,2012-11-26
951746,warm front,暖鋒,,2012-11-26
951747,warning,警告,,2012-11-26
951748,warning assembly,警告裝置,,2012-11-26
951749,warning label,警告標誌,,2012-11-26
951750,warning lamp,警示燈,,2012-11-26
951751,warning level,警告準位,,2012-11-26
951752,warning lights,警告燈,,2012-11-26
951753,warning shield,警告屏蔽,,2012-11-26
951754,warning sign,警告標誌,,2012-11-26
951755,warning， danger,危險警告,,2012-11-26
951756,warpage,翹曲；彎曲,,2012-11-26
951757,washdown station,沖洗站,,2012-11-26
951758,washer,墊圈,,2012-11-26
951759,washer coulmn,洗滌塔,,2012-11-26
951760,washout,清洗,,2012-11-26
951761,waste,廢料,,2012-11-26
951762,waste calciner,廢料鍛燒爐,,2012-11-26
951763,waste collecting tank,廢料收集桶〔槽〕,,2012-11-26
951764,waste collector,廢料收集器,,2012-11-26
951765,waste collector filter inlet valve,廢料收集器濾器輸入閥,,2012-11-26
951766,waste collector filter outlet valve,廢料收集器濾器輸出閥,,2012-11-26
951767,waste collector pump,廢料收集器泵,,2012-11-26
951768,waste concentrator,廢料濃縮器,,2012-11-26
951769,waste demineralizer effluent,廢料除礦劑流出物,,2012-11-26
951770,waste density,廢料密度,,2012-11-26
951771,waste disposal,廢料處置,,2012-11-26
951772,waste disposal legal aspects,廢料處置的法律,,2012-11-26
951773,waste filter,廢料濾器,,2012-11-26
951774,waste heat recovery,廢熱回收,,2012-11-26
951775,waste influent,廢料流入物,,2012-11-26
951776,waste neutralizer tank,廢料中和劑槽,,2012-11-26
951777,waste neutralizing system,廢料中和系統,,2012-11-26
951778,waste neutralizing tank,廢料中和槽,,2012-11-26
951779,waste pollution,廢料污染,,2012-11-26
951780,waste processing,廢料處理,,2012-11-26
951781,waste recovery,廢料回收,,2012-11-26
951782,waste sample tank,廢料樣品槽,,2012-11-26
951783,waste sludge tank,廢漿槽,,2012-11-26
951784,waste solidification system,廢料固化系統,,2012-11-26
951785,waste surge pump,廢料緩衝泵,,2012-11-26
951786,waste surge tank,廢料緩衝槽,,2012-11-26
951787,waste surge tank level,廢料緩衝槽水面,,2012-11-26
951788,waste treatment,廢料處理,,2012-11-26
951789,waste uranium,廢鈾,,2012-11-26
951790,waste water,廢水,,2012-11-26
951797,waste， fuel-processing,燃料處理廢料,,2012-11-26
951803,waste， intermediatelevel,中〔強度〕放射性廢料,,2012-11-26
951806,waste， naturalized,天然化廢料,,2012-11-26
951808,waste， nuclear,核廢料,,2012-11-26
951809,waste， process(ing),生產廢料,,2012-11-26
951810,waste， radioactive,放射性廢料；放射性待處理物料,,2012-11-26
951812,water,水,,2012-11-26
951813,water activity meter,水活度計,,2012-11-26
951814,water balance,水平衡,,2012-11-26
951816,water boiler reactor,水鍋反應器,,2012-11-26
951817,water boiling reactor,水沸騰反應器,,2012-11-26
951818,water chiller,水冷凍器,,2012-11-26
951819,water chilling unit,水冷凍裝置,,2012-11-26
951820,water column,水柱,,2012-11-26
951821,water condition,水狀態,,2012-11-26
951822,water cooled reactor,水冷反應器,,2012-11-26
951823,water corrosion,水腐蝕,,2012-11-26
951824,water detector,水偵檢器,,2012-11-26
951825,water gap,水間隙,,2012-11-26
951826,water hammer,水鎚,,2012-11-26
951827,water injection nozzle,注水噴嘴,,2012-11-26
951828,water jacket,水套,,2012-11-26
951829,water leakage detection,水滲漏偵檢,,2012-11-26
951830,water leg,水腳壁,,2012-11-26
951831,water leg pump,充水段泵,,2012-11-26
951832,water level,水位,,2012-11-26
951833,water level control,水位控制,,2012-11-26
951834,water level logics,水位邏輯,,2012-11-26
951835,water line,水管,,2012-11-26
951836,water load,水負荷,,2012-11-26
951837,water logging rupture,塞水破裂,,2012-11-26
951838,water loop,水環路,,2012-11-26
951839,water moderated lattice,水緩和格子,,2012-11-26
951840,water moderated reactor,水緩和反應器,,2012-11-26
951841,water monitor,水偵測器,,2012-11-26
951842,water monitor chamber,水偵測器腔,,2012-11-26
951843,water monitoring,水偵測,,2012-11-26
951844,water neutron shield; water shield,水〔中子〕屏蔽,,2012-11-26
951845,water pool,水池,,2012-11-26
951846,water quality,水質,,2012-11-26
951847,water quality monitor,水質偵測器,,2012-11-26
951848,water quality standard,水質標準,,2012-11-26
951849,water quench tank,水驟冷槽,,2012-11-26
951850,water return line,回水管,,2012-11-26
951851,water rod,水棒,,2012-11-26
951852,water sampler,水取樣器,,2012-11-26
951853,water sealing cap,"水封蓋",,2012-11-26
951854,water slurry,水漿體,,2012-11-26
951855,water spacer rod,水間隔棒,,2012-11-26
951856,water supply,水供應,,2012-11-26
951857,water system,水系統,,2012-11-26
951858,water vapor pressure,〔水〕汽壓,,2012-11-26
951865,water， feed,(一)給水(二)飲用水,,2012-11-26
951872,water， pressurized,加壓水,,2012-11-26
951873,water， process,工業用水,,2012-11-26
951874,water， recirculation,再循環水,,2012-11-26
951875,water， reconstituted heavy,複製重水,,2012-11-26
951880,water， tritiated,氚飽和水,,2012-11-26
951881,waterborne,水載,,2012-11-26
951882,water-filled window,充氣窗,,2012-11-26
951883,water-oil separator,水油分離器,,2012-11-26
951884,waters， public,公用水,,2012-11-26
951885,water-water reactor,水水反應器,,2012-11-26
951886,watt,瓦〔特〕,,2012-11-26
951887,wattage rating,瓦特額定值,,2012-11-26
951888,watthour meter,瓦特時計,,2013-05-03
951889,wattmeter,瓦特計,,2012-11-26
951890,watt's formula,瓦特公式,,2012-11-26
951891,wave,波,,2012-11-26
951892,wave diffraction,波繞射,,2012-11-26
951893,wave equation,波方程式,,2012-11-26
951894,wave function,波函數,,2012-11-26
951895,wave guide,波導,,2012-11-26
951896,wave hight,波高,,2012-11-26
951897,wave length shifter,波長移變器,,2012-11-26
951898,wave mechanical atom model,波動力學原子模型,,2012-11-26
951899,wave mechanics,波動力學,,2012-11-26
951900,wave number,波數,,2012-11-26
951901,wave particle duality,波與質點二元論,,2012-11-26
951902,wave radiation,波輻射,,2012-11-26
951903,wave shape,波形,,2012-11-26
951904,wave surface,波面,,2012-11-26
951905,wave vector,波向量,,2012-11-26
951906,wave velocity,波速度,,2012-11-26
951913,wave， de Broglie,德布各利波,,2012-11-26
951917,wave， magnetically driven shock,磁場驅動的震波,,2012-11-26
951918,wave， neutron,中子波,,2012-11-26
951919,wave， non-flip scattered,不跳動〔保持軌道自旋〕散射波,,2012-11-26
951921,wave， plane,平面波,,2012-11-26
951922,wave， plane-polarized electromagnetic,平面偏振電磁波,,2012-11-26
951923,wave， power,功率波,,2012-11-26
951924,wave， proton,質子波,,2012-11-26
951930,wave， torsional hydromagnetic,磁流體扭波,,2012-11-26
951931,wave， travelling,行波,,2012-11-26
951932,waveform,波形,,2012-11-26
951933,wave-length,波長,,2012-11-26
951935,wave-length， cut-off,截止波長,,2012-11-26
951936,wave-length， de Broglie,德布各利波長,,2012-11-26
951938,wave-length， neutron,中子波長,,2012-11-26
951939,wave-length， threshold,低限波長,,2012-11-26
951940,wave-length， wriggle,彎曲波長,,2012-11-26
951941,wave-length， zero,零波長,,2012-11-26
951943,waves， matter,物質波,,2012-11-26
951944,waves， plasma,電漿波,,2012-11-26
951945,wax phantom,蠟像；蠟假體,,2012-11-26
951946,WC (waste collector),廢料收集器,,2012-11-26
951947,WC filter,廢料收集器濾器,,2012-11-26
951948,WC filter valve,廢料收集器濾器閥,,2012-11-26
951949,WC tank,廢料收集器槽,,2012-11-26
951950,weak interaction,弱互應作用；弱〔交互〕作用,,2012-11-26
951951,weakly ionized plasma,弱游離電漿,,2012-11-26
951952,weapon,武器,,2012-11-26
951953,weapon debris,武器殘骸；碎片,,2012-11-26
951959,weapons effect,武器效應,,2012-11-26
951960,weapons phenomenology,武器現象學,,2012-11-26
951961,weapons test,武器試爆,,2012-11-26
951962,weapons test detection,武器試爆偵檢,,2012-11-26
951963,wear out period,老化折損期,,2012-11-26
951964,wear resistant,耐磨,,2012-11-26
951965,wear ring,耐磨環,,2012-11-26
951966,wedge,尖劈；楔,,2012-11-26
951967,wedge and restrainer,楔和制止環,,2012-11-26
951968,wedge filter,楔形濾器,,2012-11-26
951969,wedge spectrograph,楔形譜儀,,2012-11-26
951971,wedge， grey,灰楔,,2012-11-26
951972,weighing,權重；稱,,2012-11-26
951973,weighing feeder,定量進料器,,2012-11-26
951974,weighing， fission,分裂權重,,2012-11-26
951975,weight,重量,,2012-11-26
951976,weight percent,重量百分比,,2012-11-26
951979,weight， gram-mole-cular,克份子量,,2012-11-26
951980,weight， isotopic,同位素原子量,,2012-11-26
951981,weight， mean atomic,平均原子量,,2012-11-26
951985,weighting function,權重函數,,2012-11-26
951986,weightless deposit,無重量積存,,2012-11-26
951987,weightless sample preparation,無重量試樣準備,,2012-11-26
951988,weir,堰；壩,,2012-11-26
951989,weir anulus,堰環；圳環,,2012-11-26
951990,weir wall,堰牆；圳牆,,2012-11-26
951991,Weiss magneton,外司磁子,,2012-11-26
951992,weld,熔接,,2012-11-26
951993,weld decay,熔接衰變,,2012-11-26
951994,weld joint configration,熔接接合組態,,2012-11-26
951995,weld location,熔接位置,,2012-11-26
951996,welded construction,熔接構造,,2012-11-26
951997,welded joint,熔接接頭,,2012-11-26
951998,welded plate pipe,熔接板管,,2012-11-26
951999,welded seal,熔接密封,,2012-11-26
952000,welding research,熔接研究,,2012-11-26
952001,well,井,,2012-11-26
952002,well logging,探勘油井,,2012-11-26
952003,well type counter,井型計數器,,2012-11-26
952004,well type reactor,井型反應器,,2012-11-26
952005,well type scintillator,井型閃爍計數器,,2012-11-26
952008,well， injection,注入井,,2012-11-26
952009,well， irradiation,照射井,,2012-11-26
952013,well， radio-logging,放射探勘井,,2012-11-26
952014,well， rounded-edge,圓角勢阱,,2012-11-26
952021,well， tensor,張量勢阱,,2012-11-26
952022,well， thermocouple,勢電偶孔道,,2012-11-26
952023,well， Yukawa-type,湯川阱,,2012-11-26
952024,well-head pressure,井頭壓,,2012-11-26
952025,well-type,井型,,2012-11-26
952026,well-type scintillator detector,井型閃爍偵檢器,,2012-11-26
952027,well-type sodium iodide crystal,井型碘化鈉晶體,,2012-11-26
952028,Westcott cross section,威斯克特截面,,2012-11-26
952029,wet criticality,濕臨界,,2012-11-26
952031,wet reprocessing,濕再處理,,2012-11-26
952032,wet-steam cooled reactor,濕蒸汽冷卻反應器,,2012-11-26
952033,wetting,潤濕,,2012-11-26
952034,wetting condition,潤濕狀態,,2012-11-26
952035,wetwell temperature,濕室溫度,,2012-11-26
952036,Wheaston bridge,惠士同電橋,,2012-11-26
952037,white blood cell,白血球,,2012-11-26
952038,white blood count,白血球計數,,2012-11-26
952039,white corpuscle,白血球,,2012-11-26
952040,white count,白血球計數,,2012-11-26
952041,white noise,白雜波,,2012-11-26
952042,whole body count,全身計數,,2012-11-26
952043,whole body counter,全身計數器,,2012-11-26
952044,whole body dose,全身劑量,,2012-11-26
952045,whole body exposure,全身曝露,,2012-11-26
952046,whole body irradiation,全身照射,,2012-11-26
952047,whole number,整數,,2012-11-26
952048,whole-body monitor,全身偵測器,,2012-11-26
952049,whole-body radiation meter,全身輻射計,,2012-11-26
952050,wide range monitor,大範圍偵測器,,2012-11-26
952051,widely spaced lattice,寬間隔晶格,,2012-11-26
952052,wide-range,寬帶的,,2012-11-26
952053,widing， pole-face,極面繞線,,2012-11-26
952054,width,寬度,,2012-11-26
952061,width， fission,分裂寬度,,2012-11-26
952065,width， intrinsic line,內廩〔光譜〕線寬度,,2012-11-26
952066,width， level,能階寬度,,2012-11-26
952068,width， mesh,篩格寬度,,2012-11-26
952069,width， neutron,中子寬度,,2012-11-26
952071,width， pulse,脈衝寬度,,2012-11-26
952072,width， radiation,輻射寬度,,2012-11-26
952073,width， radiative,輻射寬度,,2012-11-26
952074,width， reduced,約化寬度,,2012-11-26
952075,width， resolution,鑑別寬度,,2012-11-26
952076,width， resonancelevel,共振能階寬度,,2012-11-26
952077,Wien's displacement law,交因位移定律,,2012-11-26
952078,Wigner effect,威格納效應,,2012-11-26
952079,Wigner energy,威格納能量,,2012-11-26
952080,wigner gap,威格納溝,,2012-11-26
952081,Wigner growth,威格納生長,,2012-11-26
952082,Wigner nuclides,威格納核種,,2012-11-26
952083,Wigner release,威格納釋放,,2012-11-26
952084,Wigner theorem,威格納理論,,2012-11-26
952085,Wigner-Wilkins distribution,威格納-威爾金分布,,2012-11-26
952086,wiikite,鈮鉭酸釓鈦礦,,2012-11-26
952087,Wilkinson ADC,威金生類比數字轉換器,,2012-11-26
952088,Wilson chamber; Wilson cloud chamber,威耳生霧室,,2012-11-26
952089,wind aloft,風頂,,2012-11-26
952090,wind criteria,風基準,,2012-11-26
952091,wind drift,風吹送,,2012-11-26
952092,wind load,風負載,,2012-11-26
952093,wind tunnel test,風洞試驗,,2012-11-26
952094,winding,(一)繞組；(二)繞法,,2012-11-26
952098,winding， magnet,電磁鐵線圈,,2012-11-26
952099,windmill,風車,,2012-11-26
952100,window,窗,,2012-11-26
952101,window amplifier,窗放大器,,2012-11-26
952102,window analyzer,窗分析器,,2012-11-26
952103,window counter tube,窗計數器管,,2012-11-26
952104,window scattering,窗散射,,2012-11-26
952107,window， end,尾窗,,2012-11-26
952108,window， observation,觀察窗,,2012-11-26
952110,window， shielding,屏蔽窗,,2012-11-26
952111,window， viewing,觀察窗,,2012-11-26
952112,window， zinc-bromide,溴化鋅窗,,2012-11-26
952113,windowless,無窗,,2012-11-26
952114,windowless counter,無窗計數器,,2012-11-26
952115,windowless detector,無窗偵檢器,,2012-11-26
952116,windowless photomultiplier,無窗光電倍增器,,2012-11-26
952117,Windscale,文治克耳〔英國原子能中心之一〕,,2012-11-26
952118,windward wall,向風牆,,2012-11-26
952119,winebottle potential,酒瓶勢位,,2012-11-26
952120,wing,翼；盤,,2012-11-26
952121,wing of the curve,曲線翼,,2012-11-26
952122,wings of the resonance level,共振曲線翼,,2012-11-26
952123,wipe,擦拭,,2012-11-26
952124,wipe test,擦拭試驗,,2012-11-26
952125,wiped-film evaporator,攪拌膜蒸發器,,2012-11-26
952126,wipe-out,拭去,,2012-11-26
952127,wiper seal,刮刷封環,,2012-11-26
952128,wire,金屬線,,2012-11-26
952129,wire mesh demister,線網除霧器,,2012-11-26
952130,wire penetrometer,絲穿透計,,2012-11-26
952131,wire scanner,絲線掃描器,,2012-11-26
952132,wire source,線〔輻射〕源,,2012-11-26
952133,withdraw,抽出,,2012-11-26
952134,withdraw command,抽出命令,,2012-11-26
952135,withdraw drive valve,抽出驅動閥,,2012-11-26
952136,withdraw exhaust valve,抽出排氣閥,,2012-11-26
952137,withdraw header,抽出總管,,2012-11-26
952138,withdraw line,抽出管,,2012-11-26
952139,withdraw solenoid valve,抽出電磁閥,,2012-11-26
952140,withdrawal,抽出,,2012-11-26
952141,withdrawal cycle,抽出循環,,2012-11-26
952142,withdrawal error,抽出誤差,,2012-11-26
952143,withdrawal of control rods,控制棒抽出,,2012-11-26
952144,withdrawal rate,抽離速率,,2012-11-26
952145,withdrawal， heat,排出熱,,2012-11-26
952146,withdrawal， intermittent rod,棒的間歇提動,,2012-11-26
952147,withdrawal， rod,棒移動,,2012-11-26
952148,withsraw signal,抽出信號,,2012-11-26
952149,witness,見證,,2012-11-26
952150,WL (working level),工作水平,,2012-11-26
952151,wobble frequency,亂頻率,,2012-11-26
952152,wobbling,振動；援動,,2012-11-26
952154,wolfram,鎢,,2012-11-26
952155,wolfram carbide,碳化鎢,,2012-11-26
952156,wolsendorfite,鈣鉛鈾礦,,2012-11-26
952157,wondow， lead-glass,鉛玻璃窗,,2012-11-26
952158,wood plastics,木塑膠,,2012-11-26
952159,wood-plastic combination,木質塑膠結合,,2012-11-26
952160,wood-plastic composite,木質塑膠合成,,2012-11-26
952161,Wood's discharge tube,伍得放電管,,2012-11-26
952162,word length,〔電腦〕字長,,2012-11-26
952163,word load,工作負載,,2012-11-26
952164,work,(一)功(二)工作,,2012-11-26
952165,work function,功函數,,2012-11-26
952166,work hardening,加工硬化,,2012-11-26
952171,work， medium-level,中強度放射性工作,,2012-11-26
952172,work， pilot-scale,實驗性規模工作,,2012-11-26
952173,work， radiochemical,放射化學處理,,2012-11-26
952175,work， X-ray,X射線工作,,2012-11-26
952176,worker,工作人員；職員,,2012-11-26
952177,worker， isotopic,同位素工作人員,,2012-11-26
952178,worker， X-ray,X射線工作人員,,2012-11-26
952179,working capital,營業資金,,2012-11-26
952180,working cycle,工作循環,,2012-11-26
952181,working fluid,工作流體,,2012-11-26
952182,working gas,工作氣體,,2012-11-26
952183,working level,工作水平,,2012-11-26
952184,working model,工作模型,,2012-11-26
952185,working platform,工作平台,,2012-11-26
952186,working temperature,工作溫度,,2012-11-26
952187,working voltage,工作電壓,,2012-11-26
952189,works， plutonium,鈽工廠,,2012-11-26
952191,world-wide fallout,全球落塵,,2012-11-26
952192,worst conceivable accident,最壞的假想事故,,2012-11-26
952193,worst expected state of operation,運轉最壞預期狀況,,2012-11-26
952194,worth,值,,2012-11-26
952195,worth characteristics,值特性,,2012-11-26
952196,worth of the fuel,燃料值,,2012-11-26
952198,worth， neutron,中子值,,2012-11-26
952199,worth， poison,毒物值,,2012-11-26
952200,worth， reactivity,反應度值,,2012-11-26
952201,wound contamination,傷口污染,,2012-11-26
952202,WPM (wide range monitor),大範圍偵測站,,2012-11-26
952203,wpring， scram-aiding,急停輔助彈簧,,2012-11-26
952204,wrapper,(一)包裝(二)殼,,2012-11-26
952205,wrapper， film,薄膜包裝,,2012-11-26
952206,wrenches,板鉗,,2012-11-26
952207,wriggle,彎曲,,2012-11-26
952208,write off,註銷,,2012-11-26
952209,wrought,鍛,,2012-11-26
952210,wrought austenitic stainless steel,鍛沃斯田不銹鋼,,2012-11-26
952211,wrought plate,鍛製板,,2012-11-26
952212,Wulf-Bragg relation,午耳夫－布勒格關係,,2012-11-26
952213,W-value,W值,,2012-11-26
952214,xanthate,黃原酸鹽,,2012-11-26
952215,xenon,氙,,2012-11-26
952216,xenon build up after shut-down,停機後氙增長,,2012-11-26
952217,xenon buildup,氙增長,,2012-11-26
952218,xenon burnout,氙燒毀,,2012-11-26
952219,xenon cold traps,氙冷阱,,2012-11-26
952220,xenon effect,氙效應,,2012-11-26
952221,xenon equilibrium,氙平衡,,2012-11-26
952223,xenon free core,無氙核〔爐〕心,,2012-11-26
952224,xenon instability,氙不穩定性,,2012-11-26
952225,xenon isotopes,氙同位素,,2012-11-26
952226,xenon oscillation,氙振盪,,2012-11-26
952227,xenon oscillation effect,氙振盪效應,,2012-11-26
952228,xenon override,氙毒克制,,2012-11-26
952229,xenon peak,氙最大中毒量,,2012-11-26
952230,xenon poisoning,氙毒害,,2012-11-26
952231,xenon poisoning computer,氙毒害計算機,,2012-11-26
952232,xenon poisoning predictor,氙毒害預測機,,2012-11-26
952233,xenon reactivity burnout,氙反應度燒毀,,2012-11-26
952234,xenon scintillation counter,氙閃爍計數器,,2012-11-26
952235,xenon tetrachloride,四氯化氙,,2012-11-26
952236,xenon tetroxide,四氧化氙,,2012-11-26
952237,xenon transient,氙瞬態,,2012-11-26
952238,xenon trioxide,三氧化氙,,2012-11-26
952239,xenotime,磷酸釔礦,,2012-11-26
952240,xeroradiography,乾放射攝影術,,2012-11-26
952241,X-irradiation,X照射,,2012-11-26
952242,X-radiation,X輻射,,2012-11-26
952243,X-radiography,X射線攝影術,,2012-11-26
952244,X-ray,X射線,,2012-11-26
952245,X-ray absorption edge,X射線吸收限,,2012-11-26
952246,X-ray analysis,X射線分析,,2012-11-26
952247,X-ray apparatus,X射線裝置,,2012-11-26
952248,X-ray background,X射線背景,,2012-11-26
952249,X-ray burn,X射線灼燒,,2012-11-26
952250,X-ray camera,X射線照像機,,2012-11-26
952251,X-ray contact therapy,X射線接觸治療,,2012-11-26
952252,X-ray coverage,X射線適用範圍,,2012-11-26
952253,X-ray crystallography,X射線晶體學,,2012-11-26
952254,X-ray deep therapy,X射線深部治療,,2012-11-26
952255,X-ray dermatitis,放射皮膚炎,,2012-11-26
952256,X-ray diffraction,X射線繞射,,2012-11-26
952257,X-ray diffractometer,X射線繞射計,,2012-11-26
952258,X-ray dose,X射線劑量,,2012-11-26
952259,X-ray erythema,X射線紅斑,,2012-11-26
952260,X-ray excitation fluorimeter,X射線激發螢光計,,2012-11-26
952261,X-ray film,X射線軟片,,2012-11-26
952262,X-ray fluorescence analysis,X射線螢光分析,,2012-11-26
952263,X-ray fluorescence thickness meter,X射線螢光厚度計,,2012-11-26
952264,X-ray focal spot,X射線焦點,,2012-11-26
952265,X-ray generator,X射線發生裝置,,2012-11-26
952266,X-ray goniometer,X射線角度計,,2012-11-26
952267,X-ray grid,X射線柵,,2012-11-26
952268,X-ray image,X射線像,,2012-11-26
952269,X-ray induced mutation,X射線誘發突變,,2012-11-26
952270,X-ray monochromator,X射線單波器,,2012-11-26
952271,X-ray mutation,X射線突變,,2012-11-26
952272,X-ray output,X射線輸出,,2012-11-26
952273,X-ray output at full rating,X射線全額定值輸出,,2012-11-26
952274,X-ray spectrogram,X射線譜圖,,2012-11-26
952275,X-ray spectrograph,X射線〔光〕譜儀,,2012-11-26
952276,X-ray spectrometer,X射線譜計,,2012-11-26
952277,X-ray spectrometry,X射線光譜學,,2012-11-26
952278,X-ray spectrum,X射線譜,,2012-11-26
952279,X-ray television apparatus,X射線電視裝置,,2012-11-26
952280,X-ray therapy,X射線治療,,2012-11-26
952281,X-ray therapy localizer,X射線治療定位器,,2012-11-26
952282,X-ray tube,X射線管,,2012-11-26
952283,X-raying,X射線照射,,2012-11-26
952284,X-rays,X射線,,2012-11-26
952285,X-rays characteristic,X射線特性,,2012-11-26
952294,X-unit,X單位,,2012-11-26
952295,Y strainer,Y型濾器,,2012-11-26
952296,Y-12,〔美國二次大戰時曼哈計畫中電磁分離廠代號〕,,2012-11-26
952297,yardman,調度員,,2012-11-26
952298,yearly average stack release rate,年平均煙囟釋放率,,2012-11-26
952299,yearly dose,年劑量,,2012-11-26
952300,yellow cake,黃餅〔重鈾酸鈉或銨〕,,2012-11-26
952301,yellow uranium,黃鈾,,2012-11-26
952302,yield curve,產率曲線,,2012-11-26
952303,yield distribution,產率分布,,2012-11-26
952304,yield per ion pair,每離子對的產率,,2012-11-26
952305,yield per particle,每粒子的產率,,2012-11-26
952306,yield point,屈服點；降伏點,,2012-11-26
952307,yield strength,屈服強度,,2012-11-26
952308,yield stress,屈服應力,,2012-11-26
952309,yield,產率,,2012-11-26
952315,yield， fission (product),分裂〔產物〕產率,,2012-11-26
952317,yield， fluorescent,螢光產率,,2012-11-26
952321,yield， independent fission yield,分裂產物直接產率,,2012-11-26
952325,yield， K-shell fluorescence,K層螢光產率,,2012-11-26
952326,yield， mass,質量產率,,2012-11-26
952329,yield， photonuclear,光核〔反應〕產率,,2012-11-26
952330,yield， poisoning,毒化產率,,2012-11-26
952332,yield， quantum,量子產率,,2012-11-26
952333,yield， radiation,輻射產率,,2012-11-26
952334,yield， relative,相對產率,,2012-11-26
952336,yield， thermal-fission,熱中子分裂產率,,2012-11-26
952337,yield， thermodynamic,熱力學產率,,2012-11-26
952338,yield， thermonuclear,熱核〔反應〕產率,,2012-11-26
952339,yielding point,屈服點,,2012-11-26
952340,yield-mass curve,產率質量曲線,,2012-11-26
952341,yield-weighted,按產率量度的,,2012-11-26
952342,ylem,假設重物質,,2012-11-26
952343,yoke,軛鐵,,2012-11-26
952345,yoke， magnet,磁軛；磁偏轉系統,,2012-11-26
952346,Young's modulus,楊格模量；楊格係數,,2012-11-26
952347,Y-particle,Y粒子,,2012-11-26
952348,Y-pattern globe valve,Y型球閥,,2012-11-26
952349,ytterbium,鐿,,2012-11-26
952350,yttrialite,矽酸釷釔礦,,2012-11-26
952351,yttrium,釓,,2012-11-26
952352,yttrium-90 rod,釔90棒,,2012-11-26
952353,yttrocolumbite,鉭鈮酸釔鈾礦,,2012-11-26
952354,yttrocrasite,酞酸釔釷礦,,2012-11-26
952355,yttrogummite,變質釔瀝青鈾礦,,2012-11-26
952356,yttrotantalite,鈮鉭酸釔鐵礦,,2012-11-26
952357,Yukawa kernel,湯川秀樹核仁,,2012-11-26
952358,Yukawa meson theory,湯川介子理論,,2012-11-26
952359,Yukawa potential,湯川位能,,2012-11-26
952360,Yukawa well,湯川井,,2012-11-26
952361,yukon,湯子,,2012-11-26
952362,Z-dependence,Z依持性,,2012-11-26
952363,Zebra column,斑馬塔〔溶劑萃取所用之一種萃取塔〕,,2012-11-26
952364,Zeeman effect,則曼效應,,2012-11-26
952365,zenith,天頂,,2012-11-26
952366,zenith angle effect,天頂角效應,,2012-11-26
952367,zeolite,沸石,,2012-11-26
952368,Zephyr,英國零功率快中子反應器縮寫,,2012-11-26
952369,Zephyr (Zero Energy Fast Reactor),英國零能快中子反應器,,2019-03-11
952370,Zerlina,印度零功率天然馱狨鳥嘗Y寫,,2012-11-26
952371,Zerlina (Zero Energy Reactor with Natural Uranium Fuel),天然鈾燃料零能反應器,,2012-11-26
952372,zero charge,零電荷,,2012-11-26
952373,zero crossing,零點交叉,,2012-11-26
952374,zero crossing method,零點交叉法,,2012-11-26
952375,zero crossing time pick-off,零點交叉時間選域,,2012-11-26
952376,zero drift,零點漂移,,2012-11-26
952377,zero energy,零能,,2012-11-26
952378,zero energy experimental pile,零能實驗堆,,2012-11-26
952379,zero gradient synchrotron,零梯度同步加速器,,2012-11-26
952380,zero of a circuit,電路之零點〔零位〕,,2012-11-26
952381,zero power,零功率,,2012-11-26
952382,zero reactor pressure,零反應器壓力,,2012-11-26
952383,zero release plant,零釋放電廠,,2012-11-26
952384,zero thickness,零厚度,,2012-11-26
952388,zero， ground,爆心投影地點,,2012-11-26
952389,time zero,時間零點,,2019-11-29
952390,zero-energy level,零能階,,2012-11-26
952391,zero-energy reactor,零能反應器,,2012-11-26
952392,zero-field emission current,零場發射電流,,2012-11-26
952393,zeroing,零位調整〔儀器〕,,2012-11-26
952394,zero-magnetic momentum,電磁動量,,2012-11-26
952395,zero-mass,零質量,,2012-11-26
952396,zero-moment,零矩,,2012-11-26
952397,zero-order function,零階函數,,2012-11-26
952398,zero-point energy,零點能,,2012-11-26
952399,zero-power reactor,微功率反應器；零功率反應器,,2012-11-26
952400,zero-zero transition,零零過渡；零零轉變,,2012-11-26
952401,ZETA (Zero Energy Thermonuclear Assembly),〔英國〕零能熱核裝置,,2012-11-26
952402,zeunerite,砷酸銅鈾礦,,2012-11-26
952403,ZEUS (Zero Energy Uranium System),零能鈾裝置,,2012-11-26
952404,Zeuto,雙測量範圍的阿伐粒子計數管,,2012-11-26
952405,Z-even,Z偶數,,2012-11-26
952406,zinc,鋅,,2012-11-26
952407,zinc bromide,溴化鋅,,2012-11-26
952408,zinc diethyl,二乙鋅,,2012-11-26
952409,zinc metal,金屬鋅,,2012-11-26
952410,zinc sulfide screen,硫化鋅幕〔屏〕,,2012-11-26
952411,zinc sulphide,硫化鋅,,2012-11-26
952412,zinnwaldite,鐵鋰雲母,,2012-11-26
952413,zippeite,硫酸鈾礦,,2012-11-26
952414,zircaloy,鋯合金,,2012-11-26
952415,zircaloy cladding,鋯合金護套,,2012-11-26
952416,zircaloy spacer,鋯合金間隔物,,2012-11-26
952417,zircaloy tube,鋯合金管,,2012-11-26
952418,zircaloy-2,鋯合金2,,2012-11-26
952419,zircaloy-2 cladding,鋯合金2護套,,2012-11-26
952420,zircaloy-2 tube,鋯合金2管,,2012-11-26
952421,zircaloy-4 cladding,鋯合金4護套,,2012-11-26
952422,zircex process,鋯萃取法,,2012-11-26
952423,zircon,鋯石,,2012-11-26
952424,zirconia,二氧化鋯,,2012-11-26
952425,zirconium,鋯,,2012-11-26
952426,zirconium alloy,鋯合金,,2012-11-26
952427,zirconium hydride,氫化鋯,,2012-11-26
952428,zirconium ores,鋯礦,,2012-11-26
952429,zirconium oxide refractory,氧化鋯耐火物,,2012-11-26
952430,zirconium sponge,鋯海綿,,2012-11-26
952431,zirconsand,鋯砂,,2012-11-26
952432,zirflex process,鋯套再製法,,2012-11-26
952433,zirkelite,鈦鋯釷礦,,2012-11-26
952434,Z-odd,Z奇數,,2012-11-26
952435,ZOE (Zero Oxide Eau),〔法國〕零能重水鈾反應器,,2012-11-26
952436,zone,(一)帶(二)區域,,2012-11-26
952437,zone axis,區軸,,2012-11-26
952438,zone melting,區〔域〕熔〔化〕,,2012-11-26
952439,zone method of associative storage,有關貯存的區域方法,,2012-11-26
952440,zone of a crystal,晶體帶,,2012-11-26
952444,zone， passive reactor,反應器非活性區,,2012-11-26
952447,zone， reaction,(一)反應器(二)活性區,,2012-11-26
952448,zone， reactor radiation,反應器活性區,,2012-11-26
952449,zone， wave,波帶；波段,,2012-11-26
952450,zwitterion,兩性離子,,2012-11-26
952451,zygote,受精卵,,2012-11-26
6249889,monitoring， personal,人員偵測,,2020-01-02
