ID,英文名稱,中文名稱,圖片,德文,日文,法類/法條,審定日期,更新日期
10645011,Principle of legality,罪刑法定原則／罪刑法定主義,,Gesetzlichkeitsprinzip,罪刑法定主義,,,2020-10-15
10645012,Prohibition of analogy (of law),類推禁止,,Analogieverbot,類推解釈の禁止,,,2020-10-15
10645013,Prohibition of retroactive law／Prohibition of ex post facto law,溯及禁止／溯及既往禁止,,Rückwirkungsverbot,遡及処罰の禁止,,,2020-10-15
10645014,Principle of clarity／Vagueness doctrine,明確性要求,,Bestimmtheitsgebot,明確性の要請,,,2020-10-15
10645015,Prohibition of customary law,習慣法禁止,,Gewohnheitsrechtsverbot,慣習法の排除,,,2020-10-15
10645016,Temporary law,限時法,,Zeitgesetz,限時法,,,2020-10-15
10645017,Worthiness of punishment,得罰性；應罰性,,Strafwürdigkeit,当罰性,,,2020-10-15
10645018,Necessity of punishment,需罰性,,Strafbedürftigkeit,要罰性,,,2020-10-15
10645019,Fulfillment of the legal element,構成要件該當性,,Tatbestandsmäßigkeit,構成要件該当性,,,2020-10-15
10645020,Unlawfulness,違法性,,Rechtswidrigkeit,違法性,,,2020-10-15
10645021,Culpability,罪責／有責性,,Schuld,責任；有責性,,,2020-10-15
10645022,Act,行為,,Handlung,行為,,,2020-10-15
10645023,Affirmative act,作為,,Tun,作為,,,2020-10-15
10645024,Omission,不作為,,Unterlassen,不作為,,,2020-10-15
10645025,Causation,因果關係,,Kausalität,因果関係,,,2020-10-15
10645026,Non-result constituted offense,行為犯；舉動犯,,Tätigkeitsdelikt,行為犯；挙動犯,,,2020-10-15
10645027,Result-constituted offense,結果犯,,Erfolgsdelikt,結果犯,,,2020-10-15
10645028,Legal interest,法益,,Rechtsgut,法益,,,2020-10-15
10645029,Basic legal element,基本構成要件,,Grundtatbestand,基本的構成要件,,,2020-10-15
10645030,Aggravated legal element,加重構成要件,,Qualifizierter Tatbestand,加重構成要件,,,2020-10-15
10645031,Mitigative legal element,減輕構成要件,,Privilegierter Tatbestand,減軽構成要件,,,2020-10-15
10645032,Objective condition for punishment,客觀處罰條件；客觀可罰性條件,,Objektive Strafbarkeitsbedingung,客観的処罰条件,,,2020-10-15
10645033,Normative legal element,規範性構成要件要素,,Normatives Tatbestandsmerkmal,規範的構成要件要素,,,2020-10-15
10645034,Descriptive legal element,描述性構成要件要素,,Deskriptives Tatbestandsmerkmal,記述的構成要件要素,,,2020-10-15
10645035,Objective legal element,客觀構成要件,,Objektiver Tatbestand,客観的構成要件,,,2020-10-15
10645036,Subjective legal element,主觀構成要件,,Subjektiver Tatbestand,主観的構成要件,,,2020-10-15
10645037,Statutory legal element,成文的構成要件要素,,Geschriebenes Tatbestandsmerkmal,条文に明記された構成要件要素,,,2020-10-15
10645038,Non-statutory legal element,不成文的構成要件要素,,Ungeschriebenes Tatbestandsmerkmal,書かれざる構成要件要素／記述されざる構成要件要素,,,2020-10-15
10645039,Criminal offense committed by affirmative act,作為犯,,Begehungsdelikt,作為犯,,,2020-10-15
10645040,Criminal offense committed by intent,故意犯,,Vorsatzdelikt,故意犯,,,2020-10-15
10645041,Criminal offense committed by negligence,過失犯,,Fahrlässigkeitsdelikt,過失犯,,,2020-10-15
10645042,Crimes constituted by violation of legal interests,實害犯,,Verletzungsdelikt,侵害犯,,,2020-10-15
10645043,Crimes constituted by endangerment of legal interests,危險犯,,Gefährdungsdelikt,危険犯,,,2020-10-15
10645044,Crimes constituted by concrete endangerment of legal interests,具體危險犯,,Konkretes Gefährdungsdelikt,具体的危険犯,,,2020-10-15
10645045,Crimes constituted by abstract endangerment of legal interests,抽象危險犯,,Abstraktes Gefährdungsdelikt,抽象的危険犯,,,2020-10-15
10645046,Status offense,身分犯；特別犯,,Sonderdelikt,身分犯,,,2020-10-15
10645047,Non-genuine status offense,不純正身分犯,,Unechtes Sonderdelikt,不真正身分犯,,,2020-10-15
10645048,Genuine status offense,純正身分犯,,Echtes Sonderdelikt,真正身分犯,,,2020-10-15
10645049,Crimes committed with one's own hand,己手犯；親手犯,,Eigenhändiges Delikt,自手犯,,,2020-10-15
10645050,Intent,故意,,Vorsatz,故意,,,2020-10-15
10645051,Purpose,意圖,,Absicht,意図,,,2020-10-15
10645052,Mistake,錯誤,,Irrtum,錯誤,,,2020-10-15
10645053,Mistake as to the identity of the victim or object,客體錯誤,,Irrum über Handlungsobjekt／Error in persona vel objecto,客体の錯誤,,,2020-10-15
10645054,Justification,容許規範,,Erlaubnisnorm,許容規範,,,2020-10-15
10645055,Element of legal justification,阻卻違法要件,,Rechtfertigungstatbestand,正当化構成要件,,,2020-10-15
10645056,Ground of legal justification,阻卻違法事由,,Rechtfertigungsgrund,違法阻却事由；正当化事由,,,2020-10-15
10645057,"Self-defense, defense of others, defense of property",正當防衛,,Notwehr,正当防衛,,,2020-10-15
10645058,Principle of culpability,罪責原則,,Schuldprinzip,責任主義,,,2020-10-15
10645059,Free will,意志自由,,Willensfreiheit,意思の自由,,,2020-10-15
10645060,Blameworthiness,可非難性,,Vorwerfbarkeit,非難可能性,,,2020-10-15
10645061,Responsibility／Capacity,責任能力,,Schuldfähigkeit,責任能力,,,2020-10-15
10645062,Lack of criminal capacity／Lack of criminal responsibility,無責任能力,,Schuldunfähigkeit,責任無能力,,,2020-10-15
10645063,Juvenile,少年,,Jugendliche,少年,,,2020-10-15
10645064,Appreciation of wrongfulness,不法意識；違法性認識；不法認識,,Unrechtsbewusstsein／Rechtswidrigkeitsbewusstsein／Unrechtseinsicht,不法意識；違法性の意識；不法理解,,,2020-10-15
21324697,Document,文書,,Urkunde,,,,
21324698,Forgery of documents,偽造文書,,Urkundenfälschung,,,,
21324699,Counterfeiting of money,偽造貨幣,,Geldfälschung,,,,
21324700,False statement,虛偽證言,,Falschaussage,,,,
21324701,Casting false suspicion / Malicious accusation,誣告,,Falsche Verdächtigung,,,,
21324702,Facilitating escape of prisoners,縱放人犯,,Gefangenenbefreiung,,,,
21324703,Misleading authorities about commission of offence,謊稱犯罪,,Vortäuschen einer Straftat,,,,
21324704,Putting counterfeit money into circulation,行使偽造貨幣,,Inverkehrbringen von Falschgeld,,,,
21324705,Escape,脫逃,,Gefangenenselbstbefreiung ,,,,
21324706,Destruction of evidence,湮滅證據,,Vernichten von Beweismitteln,,,,
21324707,Making a counterfeit documemt,製作不真正文書,,Herstellen einer unechten Urkunde,,,,
21324708,Alteration of genuine document,變造真正文書,,Verfälschen einer echten Urkunde,,,,
21324709,False unsworn statement,未經宣誓之虛偽陳述,,Falsche uneidliche Aussage,,,,
21324710,Perjury,偽證,,Meineid,,,,
21324711,Statement made under duress,緊急狀態下之陳述,,Aussagenotstand,,,,
21324712,Subornation of false statement,使人為虛偽陳述,,Verleitung zur Falschaussage,,,,
21324713, Correction of false statement,更正虛偽之陳述,,Berichtigung einer falschen Angabe,,,,
21324714,Forgery of technical records,偽造機器紀錄,,Fälschung technischer Aufzeichnungen {Ger.},,刑法第15章,114.07.12,
21324715,Forgery of data of probative value,偽造具證據重要性之電磁紀錄,,Fälschung beweiserheblicher Daten,,,,
21324716,Handling stolen goods,贓物罪,,Hehlerei,,,,
21324717,Aiding after the fact and harboring criminal proceeds,包庇犯罪所得利益,,Begünstigung,,,,
21324718,Handling stolen data,電磁紀錄贓物罪,,Datenhehlerei {Ger.},,刑法第36章,114.07.12,
21324719,Data,電磁紀錄,,Daten,,,,
21324720,Affiliate offense,後續犯罪/後行犯,,Anschlussdelikt,,,,
21324721,Conversion of stolen goods,準贓物,,Ersatzhehlerei,,,,
21324722,Sedition /Insurrection,內亂,,Hochverrat,,,,
21324723,Treason,外患,,Landesverrat,,,,
21324724,Divulging state secrets,洩漏國家機密,,Verrat von Staatgeheimnissen,,,,
21324725,Spying out state secrets,刺探國家機密,,Auskundschaften von Staatgeheimnissen,,,,
21324726,Attack against head of state and representative of a foreign state,侵害友邦元首與外國代表,,Verletzung von Präsidenten und Vertretern ausländischer Staaten,,,,
21324727,Desecration of flags and state symbols of foreign states,損害外國國旗與國章,,Verletzung von Flaggen und Hoheitszeichen ausländischer Staaten,,,,
21324728,Offenses committed in public office,瀆職罪,,Straftaten im Amt,,,,
21324729,Taking bribes,違背職務受賄,,Bestechlichkeit,,,,
21324730, Accepting benefits,關於職務受賄,,Vorteilsannahme,,,,
21324731,Giving bribes,違背職務行賄,,Bestechung,,,,
21324732,Granting benefits,關於職務行賄,,Vorteilsgewährung,,,,
21324733,Judicial perversion of justice,枉法裁判,,Rechtsbeugung,,,,
21324734,Prosecution of innocent persons /Abuse of prosecutorial discretion,濫權追訴,,Verfolgung Unschuldiger,,,,
21324735,Enforcement against innocent persons,違法行刑,,Vollstreckung gegen Unschuldige,,,,
21324736,Resistance to enforcement officers / Obstruction of public affairs,妨害公務,,Widerstand gegen Vollstreckungsbeamte,,,,
21324737,Disruption of electoral process,妨害投票,,Wahlbehinderung,,,,
21324738,Fraud in connection with elections,妨害投票結果正確,,Wahlfälschung,,,,
21324739,Violation of ballot secrecy,妨害投票秘密,,Verletzung des Wahlgeheimnisses,,,,
21324740,Vote buying,賄選,,Wählerbestechung,,,,
21324741,Sexual autonomy,性自主,,Sexuelle Selbstbestimmung,,,,
21324742,Capacity to sexual autonomy,性自主決定能力,,Sexuelle Selbstbestimmungsfähigkeit,,,,
21324743,Sexual object,性客體,,Sexualobjekte,,,,
21324744,Sexual harassment,性騷擾,,Sexuelle Belästigung,,,,
21324745,Sexual  intercourse,性交,,Beischlaf,,,,
21324746,Offenses against public morals,風化犯罪,,Sittlichkeitsdelikte,,,,
21324747,Offenses against sexual autonomy,妨害性自主罪,,Straftaten gegen die sexuelle Selbstbestimmung,,,,
21324748,Sexual assaults,性侵,,Sexueller Übergriff,,,,
21324749,Institutional dependency,制度性依賴關係,,Institutionelle Abhängigkeit,,,,
21324750,Abuse of status,地位的濫用,,Missbrauch der Stellung,,,,
21324751,Obscene acts,猥褻行為,,Unzüchtige Handlungen,,,,
21324752,Sexual conducts,性的行為,,Sexuelle Handlungen,,,,
21324753,Rape,強制性交,,Vergewaltigung,,,,
21324754,Sexual coercion,性強制,,Sexuelle Nötigung,,,,
21324755,Obscenity by coercion,強制猥褻,,Nötigung zur Unzucht,,,,
21324756,Future harm,未來的惡害,,Künftiges Übel,,,,
21324757,Imminent harm,現時的施加惡害,,Gegenwärtige Übelzufügungen,,,,
21324758,Perceivable harm,可感受到的惡害,,Empfindliches Übel,,,,
21324759,False imprisonment,拘禁,,Einsperren,,,,
21324760,Psychological coercion,精神上的強制,,Psychischer Zwang,,,,
21324761,Physical coercion,物理上的強制,,Physischer Zwang,,,,
21324762,vis absoluta,絕對強制,,vis absoluta,,,,
21324763,vis compulsiva,相對強制,,vis compulsiva,,,,
21324764,Freedom of movement,行動自由,,Fortbewegungsfreiheit,,,,
21324765,Coercion,強制罪,,Nötigung,,,,
21324766,Violent act,強暴,,Gewalt,,,,
21324767,Threat,脅迫,,Drohung,,,,
21324768,Human trafficking,人口販運,,Menschenhandel,,,,
21324769,Offense against personal liberty,妨害自由罪,,Freiheitsberaubung,,,,
21324770,Intimidation,恐嚇,,Bedrohung,,,,
21324771,Criminal trespass,侵入住居,,Hausfriedensbruch,,,,
21324772,Reputation,名譽,,Ehre,,,,
21324773,Insult,侮辱,,Beleidigung,,,,
21324774,Defamation,誹謗,,Verleumdung ,,,,
21324775,Grossly insulting,惡意中傷/詆毀,,Üble Nachrede,,,,
21324776,Endangering credit,危害信用,,Kreditgefährung,,,,
21324777,Intimate sphere ,私密領域,,Intimsphäre,,,,
21324778,Private sphere/Secret sphere,秘密領域,,Geheimsphäre,,,,
21324779,Privacy of the spoken words/Secret conversation,談話秘密,,Vertraulichkeit des Wortes,,,,
21324780,Secrecy of correspondence,信件秘密,,Briefgeheimnis,,,,
21324781,Application of criminal law,刑法適用法,,Strafanwendungsrecht；Internationales Strafrecht,刑法適用法,,,
21324782,Mutual assistance in criminal matters,國際刑事司法互助,,Internationale Rechtshilfe in Strafsachen,刑事司法共助／刑事共助,,,
21324783,Territorial principle/ Territorial applicability,屬地原則,,Territorialitätsprinzip,属地主義,,,
21324784,Active nationality principle,積極屬人原則／積極屬人主義,,Positives Personalitätsprinzip,積極的属人主義,,,
21324785,Passive nationality principle,消極屬人原則／消極屬人主義,,Negatives Personalitätsprinzip,消極的属人主義,,,
21324786,Universality principle,世界法原則,,Weltrechtsprinzip／ Universalitätsprinzip,世界主義,,,
21324787,Protective principle,保護原則,,Schutzprinzip,保護主義,,,
21324788,Civil wrong/ Illegality under civil law,民事不法,,Zivilunrecht,民事不法,,,
21324789,Offense/ Illegality under criminal law,刑事不法,,Kriminalunrecht,刑事不法,,,
21324790,Illegality under administrative law/ Administrative illegality,行政不法,,Verwaltungsunrecht,行政不法,,,
21324791,Illegality attributed to the consequence of an act,結果不法,,Erfolgsunrecht,結果不法,,,
21324792,Illegality attributed to the act,行為不法,,Handlungsunrecht,行為不法,,,
21324793,Culpability/ Criminal liability,可罰性,,Strafbarkeit,可罰性,,,
21324794,Harm,實害結果,,Verletzungserfolg,侵害結果,,,
21324795,Danger,危險結果,,Gefährdungserfolg,結果としての危険／危険結果,,,
21324796,Aggravated result/ Extended result,加重結果,,Qualifizierter Erfolg,加重的結果,,,
21324797,Objective attribution/ Objective imputation,客觀歸責,,Objektive Zurechnung,客観的帰属,,,
21324798,But-for theory/ But-for causation,條件理論,,Bedingungstheorie,条件説,,,
21324799,Theory of equivalent consideration,等價理論,,Äquivalenztheorie,等価説／平等条件説,,,
21324800,Theory of adequate causation/ Theory of probable result,相當理論,,Adäquanztheorie,相当性説,,,
21324801,Element of an offense,構成要件,,Tatbestand,構成要件,,,
21324802,Variant element of an offense,變體構成要件,,Abgewandelter Tatbestand,派生的構成要件,,,
21324803,Blank element of an offense,空白構成要件,,Blanketttatbestand,X（日文無適當相對應概念）,,,
21324804,Blank criminal law,空白刑法,,Blankettstrafgesetz,白地刑罰法規；白地刑法,,,
21324805,Crime by omission,不作為犯,,Unterlassungsdelikt,不作為犯,,,
21324806,Crime by genuine omission,純正不作為犯,,Echtes Unterlassungsdelikt,真正不作為犯,,,
21324807,Crime by ingenuine omission,不純正不作為犯,,Unechtes Unterlassungsdelikt,不真正不作為犯,,,
21324808,Criminal offense with aggravated result,結果加重犯／加重結果犯,,Erfolgsqualifiziertes Delikt；  Qualifiziertes Erfolgsdelikt ,結果的加重犯,,,
21324809,Instant offense,狀態犯,,Zustandsdelikt,状態犯,,,
21324810,Continuing offense,繼續犯,,Dauerdelikt,継続犯,,,
21324811,Multi-act offense,多行為犯,,Mehraktiges Delikt,多行為犯,,,
21324812,Dual-act offense,雙行為犯,,Zweiaktiges Delikt,二行為犯,,,
21324813,Worthlessness attributed to the act,行為非價,,Handlungsunwert,行為反価値／行為無価値,,,
21324814,Worthlessness attributed to the consequence of an act,結果非價,,Erfolgsunwert,結果反価値／結果無価値,,,
21324815,Worthlessness attributed to the conscience,良知非價,,Gesinnungsunwert,良心的反価値／心情的反価値,,,
21324816,Felony/ Serious offense,重罪,,Verbrechen,重罪,,,
21324817,Misdemeanor / Minor offense,輕罪,,Vergehen,軽罪,,,
21324818,Crime constituted by adequate endangerment of legal interests,適格犯,,Eignungsdelikt,適性犯,,,
21324819,Crime that can be committed by anyone,一般犯,,Allgemeindelikt,普通犯,,,
21324820,Offense which may only be prosecuted upon request,告訴乃論之罪,,Antragsdelikt,親告罪,,,
21324821,International criminal law,國際刑法,,Völkerstrafrecht,国際刑法,,,
21324822,Theory of negative elements of an offense,負面構成要件要素理論,,Lehre von den negativen Tatbestandsmerkmalen,消極的構成要件要素論,,,
21324823,Prerequisite to prosecution,刑事追訴條件,,Strafverfolgungsvoraussetzung,刑事訴追条件,,,
21324824,Obstacle to prosecution,刑事追訴障礙,,Strafverfolgungshindernis,刑事訴追障害,,,
21324825,Prerequisite to trial,訴訟要件,,Prozessvoraussetzung,訴訟条件,,,
21324826,Criminal complaint,刑事告訴,,Strafantrag,告訴,,,
21324827,But-for test,條件公式,,Conditio-sine-qua-non-Formel,「あれなければこれなし」の公式／コンディツィオ公式,,,
21324828,Alternative causation,擇一因果關係,,Alternative Kausalität,択一的因果関係,,,
21324829,Accumulative causation,累積因果關係,,Kumulative Kausalität,累積的因果関係,,,
21324830,Intervening cause,超越的因果關係,,Überholende Kausalität,凌駕的因果関係,,,
21324831,Causation based on natural law,合乎法則條件理論,,Lehre von der gesetzmäßigen Bedingung,合法則的条件説,,,
21324832,Permitted risk,容許風險,,Erlaubtes Risiko,許された危険,,,
21324833,Self-infliction,自我損害,,Selbstschädigung,自己危害,,,
21324834,Self-endangerment,自陷危險,,Selbstgefährdung,自己危殆化；危険の引き受け,,,
21324835,Doctrine of self-responsibility,自我負責原則,,Prinzip der Eigenverantwortlichkeit,自己答責の原則,,,
21324836,Risk reduction,降低風險,,Risikoverringerung,危険減少,,,
21324837,Theory of risk aggravation,風險升高理論,,Risikoerhöhungslehre,危険増加説,,,
21324838,Aberratio ictus(拉丁文),打擊錯誤,,Aberratio ictus(拉丁文),方法の錯誤／打撃の錯誤,,,
21324839,Mistake in the chain of causation,因果歷程錯誤,,Irrtum über Kausalverlauf,因果経過の錯誤／因果関係の錯誤,,,
21324840,Element of justification,容許構成要件,,Erlaubnistatbestand,許容構成要件,,,
21324841,Non-statutory justification,超法規阻卻違法事由,,Übergesetzlicher Rechtfertigungsgrund,超法規的違法阻却事由,,,
21324842,Necessity,緊急避難,,Notstand,緊急避難,,,
21324843,Necessity as justification,阻卻違法的緊急避難,,Rechtfertigender Notstand,正当化的緊急避難,,,
21324844,Necessity as excuse,減免罪責的緊急避難,,Entschuldigender Nostand,責任宥恕的緊急避難,,,
21324845,Balancing test for legal interests,法益權衡理論,,Güterabwägungstheorie,法益衡量説,,,
21324846,Balancing test for interests,利益權衡理論,,Interessenabwägungstheorie,利益衡量説；優越的利益説,,,
21324847,Offensive necessity,攻擊性緊急避難,,Aggressiver Nostand,攻撃的緊急避難,,,
21324848,Defensive necessity,防衛性緊急避難,,Defensiver Notstand,防御的緊急避難,,,
21324849,Consent as ground of justification,阻卻違法的承諾,,Rechtferigende Einwilligung,正当化事由としての同意；違法性を阻却する同意,,,
21324850,Presumptive consent,推測的承諾,,Mutmaßliche Einwilligung,推定的同意,,,
21324851,Social adequacy,社會相當性,,Soziale Adäquanz,社会的相当性,,,
21324852,Concept of psychological capabilty,心理罪責概念,,Psychologischer Schuldbegriff,心理的責任概念,,,
21324853,Concept of normative capabilty,規範罪責概念,,Normativer Schuldbegriff,規範的責任概念,,,
21324854,Concept of functional capabilty,功能罪責概念,,Funktionaler Schuldbegriff,機能的責任概念,,,
21324855,Diminished responsibility,減輕責任能力,,Verminderte Schuldfähigkeit,限定責任能力,,,
21324856,Ability to distinguish,辨識能力,,Einsichtsfähigkeit,弁識能力,,,
21324857,Pathological mental disorder,疾病性精神障礙,,Krankhafte seelische Störung,病的な精神の障害,,,
21324858,Profound consciousness disorder,深層意識障礙,,Tiefgreifende Bewusstseinsstörung,根深い意識障害,,,
21324859,Intellectual disability,智能不足,,Schwachsinn,知的障害；精神薄弱,,,
21324860,Mental disorder,精神異常,,Seelische Abartigkeit,精神的偏倚,,,
21324861,Irresistible impulse,衝動行為,,Affekttat,衝動的行為／情動行為,,,
21324862,Actio libera in causa,原因自由行為,,Actio libera in causa,原因において自由な行為,,,
21324863,Intentional actio libera in causa,故意原因自由行為,,Vorsätzliche actio libera in causa,故意の原因において自由な行為,,,
21324864,Negligent actio libera in causa,過失原因自由行為,,Fahrlässige actio libera in causa,過失の原因において自由な行為,,,
21324865,Excuse,阻卻罪責事由,,Schuldausschließungsgrund,責任阻却事由,,,
21324866,Partial excuse,減免罪責事由,,Entschuldigungsgrund,免責事由,,,
21324867,Non-statutory excuse,超法規減免罪責事由,,Übergesetzlicher Entschuldigungsgrund,書かれざる免責事由；超法規的免責事由,,,
21324868,Mistake of law,禁止錯誤,,Verbotsirrtum,禁止の錯誤,,,
21324869,Mistake of pattern of justification,容許錯誤,,Erlaubnisirrtum,許容の錯誤,,,
21324870,Mistake of subsumption,包攝錯誤／涵攝錯誤,,Subsumtionsirrtum,あてはめの錯誤,,,
21324871,Mistake of prerequisite fact of justification,容許構成要件錯誤,,Erlaubnistatbestandsirrtum,許容構成要件の錯誤,,,
21324872,Form of culpability,罪責型態,,Schuldform,責任の形態,,,
21324873,Avoidable mistake of law,可避免之禁止錯誤,,Vermeidbarer Verbotsirrtum,回避可能な禁止の錯誤,,,
21324874,Unavoidable mistake of law,不可避免之禁止錯誤,,Unvermeidbarer Verbotsirrtum,回避不可能な禁止の錯誤,,,
21324875,Prisoner of conscience,良心犯,,Gewissenstäter,良心的行為者,,,
21324876,Culpability of intent,故意罪責,,Vorsatzschuld,故意責任,,,
21324877,Culpability of negligence,過失罪責,,Fahrlässigkeitsschuld,過失責任,,,
21324878,Reasonable expectation,期待可能性,,Zumutbarkeit,期待可能性,,,
21324879,Mistake of fact in self-defense,誤想防衛,,Putativnotwehr,誤想防衛,,,
21324880,Mistake of fact in excessive self-defense,誤想防衛過當,,Putativnotwehrexzess,誤想過剰防衛,,,
21324881,Excessive self-defense,防衛過當,,Notwehrexzess,過剰防衛,,,
21324882,Excusing necessity,寬恕罪責之緊急避難,,Entschuldigender Notstand,免責的緊急避難,,,
21324883,Excessive necessity,避難過當,,Notstandsexzess,過剰避難,,,
21324884,Theory of crime participation,犯罪參與理論,,Beteiligungslehre,（広義の）共犯論,,,
21324885,Crime participation,犯罪參與,,Beteiligung (an einer Straftat),犯罪関与,,,
21324886,Principal,正犯,,Täterschaft；Täter,正犯,,,
21324887,Accomplice,共犯,,Teilnahme,共犯,,,
21324888,Direct principal,直接正犯,,Unmittelbarer Täter； Unmittelbare Täterschaft,直接正犯,,,
21324889,Indirect principal,間接正犯,,Mittelbarer Täter；Mittelbare Täterschaft,間接正犯,,,
21324890,Co-principal,共同正犯,,Mittäter；Mittäterschaft,共同正犯,,,
21324891,Solicitation,教唆,,<p>Anstiftung</p>,<p>教唆</p>,,,
21324892,Accessory,幫助犯,,Gehilfe,幇助犯/従犯,,,
21324893,Successive coprincipal,相續共同正犯,,Sukzessive Mittäterschaft,承継的共同正犯,,,
21324894,Entrapment,陷害教唆,,Agent Provocateur,アジャン・プロヴォカトゥール,,,
21324895,Inducement,犯罪挑唆,,Tatprovokation,X（日文無適當相對應概念）,,,
21324896,Successive accessory,相續幫助犯,,Sukzessive Beihilfe,承継的幇助犯,,,
21324897,Common intent,共同的犯罪決意,,Gemeinsamer Tatentschluss,共同の犯罪決意,,,
21324898,Conspirator,共謀犯,,X（德文無適當相對應概念）,コンスピラシー,,,
21324899,Restrictive concept of  principal,限縮的正犯概念,,Restriktiver Täterbegriff,制限的正犯概念,,,
21324900,Extensive concept of principal,擴張的正犯概念,,Extensiver Täterbegriff,拡張的正犯概念,,,
21324901,Theory of interest,利益理論,,Interessentheorie,利益説,,,
21324902,Domination of the offense,犯罪支配,,Tatherrschaft,行為支配,,,
21324903,Functional domination of crime,功能的犯罪支配,,Funktionelle Tatherrschaft,機能的行為支配,,,
21324904,Official  offense,職務犯,,Amtsdelikt,職務犯罪；職務上の罪,,,
21324905,Negligent co-principal,過失共同正犯,,Fahrlässige Mittäterschaft,過失犯の共同正犯；過失の共同正犯,,,
21324906,Accessory after the act,事後幫助,,Beihilfe nach der Tat,事後の幇助,,,
21324907,Assistance,幫助行為,,Beihilfehandlung,幇助行為,,,
21324908,Mental assistance,心理幫助,,Psychische Beihilfe,精神的幇助,,,
21324909,Negligence,過失,,Fahrlässigkeit,過失,,,
21324910,Recklessness / Gross negligence,重大過失,,Leichtfertigkeit,重過失,,,
21324911,Duty of care,注意義務,,Sorgfaltspflicht,注意義務,,,
21324912,Breach of the duty of care,注意義務違反,,Sorgfaltswidrigkeit,注意義務違反,,,
21324913,Forseeability,預見可能性,,Voraussehbarkeit,予見可能性,,,
21324914,Avoidability ,避免可能性,,Vermeidbarkeit,結果回避可能性,,,
21324915,Attempt,未遂,,Versuch,未遂,,,
21324916,Conspiracy,陰謀,,Verbrechensverabredung,陰謀,,,
21324917,Preparation,預備,,Vorbereitung,予備,,,
21324918,Accomplishment,既遂,,Vollendung,既遂,,,
21324919,Completion,終了,,Beendigung,終了／犯罪の終了,,,
21324920,Substantial step,著手,,Unmittelbares Ansetzen,着手／実行の着手,,,
21324921,Determination ,行為決意,,Tatentschluss,行為決意,,,
21324922,Inherent impossibility,不能未遂,,Untauglicher Versuch,不能犯,,,
21324923,Superstition,迷信犯,,Abergläubischer Versuch,迷信犯,,,
21324924,Legal impossibility,幻覺犯,,Wahndelikt,幻覚犯,,,
21324925,Repentance,積極悔悟,,Tätige Reue,悔悟,,,
21324926,Abandonment of attempt,中止未遂,,Rücktritt vom Versuch,中止未遂,,,
21324927,Personal ground for mitigation of punishment,個人減輕刑罰事由,,Persönlicher Strafminderungsgrund,一身的刑罰減軽事由,,,
21324928,Voluntary intent,己意,,Freiwilligkeit,自己の意思；任意性,,,
21324929,Action,作為,,Tun,作為,,,
21324930,Omission/Inaction,不作為,,Unterlassen,不作為,,,
21324931,Quasi-causation,準因果關係,,Quasi-Kausalität,準因果関係,,,
21324932,Punishment/Penalty,刑罰,,Strafe,刑罰,,,
21324933,Principal punishment ,主刑,,Hauptstrafe,主刑,,,
21324934,Accessory punishment,從刑,,Nebenstrafe,付加刑,,,
21324935,Death penalty / Capital punishment,死刑,,Todesstrafe,死刑,,,
21324936,Prison sentence / Incarceration,自由刑,,Freiheitsstrafe,自由刑,,,
21324937,Imprisonment,有期徒刑,,Zeitige Freiheitsstrafe,有期懲役,,,
21324938,Life imprisonment,無期徒刑,,Lebenslange Freiheitsstrafe,無期懲役,,,
21324939,Fine,罰金刑,,Geldstrafe,罰金刑,,,
21324940,Retributive theory,應報理論,,Vergeltungstheorie,応報理論,,,
21324941,Preventive theory,預防理論,,Präventionstheorie,予防理論,,,
21324942,Monetary punishment,財產刑,,Vermögensstrafe,財産刑,,,
21324943,Forfeiture,沒收,,Einziehung,没収,,,
21324944,Forfeiture of ill-gotten assets,利得沒收,,Verfall,利得剥奪／収益剥奪,,,
21324945,Instruments of crime,犯罪工具,,Tatmittel,犯罪手段；犯罪供用物件,,,
21324946,Products of crime,犯罪產物,,Tatprodukt,犯罪所産；犯罪産出物件,,,
21324947,Proceeds of crime,犯罪所得,,Tatgewinn,犯罪収益,,,
21324948,Forfeiture of substitute property,追徵價額,,Einziehung von Wertersatz,追徴,,,
21324949,Statute of limitations,時效,,Verjährung,時効,,,
21324950,Statute of limitations on prosecution,追訴權時效,,Strafverfolgungsverjährung,公訴時効,,,
21324951,Statute of limitations on enforcement,行刑權時效,,Strafvollstreckungsverjährung,刑の時効,,,
21324952,Possibility to act,作為可能性,,Handlungsmöglichkeit/ Handelsmöglichkeit,作為の可能性,,,
21324953,Ability to control,控制能力,,Steuerungsfähigkeit,制御能力,,,
21387585,Essential items required for industry,工業必需之物品,,Ｄie für die Industrie benötigten Artikel {Ger.},,刑法,114.07.12,
21387587,Interruption of public services,干擾公共事業,,Störung öffentlicher Betriebe {Ger.},,刑法,114.07.12,
21387589,Computer sabotage,干擾電腦使用,,Computersabotage {Ger.},,刑法第36章,114.07.12,
21387591,Unlawful purpose of gain,不法所有意圖,,Zueignungsabsicht {Ger.},,刑法第29章,114.07.12,
21387593,Real estate agent,不動產經紀業,,Immobilienmakler {Ger.},,洗錢防制法,114.07.12,
21387595,Offenses of false sexual image,不實性影像罪,,Straftaten in Bezug auf falsche sexuelle Abbildung {Ger.},,刑法,114.07.12,
21387597,Advertising abortion,介紹墮胎,,Werbung für den Abbruch der Schwangerschaft {Ger.},,刑法第24章,114.07.12,
21387599,Official Documents,公文書,,Öffentliche Urkunde {Ger.},,刑法第15章,114.07.12,
21387601,Public danger,公共危險,,Gemeingefahr {Ger.},,刑法,114.07.12,
21387603,Offenses constituting public danger,公共危險罪,,Gemeingefährliche Straftaten {Ger.},,刑法,114.07.12,
21387605,Covering up a crime by a public official,公務員包庇犯罪,,Verbrechensdeckung vom Amtsträger {Ger.},,刑法,114.07.12,
21387607,Displaying publicly,公然陳列,,Öffentliches Herausstellen {Ger.},,刑法,114.07.12,
21387609,Public sexual indecency,公然猥褻,,Öffentlich unzüchtige Handlungen {Ger.},,刑法,114.07.12,
21387611,Inducing others to use narcotics,引誘他人施用毒品,,Verleiten zum Drogenkonsum {Ger.},,毒品危害防制條例,114.07.12,
21387613,Inducement to illicit intercourse,引誘賣淫,,Zuführen zur Prostitution {Ger.},,刑法,114.07.12,
21387615,Causing an explosion,引爆爆裂物,,Herbeiführen einer Sprengstoffexplosion {Ger.},,刑法,114.07.12,
21387617,Mentally retarded person,心智缺陷之人,,Schwachsinn {Ger.},,刑法,114.07.12,
21387619,Having someone use narcotics by means of threats,以脅迫之方式使人施用毒品,,Zwingen zum Drogenaufnehmen durch Drohung {Ger.},,毒品危害防制條例,114.07.12,
21387621,Having someone use narcotics by means of violence,以強暴之方式使人施用毒品,,Zwingen zum Drogenaufnehmen durch Gewalt {Ger.},,毒品危害防制條例,114.07.12,
21387623,Having someone use narcotics by deceptive means,以欺瞞之方式使人施用毒品,,Veranlassen zum Drogenkonsum durch Täuschung {Ger.},,毒品危害防制條例,114.07.12,
21387625,Providing a room for others to smoke or take opium,以館舍供人吸食鴉片,,Anbieten des Raums zum Opiumrauchen {Ger.},,刑法,114.07.12,
21387627,Aggravated sexual abuse of children,加重對兒童的性濫用行為,,Schwerer sexueller Missbrauch von Kindern {Ger.},,刑法,114.07.12,
21387629,Negligent arson,失火,,Fahrlässige Brandstiftung {Ger.},,刑法,114.07.12,
21387631,Necessary transaction records,必要交易紀錄,,Benötige Transaktionsdatensätze {Ger.} / Benötige Transaktionsaufzeichnungen {Ger.},,洗錢防制法,114.07.12,
21387634,Person under the age of fourteen,未滿十四歲之人,,Person unter vierzehn Jahren {Ger.},,刑法,114.07.12,
21387636,Deliver,交付,,Übergeben {Ger.},,刑法319-2,114.07.12,
21387638,Transaction records,交易紀錄,,Transaktionsdatensätze {Ger.} / Transaktionsaufzeichnungen {Ger.},,洗錢防制法,114.07.12,
21387641,Imitating a registered trade name,仿造已登記之商號,,Nachahmung einer eingetragenen Handelsbezeichnung {Ger.} / Nachahmung eines eingetragenen Handelsnamens {Ger.},,刑法,114.07.12,
21387644,Imitating a registered trademark,仿造已登記之商標,,Nachahmung einer eingetragenen Marke {Ger.},,刑法,114.07.12,
21387648,Products with imitational trade name / Goods with imitational trade name,仿造商號之貨物,,Produkte mit nachgeahmter Handelsbezeichnung {Ger.} / Waren mit nachgeahmter Handelsbezeichnung {Ger.} / Produkte mit nachgeahmter Handelsnamen {Ger.},,刑法,114.07.12,
21387652,Goods with imitational trademark  / Products with imitational trademark,仿造商標之貨物,,Waren mit nachgeahmter Marke {Ger.} / Produkte mit nachgeahmter Marke {Ger.},,刑法,114.07.12,
21387656,Weapon,兇器,,Gefährliches Werkzeug {Ger.},,刑法,114.07.12,
21387658,Obstruction of Traffic,危害道路交通,,Gefährdung des Straßenverkehrs {Ger.},,刑法,114.07.12,
21387660,Crisis intervention services,危機處理服務,,Kriseninterventionsdienst {Ger.},,毒品危害防制條例,114.07.12,
21387662,Various social assistances,各項社會救助,,Verschiedene soziale Hilfen {Ger.},,毒品危害防制條例,114.07.12,
21387664,Addictiveness,成癮性,,Süchtigkeit {Ger.},,毒品危害防制條例,114.07.12,
21387666,Receiving stolen goods,收受贓物,,Entgegennahme einer gestohlenen Sache {Ger.},,刑法第34章,114.07.12,
21387668,Criminal damage to objects of public interest,有害於公共利益之毀損物品,,Gemeinschädliche Sachbeschädigung {Ger.},,刑法第35章,114.07.12,
21387670,Death assistance,死亡協助,,Sterbehilfe {Ger.},,刑法第22章,114.07.12,
21387672,Sexual intercourse between blood relatives,血親性交,,Beischlaf zwischen Verwandten {Ger.},,刑法,114.07.12,
21387674,Sexual abuse exploiting official position,利用公務地位的性濫用行為,,Sexueller Missbrauch unter Ausnutzung einer Amtsstellung {Ger.},,刑法,114.07.12,
21387676,"Sexual abuse exploiting counselling, treatment or support relationship",利用諮商關係、診療關係或照護關係的性濫用行為,,"Sexueller Missbrauch unter Ausnutzung eines Beratungs-, Begandlungs- und Betreuungsverhältnisses {Ger.}",,刑法,114.07.12,
21387678,Taking advantage of power or an opportunity to have sexual intercourse,利用權勢或機會性交,,Beischlaf unter Ausnutzung einer Machtposition oder einer Gellegendheit {Ger.},,刑法,114.07.12,
21387680,Taking advantage of power or an opportunity to commit an indecency,利用權勢或機會猥褻,,Sexuelle Handlungen unter Ausnutzung einer Machtposition oder einer Gellegendheit {Ger.},,刑法,114.07.12,
21387682,Offense subject to complaint,告訴乃論之罪,,Antragsdelikt {Ger.},,刑法,114.07.12,
21387684,Disruption to land and water traffic,妨害水陸交通安全,,"Gefährliche Eingriffe in den Straßen-, Bahn- und Schiffsverkehr {Ger.}",,刑法,114.07.12,
21387686,Disturbance of peace of dead,妨害死者安寧,,Störung der Totenruhe {Ger.},,刑法第18章,114.07.12,
21387688,Offenses against sexual privacy,妨害性隱私罪,,Straftaten gegen das Recht auf die sexuelle Privatsphäre {Ger.},,刑法,114.07.12,
21387690,Interference with funeral service,妨害喪禮,,Störung einer Bestatungsfeier {Ger.},,刑法第18章,114.07.12,
21387692,Impairing the agricultural irrigation,妨害農事上之水利,,Verhinderung der Bewässerung in der Landwirtschaft {Ger.},,刑法252條,114.07.12,
21387694,Addiction treatment,戒癮治療,,Suchtbehandlung {Ger.},,毒品危害防制條例,114.07.12,
21387696,Causing public danger by poisoning,投放毒物,,Gemeingefährliche Vergiftung {Ger.},,刑法,114.07.12,
21387698,Causing a flood,決水,,Herbeiführen einer Überschwemmung {Ger.},,刑法,114.07.12,
21387700,Recruiting armed groups,私招軍隊,,Bildung bewaffneter Gruppe {Ger.},,刑法第7章,114.07.12,
21387702,Person with physical disabilities,身體障礙之人,,Person mit körperlicher Störungen {Ger.},,刑法,114.07.12,
21387704,Procuring stolen goods for a third party {Ger.},使第三人取得贓物,,Drittverschaffung im Rahmen der Hehlerei {Ger.},,刑法第34章,114.07.26,
21387706,Providing a place for illegal gambling,供給賭博場所,,Bereitstellung von Glücksspieleinrichtungen {Ger.},,刑法,114.07.12,
21387708,Other illegal means,其他非法之方法,,Andere illegale Methoden {Ger.},,毒品危害防制條例,114.07.12,
21387710,Other technological means,其他科技方法,,Andere technologische Mittel {Ger.},,刑法319-1,114.07.12,
21387712,Other means of communication,其他傳播工具,,Andere Kommunikationsmittel {Ger.},,刑法,114.07.12,
21387714,Substances with similar chemical structure,具有類似化學結構之物質,,Substanzen mit ähnlicher chemischer Struktur {Ger.},,毒品危害防制條例,114.07.12,
21387716,Killing upon request,受囑託殺人,,Tötung auf Verlangen {Ger.},,刑法第22章,114.07.12,
21387718,Removal of minors,和誘未成年人罪,,Entführung Minderjähriger {Ger.},,刑法,114.07.12,
21387720,Sexual image,性影像,,Sexuelle Abbildung {Ger.},,刑法,114.07.12,
21387722,Carriers and objects of sexual images,性影像之附著物及物品,,Träger und Gegenstände sexueller Abbildungen {Ger.},,刑法319-5,114.07.12,
21387724,Sexual abuse,性濫用行為,,Sexueller Missbrauch {Ger.},,刑法,114.07.12,
21387726,Sexual-related,性關聯,,Sexualbezogenheit {Ger.},,刑法,114.07.12,
21387728,Ownership,所有權,,Eigentum {Ger.},,刑法,114.07.12,
21387730,Arson,放火,,Brandstiftung {Ger.},,刑法,114.07.12,
21387732,Release of radioactivity,放逸放射線,,Fresetzen ionisierender Strahlen {Ger.},,刑法,114.07.12,
21387734,Release of nuclear energy,放逸核能,,Freisetzen von Kernenergie {Ger.},,刑法,114.07.12,
21387736,Legal services,法律服務,,Rechtsdienstleistungen {Ger.},,毒品危害防制條例,114.07.12,
21387738,Danger to society,社會危害性,,Sozialgefährlichkeit {Ger.},,毒品危害防制條例,114.07.12,
21387740,Financial supervisory commission,金融監督管理機構,,Finanzaufsichtskommission {Ger.},,洗錢防制法,114.07.12,
21387742,Financial Institution,金融機構,,Finanzinstitut {Ger.},,洗錢防制法,114.07.12,
21387744,Burglary,侵入住宅竊盜,,Wohnungseinbruchdiebstahl {Ger.},,刑法第29章,114.07.12,
21387746,Embezzlement,侵占罪,,Unterschlagung {Ger.},,刑法第31章,114.07.12,
21387748,Prompting of minors' sexual acts / Promotion of sexual acts by minors,促使未成年人為性行為,,Förderung sexueller Handlungen Minderjähriger {Ger.},,刑法,114.07.12,
21387751,Insurance company,保險公司,,Versicherungsgesellschaft {Ger.},,洗錢防制法,114.07.12,
21387753,Protection and placement,保護安置,,Schutz und Unterbringung {Ger.},,毒品危害防制條例,114.07.12,
21387755,Beneficiary,信託之受益人,,Treubegünstigte(r) {Ger.},,洗錢防制法,114.07.12,
21387757,Trustee,信託之受託人,,,,洗錢防制法,114.07.12,
21387759,Settlor,信託之委託人,,Treugeber:in {Ger.},,洗錢防制法,114.07.12,
21387761,Trust Agent,信託代理人,,Treuhandvertreter {Ger.},,洗錢防制法,114.07.12,
21387763,Trust Service Provider,信託服務業者,,Treuhanddienstleister {Ger.},,洗錢防制法,114.07.12,
21387765,Trust Relationship,信託關係,,Treuhandverhältnis {Ger.},,洗錢防制法,114.07.12,
21387767,"Abuse of titles, professional designations and symbols",冒用公務員服飾、徽章或官銜,,"Missbrauch von Titeln, Berufsbezeichungen und Abzeichen {Ger.}",,刑法第7章,114.07.12,
21387769,Customer due diligence,客戶審查程序,,Kundenprüfungsverfahren {Ger.},,洗錢防制法,114.07.12,
21387771,Lawyer,律師,,Rechtsanwalt:in {Ger.},,洗錢防制法,114.07.12,
21387773,Possession of child or juvenile pornography,持有兒童或少年之性影像,,Besitz kinderpornographisher Schriften {Ger.},,刑法,114.07.12,
21387775,Possession of narcotics,持有毒品,,Drogenbesitz {Ger.},,刑法263條,114.07.12,
21387777,Possession of opium paraphernalia,持有專供吸食鴉片之器具,,Besitz von Geräten speziell zum Opiumrauchen {Ger.},,刑法,114.07.12,
21387779,Designated Non-Financial Businesses or Professions,指定之非金融事業或人員,,Bestimmte nichtfinanzielle Gewerbe oder Berufspersonal {Ger.},,洗錢防制法,114.07.12,
21387781,Knowingly buying stolen goods,故買贓物,,Wissentlicher Ankauf einer gestohlenen Sache {Ger.},,刑法第34章,114.07.12,
21387783,Narcotics user,施用毒品者,,Drogenkonsument {Ger.},,毒品危害防制條例,114.07.12,
21387785,Narcotics,毒品,,Drogen {Ger.},,毒品危害防制條例,114.07.12,
21387787,Narcotics Hazard Prevention Act,毒品危害防制條例,,Gesetz zur Verhütung von Betäubungsmittelgefahren {Ger.},,毒品危害防制條例,114.07.12,
21387789,Education and advocacy for narcotics prevention,毒品防制教育宣導,,Aufklärung zur Drogenprävention {Ger.},,毒品危害防制條例,114.07.12,
21387791,Money laundering,洗錢,,Geldwäsche {Ger.},,洗錢防制法,114.07.12,
21387793,Anti-Money Laundering Act,洗錢防制法,,Geldwäschebekämpfungsgesetz {Ger.},,洗錢防制法,114.07.12,
21387795,Revealing secrets / Leaking secrets,洩漏秘密,,Offenbaren von Geheimnissen {Ger.},,刑法,114.07.12,
21387798,Injecting morphine for someone,為人施打嗎啡,,Morphiumspitzen für jemanden {Ger.} / Morphium Injektion für jemanden {Ger.},,刑法259條,114.07.12,
21387801,Breach of fiduciary duty,背信,,Ｕntreue {Ger.},,刑法,114.07.26,
21387803,Military court,軍事法院,,Militärgericht {Ger.},,毒品危害防制條例,114.07.12,
21387805,Military detention center,軍事看守所,,Militärhaftanstalt {Ger.},,毒品危害防制條例,114.07.12,
21387807,Military prison,軍事監獄,,Militärgefängnis {Ger.},,毒品危害防制條例,114.07.12,
21387809,Military prosecutor,軍事檢察官,,Militärstaatsanwalt {Ger.},,毒品危害防制條例,114.07.12,
21387811,Criminal usury,重利,,Ｗucher {Ger.},,刑法,114.07.12,
21387813,Bigamy,重婚,,Doppelehe {Ger.} / Bigamie {Ger.},,刑法,114.07.12,
21387816,Grievous bodily injury,重傷,,Schwere Körperverletzung {Ger.},,刑法第23章,114.07.26,
21387818,Constructive Forcible Sexual Intercourse; Sexual intercourse with another person by taking advantage of their unconscious state or inability to resist,乘機性交,,Konstruktiver gewaltsamer Geschlechtsverkehr; Sexueller Missbrauch widerstandsunfähiger Personen {Ger.},,刑法,114.07.12,
21387820,Abuse,凌虐,,Misshandeln {Ger.},,刑法,114.07.12,
21387822,Exploitation of prostitutes / Exploitation of sexual workers,剝削性工作者,,Ausbeutung von Prostituierten {Ger.},,刑法,114.07.12,
21387825,Providing a place for prostitutions,容留賣淫,,Bereitstellung von Raum für Prostitution {Ger.},,刑法231條,114.07.12,
21387827,Disturbing public peace by threatening to commit offences,恐嚇公眾,,Störung des öffentlichen Frieden durch Androhung von Straftaten {Ger.},,刑法第7章,114.07.12,
21387829,Extortion,恐嚇取財,,Erpressung {Ger.},,刑法第33章,114.07.12,
21387831,Cultivating poppies,栽種罌粟,,Mohnanbau {Ger.},,刑法260條,114.07.12,
21387833,Heroin,海洛因,,Heroin {Ger.},,刑法,114.07.12,
21387835,Property,財產,,Vermögen {Ger.},,刑法,114.07.12,
21387837,Property interest,財產利益,,Vermögensvorteil {Ger.},,刑法第32章,114.07.12,
21387839,Property loss,財產損失,,Vermögensverlust {Ger.},,刑法第32章,114.07.12,
21387841,High-risk countries or regions,高風險國家或地區,,Hochrisikoländer oder -regionen {Ger.},,洗錢防制法,114.07.12,
21387843,Cocaine,高根,,Takane {Ger.},,刑法,114.07.12,
21387845,Trade name counterfeiting,偽造已登記之商號,,Fälschung einer eingetragenen Handelsbezeichnung {Ger.} / Fälschung eines eingetragenen Handelsnamens {Ger.},,刑法,114.07.12,
21387848,Trademark counterfeiting,偽造已登記之商標,,Fälschung einer eingetragenen Marke {Ger.},,刑法253條,114.07.12,
21387850,Goods with counterfeit trade name / Products with counterfeit trade name,偽造商號之貨物,,Waren mit gefälschter Handelsbezeichnung {Ger.} / Waren mit gefälschterm Handelsnamen {Ger.} / Produkte mit gefälschter Handelsbezeichnung {Ger.} / Produkte mit gefälschtem Handelsnamen {Ger.},,刑法,114.07.12,
21387856,Goods with counterfeit trademarks / Products with counterfeit trademarks,偽造商標之貨物,,Waren mit gefälschter Marke {Ger.} / Produkte mit gefälschter Marke {Ger.} / Gefälschte Markenwaren {Ger.} / Gefälschte Markenprodukte {Ger.},,刑法,114.07.12,
21387863,Participating in criminal organisations,參與犯罪結社,,Beteiligung an kriminellen Vereinigungen {Ger.},,刑法第7章,114.07.12,
21387865,Product quality,商品之品質,,Produktqualität {Ger.},,刑法,114.07.12,
21387867,Goods' country of origin / Product's country of origin,商品之原產國,,Herkunftsland der Ware {Ger.} / Herkunftsland der Produkte {Ger.},,刑法255條,114.07.12,
21387871,Physical and mental health of nationals,國民身心健康,,Körperliche und geistige Gesundheit des Volks {Ger.},,毒品危害防制條例,114.07.12,
21387873,International cooperation,國際合作,,Internationale Zusammenarbeit {Ger.},,洗錢防制法,114.07.12,
21387875,Retaining stolen goods,寄藏贓物,,Verheimlichen einer gestohlenen Sache {Ger.},,刑法第34章,114.07.12,
21387877,Opium paraphernalia,專供吸食鴉片之器具,,Geräte speziell zum Opiumrauchen {Ger.},,刑法258條,114.07.12,
21387879,Paraphernalia exclusively for using narcotics,專供施用毒品之器具,,Ausschließliche Vorrichtung zur Anwendung von Drogen {Ger.},,毒品危害防制條例,114.07.12,
21387881,Paraphernalia exclusively for manufacturing narcotics,專供製造毒品之器具,,Ausschließliche Vorrichtung zur Herstellung von Drogen {Ger.},,毒品危害防制條例,114.07.12,
21387883,Commercial handling of stolen goods,常業贓物罪,,Gewerbsmäßige Hehlerei {Ger.},,刑法第34章,114.07.12,
21387885,Rape causing death,強制性交致死,,Vergewaltigung mit Todesfolge {Ger.},,刑法,114.07.12,
21387887,Rape causing severe bodily injury,強制性交致重傷,,Vergewaltigung mit schwerer Körperverletzung {Ger.},,刑法,114.07.12,
21387889,Indecency through compulsion causing death,強制猥褻致死,,Nötigung zur Unzucht mit Todesfolge ; Nötigung zu sexuellen Handlungen mit Todesfolge {Ger.},,刑法,114.07.12,
21387891,Indecency through compulsion causing severe bodily injury,強制猥褻致重傷,,Nötigung zur Unzucht mit schwerer Körperverletzung ; Nötigung zu sexuellen Handlungen mit schwerer Körperverletzung {Ger.},,刑法,114.07.12,
21387893,Robbery,強盜,,Raub {Ger.},,刑法第30章,114.07.12,
21387895,Urinary test,採驗尿液,,Urinuntersuchung {Ger.} / Urintest {Ger.},,毒品危害防制條例,114.07.12,
21387898,Abetting suicide,教唆自殺,,Anstiftung zu Selbstmord {Ger.},,刑法第22章,114.07.12,
21387900,Homicide,殺人,,Totschlag {Ger.},,刑法第22章,114.07.12,
21387902,Abduction of minors,略誘未成年人罪,,Entziehung Minderjähriger {Ger.},,刑法,114.07.12,
21387904,Unlawful purpose of gain for a third party,第三人不法所有意圖,,Drittzueignungsabsicht {Ger.},,刑法第29章,114.07.12,
21387906,Sale of narcotics,販賣毒品,,Drogenverkauf {Ger.},,刑法,114.07.12,
21387908,Purpose for sale,販賣意圖,,Verkaufsabsicht {Ger.},,毒品危害防制條例,114.07.12,
21387910,Sale of poppy seeds,販賣罌粟種子,,Verkauf von Mohnsamen {Ger.},,刑法,114.07.12,
21387912,Adultery,通姦,,Ehebruch {Ger.},,刑法,114.07.12,
21387914,Narcotic drugs,麻醉藥品,,Betäubungsmitteln {Ger.},,毒品危害防制條例,114.07.12,
21387916,Narcotics and their products,麻醉藥品與其製品,,Betäubungsmittel und ihre Produkte {Ger.},,毒品危害防制條例,114.07.12,
21387918,Pimping,媒介賣淫,,Zuhälterei {Ger.} / Vermittelung von Prostitution {Ger.},,刑法第16-1章231條,114.07.26,
21387921,Assisting in disposing stolen goods {Ger.},媒介贓物,,Vermittelung von Beute {Ger.},,刑法349條 德國法259,114.07.26,
21387925,Employment services,就業服務,,Arbeitsvermittlung {Ger.},,毒品危害防制條例,114.07.12,
21387927,Educational services,就學服務,,Bildungsdienstleistungen {Ger.},,毒品危害防制條例,114.07.12,
21387929,Dissemination,散布,,Verbreiten {Ger.},,刑法,114.07.12,
21387931,"Distribution, procurement and possession of child pornographic content",散布、取得及持有兒童色情內容物,,"Verbreitung, Erwerb und Besitz kinderpornographischer Inhalte {Ger.}",,刑法,114.07.12,
21387933,"Distribution, procurement and possession of youth pornographic content",散布、取得及持有青少年色情內容物,,"Verbreitung, Erwerb und Besitz jugendpornographischer Inhalte {Ger.}",,刑法,114.07.12,
21387934,"Verbreitung, Erwerb und Besitz jugendpornographischer Inhalte {Ger.}",散布、取得及持有青少年色情內容物,,,,刑法,114.07.12,
21387935,Disseminating misinformation,散布不實資訊,,Verbreitung von falschen Informationen {Ger.},,刑法,114.07.12,
21387937,Distribution of pornographic content,散布色情內容物,,Verbreitung pornographischer Schriften {Ger.},,刑法,114.07.12,
21387939,Distribution of pornographic content involving violent acts or sexual acts with animals,散布暴力色情或人獸色情內容物,,Verbreitung gewalt- oder tierpornographischer Inhalte {Ger.},,刑法,114.07.12,
21387941,Unauthorized Use of Automobiles and Other Vehicles .,無權使用交通工具罪,,Unbefugter Gebrauch eines Fahrzeugs {Ger.},,刑法第29章,114.07.12,
21387943,Gang theft,結夥竊盜,,Bandendiebstahl {Ger.},,刑法第29章,114.07.12,
21387945,False indication,虛偽之表示,,Falscher Ausdruck {Ger.} / Falsche Beschreibung {Ger.},,刑法,114.07.12,
21387948,False mark,虛偽之標記,,Falsches Zeichen {Ger.},,刑法,114.07.12,
21387950,Rape by deception,詐術性交,,Betrugsartiger Geschlechtsverkehr {Ger.},,刑法,114.07.12,
21387952,Theft by deception,詐術性竊盜,,Trickdiebstahl {Ger.},,刑法第29章,114.07.12,
21387954,Deception in marriage,詐術結婚,,Ehetäuschung {Ger.},,刑法,114.07.12,
21387956,Fraud,詐欺,,Betrug {Ger.},,刑法第32章,114.07.12,
21387958,Selling or buying of children,買賣兒童,,Kinderhandel {Ger.},,刑法,114.07.12,
21387960,Causing false records,間接登載不實；間接虛偽登載,,Mittelbare Falschbeurkundung {Ger.},,刑法第15章,114.07.12,
21387962,Bodily injury,傷害,,Körperverletzung {Ger.},,刑法第23章,114.07.26,
21387964,Bodily injury resulting in death,傷害致死,,Körperverletzung mit Todesfolge {Ger.},,刑法,114.07.26,
21387966,Morphine,嗎啡,,Morphium {Ger.},,刑法,114.07.12,
21387968,Dispose of subject property for obstruction of compulsory enforcement,損害債權,,Verfügung von Sacheigentum zur Verhinderung der Zwangsvollstreckung {Ger.},,刑法第35章,114.07.12,
21387970,Damage,損壞,,Beschädigen {Ger.},,刑法第35章,114.07.12,
21387972,Causing damage to important facilities,損壞重要設備,,Beschädigung wichtiger Anlagen {Ger.},,刑法,114.07.12,
21387974,Transporting stolen goods,搬運贓物,,Transport einer gestohlenen Sache {Ger.},,刑法第34章,114.07.12,
21387976,Accountant,會計師,,Wirtschaftsprüfer:in {Ger.},,洗錢防制法,114.07.12,
21387978,Destory,毀棄,,Zerstören {Ger.},,刑法第35章,114.07.12,
21387980,Damage to property,毀損物品,,Sachbeschädigung {Ger.},,刑法第35章,114.07.26,
21387982,Damage to buildings and structures,毀損建造物,,Zerstörung von Bauwerken {Ger.},,刑法第35章,114.07.12,
21387984,Constructive robbery,準強盜,,Räuberischer Diebstahl {Ger.},,刑法第30章,114.07.12,
21387986,Essential items for daily life announced by the Executive Yuan,經行政院公告之生活必需用品,,Die von Executive Yuan bekanntgemachten Artikel des täglichen Bedarfs {Ger.},,刑法,114.07.12,
21387988,Subsidy fraud,補助詐欺,,Subventionsbetrug {Ger.},,刑法第32章,114.07.12,
21387990,Stalking,跟蹤騷擾,,Nachstellung {Ger.},,刑法,114.07.12,
21387992,Essential items required for agriculture,農業必需之物品,,Für die Landwirtschaft benötigte Artikel {Ger.},,刑法251條,114.07.12,
21387994,Transportation of narcotics / Drug trafficking,運輸毒品,,Drogentransport {Ger.},,刑法,114.07.12,
21387997,Transportation of poppy seeds,運輸罌粟種子,,Transport von Mohnsamen {Ger.},,刑法,114.07.12,
21387999,Negligent bodily injury,過失傷害,,Fahrlässige Körperverletzung {Ger.},,刑法,114.07.26,
21388001,Dangerous construction practices,違反建築成規,,Baugefährdung {Ger.},,刑法,114.07.12,
21388003,Electronic communication,電子通訊,,Elektronische Kommunikation {Ger.},,刑法,114.07.12,
21388005,Generated by a computer,電腦合成,,Computergenerierung {Ger.},,刑法319-4,114.07.12,
21388008,Computer fraud,電腦詐欺,,Computerbetrug {Ger.},,刑法第36章、刑法第32章,114.07.12,
21388010,Fraudulent exercise of public office,僭行公務員職權,,Amtsanmassung {Ger.},,刑法第7章,114.07.12,
21388012,Beneficial owner,實質受益人,,Wirtschaftlich Berechtigte(r) {Ger.} / Tatsächlicher Begünstigte(r) {Ger.},,洗錢防制法,114.07.12,
21388015,Sexual abuse of children,對兒童的性濫用行為,,Sexueller Missbrauch von Kindern {Ger.},,刑法,114.07.12,
21388017,Sexual abuse of children resulting in death,對兒童的性濫用行為致死,,Sexueller Missbrauch von Kindern mit Todesfolge {Ger.},,刑法,114.07.12,
21388019,Sexual abuse of persons in one’s charge,對受保護之人性濫用行為,,Sexueller Missbrauch von Schutzbefohlenen {Ger.},,刑法,114.07.12,
21388021,"Sexual abuse of prisoners, persons detained by official order, or sick or vulnerable institutionalised persons",對於囚犯、受官署拘禁之人或是在機構中之病患及有幫助需求者的性濫用行為,,"Sexueller Missbrauch von Gefangenen, behördlich Verwahrten oder Kranken und Hilfsbedürftigen in Einrichtungen {Ger.}",,刑法,114.07.12,
21388023,Sexual abuse of juveniles,對青少年的性濫用行為,,,,刑法,114.07.12,
21388025,Intercepting data,截取電磁紀錄,,Abfangen von Daten {Ger.},,刑法第36章,114.07.26,
21388027,Public incitement to commit offences,煽惑犯罪,,Öffentliche Aufforderung zu Straftaten {Ger.},,刑法第7章,114.07.12,
21388029,Person with mental disorders,精神障礙之人,,Person mit seelischer Störungen {Ger.},,刑法,114.07.12,
21388031,Internet,網際網路,,Internet {Ger.},,刑法,114.07.12,
21388033,Fight involving a group of people,聚眾鬥毆,,Beteiligung an einer Schlägerei {Ger.},,刑法,114.07.12,
21388035,Statutory rape,與兒童或青少年性交,,Sexueller Missbrauch von Kindern oder Jugendlichen {Ger.},,刑法,114.07.12,
21388037,Lewd acts with a minor,與兒童或青少年猥褻,,Sexuelle Handlungen mit Kindern oder Jugendlichen {Ger.},,刑法,114.07.12,
21388039,Producing false sexual images of another person,製作關於他人不實之性影像,,Herstellung von falschen sexuellen Abbildungen einer anderen Person {Ger.},,刑法,114.07.12,
21388041,Manufacture of narcotics,製造毒品,,Drogenherstellung {Ger.},,刑法,114.07.12,
21388043,Promoting a minor to engage in a sexual acts,誘使未成年人為性的行為,,Verlocken von Minderjährigen zu sexuellen Handlungen {Ger.},,刑法233條,114.07.12,
21388045,Bank,銀行,,Bank {Ger.},,洗錢防制法,114.07.12,
21388047,Abortion,墮胎,,Schwangerschaftsabbruch {Ger.},,刑法第24章,114.07.12,
21388049,Radio and television,廣播電視,,Radio und Fernsehen {Ger.},,刑法,114.07.12,
21388051,Affecting the price of products,影響物品之交易價格,,Beeinflussen des Transaktionspreis von Artikeln {Ger.},,刑法,114.07.12,
21388053,Psychotropic substances and their products,影響精神物質與其製品,,Psychoaktive Substanzen und ihre Produkte {Ger.},,毒品危害防制條例,114.07.12,
21388055,Broadcast,播送,,Senden {Ger.},,刑法,114.07.12,
21388057,Process of customer identity verification,確認客戶身分程序,,Kundenidentifizierungsverfahren {Ger.},,洗錢防制法,114.07.12,
21388059,Ministry of Health and Welfare,衛生福利部,,Ministerium für Gesundheit und Wohlfahrt {Ger.},,毒品危害防制條例,114.07.12,
21388061,Gambling,賭博,,Glücksspiel {Ger.},,刑法第21章,114.07.12,
21388063,Illegal gambling,賭博罪,,Unerlaubtes Glücksspiel {Ger.},,刑法,114.07.12,
21388065,Driving under the Influence,醉態駕駛,,Trunkenheit im Verkehr {Ger.},,刑法,114.07.12,
21388067,Opium,鴉片,,Opium {Ger.},,刑法,114.07.12,
21388069,Causing public nuisance,激起公憤,,Erregung öffentlichen Ärgernisses {Ger.},,刑法,114.07.12,
21388071,Data espionage,窺探電磁紀錄,,Ausspähen von Daten {Ger.},,刑法第36章,114.07.12,
21388073,Theft against family members or relatives,親屬間竊盜罪,,Familiendiebstahl {Ger.},,刑法第29章,114.07.12,
21388075,Murder,謀殺,,Mord {Ger.},,刑法第22章,114.07.12,
21388077,Desertion,遺棄,,Aussetzung {Ger.},,刑法,114.07.12,
21388079,Taking photographs or other images,錄相；錄像,,Bildaufnahme {Ger.},,刑法,114.07.12,
21388081,Assisting suicide,幫助自殺,,Beihilfe zu Selbstmord {Ger.},,刑法第22章,114.07.12,
21388083,Potential for abuse,濫用性,,Missbrauchspotenzial {Ger.},,毒品危害防制條例,114.07.12,
21388085,Trade secrets,營業秘密,,Geschäftsgeheimnis {Ger.},,刑法,114.07.12,
21388087,Authorized to access data,獲取電磁紀錄存取權限,,Verschaffen von Zugang zu Daten {Ger.},,刑法第36章,114.07.12,
21388089,Participating in illegal gambling,舉辦賭博；聚眾賭博,,Beteiligung am unerlaubten Glücksspiel {Ger.},,刑法,114.07.12,
21388091,Conducting illegal gambling,舉辦賭博；聚眾賭博,,Ｕnerlaute Veranstaltung eines Glücksspiel {Ger.},,刑法,114.07.12,
21388093,Interference with religious service,褻瀆祀典,,Störung der Religionsausübung {Ger.},,刑法第18章,114.07.12,
21388095,Data manipulation,竄改電磁紀錄,,Datenveränderung {Ger.},,刑法第36章,114.07.12,
21388097,Vocational training,職業訓練,,Berufsausbildung {Ger.},,毒品危害防制條例,114.07.12,
21388099,Acts of exhibitionism,曝陰癖之行為,,Exhibitionistische Handlungen {Ger.},,刑法,114.07.12,
21388101,Securities firm,證券商,,Wertpapierunternehmen {Ger.},,洗錢防制法,114.07.12,
21388103,Theft with weapon,攜帶兇器竊盜,,Diebstahl mit Waffen {Ger.},,刑法第29章,114.07.12,
21388105,Crimes related to stolen goods,贓物罪,,Hehlerei {Ger.},,刑法第34章,114.07.12,
21388107,Tapping of power,竊取能量罪,,Entziehung der Energie {Ger.},,刑法第29章,114.07.12,
21388109,Electricity theft,竊取電能罪,,Entziehung elektrischer Energie {Ger.},,刑法第29章,114.07.12,
21388111,Theft,竊盜,,Diebstahl {Ger.},,刑法,114.07.12,
