ID,英文名稱,中文名稱,圖片,審譯日期,更新日期
6254466,(positive) contrast medium,(正性)對比劑,,,2020-01-07
6254467,(pulmonary) consolidation,(肺臓)實質化,,,2020-01-07
6254468,2-[F-18]fluoro-2-deoxy-D-glucose {=FDG},[氟-18]去氧葡萄糖,,,2020-01-07
6254469,abduction,外展,,,2020-01-07
6254470,abnormality of double hitting,染色體雙擊異常,,,2020-01-07
6254471,absolute filter,絕對濾器；絕對濾片,,,2020-01-07
6254472,absolute measurement,絕對測量,,,2020-01-07
6254473,absolute risk,絕對風險,,,2020-01-07
6254474,absorbance,吸收,,,2020-01-07
6254475,absorbed dose (D),吸收劑量,,,2020-01-07
6254476,absorbed dose rate (D),吸收劑量率,,,2020-01-07
6254477,absorbed fraction,吸收分率,,,2020-01-07
6254478,absorbed-dose index,吸收劑量指數,,,2020-01-07
6254479,absorption coefficient,吸收係數,,,2020-01-07
6254480,absorption edge,吸收邊限；吸收邊緣,,,2020-01-07
6254481,abundance,含量；豐度,,,2020-01-07
6254482,abusive head trauma,受虐性腦傷,,,2020-01-07
6254483,acanthiomeatal line,鼻下耳孔線,,,2020-01-07
6254484,accelerated fractionated radiotherapy,加速分次放射治療,,,2020-01-07
6254485,accelerated fractionation,加速分次,,,2020-01-07
6254486,accelerating electrode,加速電極,,,2020-01-07
6254487,accessory fissure,副裂隙,,,2020-01-07
6254488,accumulated dose,累積劑量,,,2020-01-07
6254489,accumulator,累積計,,,2020-01-07
6254490,acid fixing bath,酸性定影浴,,,2020-01-07
6254491,acid maltase deficiency,酸性麥芽糖酶缺乏症,,,2020-01-07
6254492,acromegaly,肢端肥大症,,,2020-01-07
6254493,activation analysis,活化分析,,,2020-01-07
6254494,activation cross section,活化截面,,,2020-01-07
6254495,activity,活性,,,2020-01-07
6254496,acute disseminated encephalomyelitis {=ADEM},急性瀰漫性腦脊髓炎,,,2020-01-07
6254497,acute interstitial pneumonitis,急性間質性肺炎,,,2020-01-07
6254498,Acute radiation syndrome {=ARS},急性輻射症候群,,,2020-01-07
6254499,addition filter,附加濾片；附加濾器,,,2020-01-07
6254500,adduction,內收,,,2020-01-07
6254501,adhesive,黏連性；沾黏的,,,2020-01-07
6254502,adhesive capsulitis,粘連性滑膜囊炎,,,2020-01-07
6254503,adjacency effects,鄰近效應,,,2020-01-07
6254504,adjuvant therapy,輔助治療,,,2020-01-07
6254505,Adult Onset Still's Disease {=AOSD},成人史迪爾氏症,,,2020-01-07
6254506,aerated,充氣的,,,2020-01-07
6254507,aerial fog,氣霧,,,2020-01-07
6254508,afterloading method,後荷法,,,2020-01-07
6254509,afterloading unit,後荷裝置,,,2020-01-07
6254510,agenesis of corpus callosum,胼胝體發育不全,,,2020-01-07
6254511,aging brain,老化大腦,,,2020-01-07
6254512,air bronchogram,空氣支氣管像,,,2020-01-07
6254513,air bronchogram sign,空氣支氣管像徵象,,,2020-01-07
6254514,air equivalent material,空氣等價物質,,,2020-01-07
6254515,air equivalent wall,空氣等價壁,,,2020-01-07
6254516,air gap technique,空間間隔技術,,,2020-01-07
6254517,air kerma rate constant,空氣克馬率常數,,,2020-01-07
6254518,air trapping,氣體滯留,,,2020-01-07
6254519,air-fluid level,氣體－液體界面,,,2020-01-07
6254520,airspace,氣腔,,,2020-01-07
6254521,Al breakthrough,鋁突破,,,2020-01-07
6254522,Alexander disease,Alexander氏病,,,2020-01-07
6254523,algebraic reconstruction technique {=ART},代數重建技術,,,2020-01-07
6254524,algorithm,演算法,,,2020-01-07
6254525,alpha decay,α衰變；阿伐衰變,,,2020-01-07
6254526,alpha particle,α粒子；阿伐粒子,,,2020-01-07
6254527,alpha ray,α射線；阿伐射線,,,2020-01-07
6254528,altered fractionated radiotherapy,另類分次放射治療,,,2020-01-07
6254529,alveolar,肺泡的；齒槽的,,,2020-01-07
6254530,alveolar consolidation,肺泡性實質化,,,2020-01-07
6254531,alveolar pattern,肺泡型態,,,2020-01-07
6254532,alveolar soft-part sarcoma,肺泡狀軟組織肉瘤,,,2020-01-07
6254533,alveoli,肺泡,,,2020-01-07
6254534,American Pharmaceutical Association {=APhA},美國藥學協會,,,2020-01-07
6254535,American Pharmacists Association,美國藥師協會,,,2020-01-07
6254536,amplifier gain,放大器增益,,,2020-01-07
6254537,amyloid angiopathy,類澱粉血管病變,,,2020-01-07
6254538,amyotrophic lateral sclerosis (ALS),肌肉萎縮性脊髓側索硬化症(漸凍人),,,2020-01-07
6254539,analog-to-digital converter {=ADC},類比-數位轉換器,,,2020-01-07
6254540,aneurysm,動脈瘤,,,2020-01-07
6254541,aneurysmal bone cyst {=ABC},動脈瘤樣骨性囊腫,,,2020-01-07
6254542,angiography,血管攝影,,,2020-01-07
6254543,angioplasty,血管成形術,,,2020-01-07
6254544,angular momentum,角動量,,,2020-01-07
6254545,ankylosing  spondylitis {=AS},僵直性脊柱炎,,,2020-01-07
6254546,annihilation,互毀,,,2020-01-07
6254547,annihilation radiation,互毀輻射,,,2020-01-07
6254548,annihilation reaction,互毀反應,,,2020-01-07
6254549,annual limit on  intake {=ALI},年攝入限度,,,2020-01-07
6254550,anode,陽極,,,2020-01-07
6254551,anterior dislocation of shoulder,肩前脫位,,,2020-01-07
6254552,anterior projection,前投影,,,2020-01-07
6254553,anteroposterior {=AP} projection,前後位投影,,,2020-01-07
6254554,anticoincidence circuit,逆時訊符合電路,,,2020-01-07
6254555,anticoincidence counting,逆時訊符合計數法,,,2020-01-07
6254556,anticoincidence tube,逆時訊符合計數管,,,2020-01-07
6254557,aortic aneurysm,主動脈瘤,,,2020-01-07
6254558,aortic arch (knob),主動脈弓(結),,,2020-01-07
6254559,aortography,主動脈攝影檢查,,,2020-01-07
6254560,AP diameter,前後直徑,,,2020-01-07
6254561,applicator,裝療器,,,2020-01-07
6254562,arteriography,動脈攝影,,,2020-01-07
6254563,arteriovenous fistula {=AVF},動靜脈瘻,,,2020-01-07
6254564,arteriovenous malformation {=AVM},動靜脈畸形,,,2020-01-07
6254565,arthrography,關節腔攝影,,,2020-01-07
6254566,artifacts,假影,,,2020-01-07
6254567,artificial radioactive nuclide,人工放射性核種,,,2020-01-07
6254568,as low as reasonably achievable {=ALARA},合理抑低,,,2020-01-07
6254569,Aspergillus sinusits,麴菌鼻竇炎,,,2020-01-07
6254570,aspirated foreign body,吸入異物,,,2020-01-07
6254571,aspiration pneumonia,吸入性肺炎,,,2020-01-07
6254572,atelectasis,擴張不全,,,2020-01-07
6254573,atom,原子,,,2020-01-07
6254574,atomic attenuation coefficient,原子衰減係數,,,2020-01-07
6254575,atomic cross section,原子截面,,,2020-01-07
6254576,Atomic Energy Commission {=AEC},原子能委員會,,,2020-01-07
6254577,atomic mass unit {=AMU},原子質量單位,,,2020-01-07
6254578,atomic number,原子序,,,2020-01-07
6254579,atomic weight,原子量,,,2020-01-07
6254580,atrial appendage,心耳,,,2020-01-07
6254581,atrial septal defect,心房中膈缺損,,,2020-01-07
6254582,atrium,心房,,,2020-01-07
6254583,attenuation,衰減,,,2020-01-07
6254584,attenuation coefficient,衰減係數,,,2020-01-07
6254585,attenuation correction,衰減校正,,,2020-01-07
6254586,attenuation curve,衰減曲線,,,2020-01-07
6254587,Auger effect,鄂惹效應,,,2020-01-07
6254588,Auger electron,鄂惹電子,,,2020-01-07
6254589,autocassette,自動貯片盒,,,2020-01-07
6254590,autoinjection system,自動注射裝置,,,2020-01-07
6254591,autoinjector,自動注射器,,,2020-01-07
6254592,autoradiography,自動攝影術,,,2020-01-07
6254593,avascular necrosis,缺血性壞死,,,2020-01-07
6254594,avulsion fracture,拉扯性骨折,,,2020-01-07
6254595,axial,軸位,,,2020-01-07
6254596,axial direction,軸方向,,,2020-01-07
6254597,axial image,軸位影像,,,2020-01-07
6254598,axial plane,軸切面,,,2020-01-07
6254599,axial transverse tomography,軸向橫斷面掃描攝影,,,2020-01-07
6254600,azygos,奇,,,2020-01-07
6254601,azygos fissure,奇裂隙,,,2020-01-07
6254602,azygos lobe,奇肺葉,,,2020-01-07
6254603,B type mode,B-模式,,,2020-01-07
6254604,back projection,反投影法,,,2020-01-07
6254605,back scatter factor {=BSF},反散射係數,,,2020-01-07
6254606,background radiation,背景輻射,,,2020-01-07
6254607,backscattering,反向散射,,,2020-01-07
6254608,backscattering factor,反向散射係數,,,2020-01-07
6254609,backscattering peak,反向散射峰值,,,2020-01-07
6254610,bacterial meningitis,細菌性腦膜炎,,,2020-01-07
6254611,balloon catheter,氣球導管,,,2020-01-07
6254612,Bankart lesion,Bankart損傷,,,2020-01-07
6254613,barium,鋇劑,,,2020-01-07
6254614,barium enema,鋇灌腸攝影,,,2020-01-07
6254615,barrel chest,桶狀胸,,,2020-01-07
6254616,Barton's fracture,Barton氏骨折,,,2020-01-07
6254617,basal cisterns,基底腦池,,,2020-01-07
6254618,basal segments,基底肺節,,,2020-01-07
6254619,beam,射束,,,2020-01-07
6254620,beam attenuator,射束衰減器,,,2020-01-07
6254621,beam flattening filter,射束平坦化濾板,,,2020-01-07
6254622,becquerel {=Bq},貝克；貝克勒,,,2020-01-07
6254623,beta decay,β衰變,,,2020-01-07
6254624,beta-ray,β 射線,,,2020-01-07
6254625,beta-ray applicator,β射線裝療器,,,2020-01-07
6254626,BF3 counter,三氟化硼計數器,,,2020-01-07
6254627,BF3 proportional counter type surveymeter,三氟化硼比例計數器式勘檢器,,,2020-01-07
6254628,binding energy,束縛能；結合能,,,2020-01-07
6254629,biologic half-life,生物半衰期,,,2020-01-07
6254630,biological direct effect,直接生物效應,,,2020-01-07
6254631,biological effect,生物效應,,,2020-01-07
6254632,biological effect of neutron,中子生物效應,,,2020-01-07
6254633,biological effect of radiation,輻射生物效應,,,2020-01-07
6254634,biological effective half-life,生物有效半衰期,,,2020-01-07
6254635,biologically effective dose {= BED},生物有效劑量,,,2020-01-07
6254636,biologically equivalent dose,生物等效劑量,,,2020-01-07
6254637,block detector,方塊偵檢器,,,2020-01-07
6254638,blood-brain barrier {=BBB},血腦屏障,,,2020-01-07
6254639,blooming effect,輝散效應,,,2020-01-07
6254640,body position,體姿,,,2020-01-07
6254641,bolus,填充物,,,2020-01-07
6254642,bolus injection,單次快速注射；彈丸注射,,,2020-01-07
6254643,bone age,骨齡,,,2020-01-07
6254644,bone cyst,骨囊腫,,,2020-01-07
6254645,bone infarction,骨梗塞,,,2020-01-07
6254646,bone joint,骨關節,,,2020-01-07
6254647,bone marrow conversion,骨髓轉化,,,2020-01-07
6254648,bone marrow reconversion,骨髓逆轉化,,,2020-01-07
6254649,bone scintigraphy,骨骼掃描,,,2020-01-07
6254650,bone-seeking radionuclide,親骨性核素,,,2020-01-07
6254651,boron neutron capture therapy {=BNCT},硼中子捕獲治療,,,2020-01-07
6254652,brachytherapy,近接治療,,,2020-01-07
6254653,brachytherapy source,近接治療射源,,,2020-01-07
6254654,bragg peak,布拉格尖峰；布勒格尖峰,,,2020-01-07
6254655,brain abscess,腦膿瘍,,,2020-01-07
6254656,brain atrophy,腦萎縮,,,2020-01-07
6254657,brain contusion,腦挫傷,,,2020-01-07
6254658,brain metastasis,腦轉移,,,2020-01-07
6254659,branching decay,分支衰變,,,2020-01-07
6254660,braun tube,布萊恩管；陰極射線管,,,2020-01-07
6254661,breakdown,崩解,,,2020-01-07
6254662,bremsstrahlung,制動輻射,,,2020-01-07
6254663,bronchiectasis,支氣管擴張症,,,2020-01-07
6254664,bronchography,支氣管攝影,,,2020-01-07
6254665,bronchus intermedius,中段支氣管,,,2020-01-07
6254666,Brown Sequard syndrome,Brown Sequard症候群,,,2020-01-07
6254667,brown tumor,棕色瘤,,,2020-01-07
6254668,bucky table,具備活動柵的X光檢查枱,,,2020-01-07
6254669,build up area,(能量)增建區,,,2020-01-07
6254670,bulging disc,椎間盤膨出,,,2020-01-07
6254671,bulla,(肺)大泡,,,2020-01-07
6254672,by-product,副產物,,,2020-01-07
6254673,bystander effect (Abscopal Effect),旁觀者效應,,,2020-01-07
6254674,C type mode,C-模式,,,2020-01-07
6254675,Caldwell view,柯特威耳(顱骨)像,,,2020-01-07
6254676,calibration,校正,,,2020-01-07
6254677,callus,骨痂,,,2020-01-07
6254678,capillary hemangioma,微血管瘤,,,2020-01-07
6254679,carcinomatosis meningitis,癌性腦膜炎,,,2020-01-07
6254680,carcinostatic effect,抑癌效應,,,2020-01-07
6254681,cardiac cycle,心週期,,,2020-01-07
6254682,cardiothoracic ratio,心胸比例,,,2020-01-07
6254683,cardiothoracic ratio {=CTR},心胸比,,,2020-01-07
6254684,cardiovascular computed tomography {=CVCT},心血管電腦斷造影,,,2020-01-07
6254685,cardiovascular disease,心血管疾病,,,2020-01-07
6254686,carina,氣管隆突,,,2020-01-07
6254687,carpal tunnel syndrome,腕隧道症候群,,,2020-01-07
6254688,carrier,載體,,,2020-01-07
6254689,carrier free,無載體,,,2020-01-07
6254690,carrier free separation,無載體分離,,,2020-01-07
6254691,cartilage hair hypoplasia syndrome,軟骨毛髮發育不良症候群,,,2020-01-07
6254692,caseating necrosis,乾酪壞死,,,2020-01-07
6254693,cathode,陰極,,,2020-01-07
6254694,cathode ray tube {=CRT},陰極射線管,,,2020-01-07
6254695,caudo-cranial direction,尾頭方向,,,2020-01-07
6254696,cavernous hemangioma,海綿狀血管瘤,,,2020-01-07
6254697,cavitary,空洞化,,,2020-01-07
6254698,cavity theory,空腔理論,,,2020-01-07
6254699,Cell cycle,細胞週期,,,2020-01-07
6254700,cell survival curve,細胞存活曲線,,,2020-01-07
6254701,cell survival ratio,細胞存活率,,,2020-01-07
6254702,central neurocytoma,中心性腦神經細胞瘤,,,2020-01-07
6254703,central pontine myelinolysis {=CPM},橋腦中央髓鞘溶解症,,,2020-01-07
6254704,central venous catheter {=CVC},中央靜脈導管,,,2020-01-07
6254705,centriacinar emphysema,腺泡中央型肺氣腫,,,2020-01-07
6254706,cephalization,頭向化,,,2020-01-07
6254707,cerebellar atrophy,小腦萎縮症,,,2020-01-07
6254708,cerebellar infarction,小腦梗塞,,,2020-01-07
6254709,cerebellitis,小腦炎,,,2020-01-07
6254710,cerebral amyloid angiopathy (CAA),類澱粉腦血管病變,,,2020-01-07
6254711,cerebral arteriovenous malformation,腦動靜脈畸形,,,2020-01-07
6254712,cerebral blood flow {=CBF},腦血流量,,,2020-01-07
6254713,cerebral hemiatrophy,大腦半側萎縮,,,2020-01-07
6254714,cerebral infarction,腦梗塞,,,2020-01-07
6254715,cerebritis,大腦炎,,,2020-01-07
6254716,cerebrospinal fluid (CSF) seeding,腦脊液散播,,,2020-01-07
6254717,cerebrospinal fluid {=CSF},腦脊髓液,,,2020-01-07
6254718,cerebrovascular reserve {=CVR},大腦血管儲備,,,2020-01-07
6254719,cerium dosimeter,鈰劑量計,,,2020-01-07
6254720,chain reaction,連鎖反應,,,2020-01-07
6254721,characteristic X-ray,特性X射線,,,2020-01-07
6254722,Charcot arthropathy,夏科氏關節炎,,,2020-01-07
6254723,charged particles,荷電粒子,,,2020-01-07
6254724,chelate method,螯合法,,,2020-01-07
6254725,chelating agent,螯合劑,,,2020-01-07
6254726,chelation,螯合,,,2020-01-07
6254727,chemiluminescence,化學螢光,,,2020-01-07
6254728,chemoluminiscence immunoassay,化學螢光免疫分析,,,2020-01-07
6254729,chest (AP lordotic view),肺尖攝影,,,2020-01-07
6254730,Chiari I malformation,Chiari I先天性畸形,,,2020-01-07
6254731,Chiari II malformation,Chiari II先天性畸形,,,2020-01-07
6254732,Chiari III malformation,Chiari III先天性畸形,,,2020-01-07
6254733,cholangiography,膽道攝影,,,2020-01-07
6254734,cholecystcocholangiography,膽囊膽道攝影,,,2020-01-07
6254735,cholecystitis,膽囊炎,,,2020-01-07
6254736,cholecystography,膽囊攝影,,,2020-01-07
6254737,cholescintigraphy,膽道閃爍造影,,,2020-01-07
6254738,Chondrodysplasia punctata,點狀軟骨發育異常,,,2020-01-07
6254739,chondroid matrix,軟骨基質,,,2020-01-07
6254740,chondroma,軟骨瘤,,,2020-01-07
6254741,chondromyxoid fibroma {=CMF},軟骨黏液樣纖維瘤,,,2020-01-07
6254742,chondrosarcoma,軟骨肉瘤,,,2020-01-07
6254743,chordoma,脊索瘤,,,2020-01-07
6254744,choriocarcinoma,絨毛膜癌,,,2020-01-07
6254745,choroid plexus,脈絡叢,,,2020-01-07
6254746,choroid plexus papilloma,脈絡叢乳頭狀瘤,,,2020-01-07
6254747,chromatography,層析法,,,2020-01-07
6254748,chromosomal aberration,染色體變異,,,2020-01-07
6254749,chromosomal instability,染色體不穩定,,,2020-01-07
6254750,chromosomal mutation,染色體突變,,,2020-01-07
6254751,chromosomal polymorphism,染色體多形性,,,2020-01-07
6254752,chronic exposure,慢性曝露,,,2020-01-07
6254753,chronic obstructive pulmonary disease {=COPD},慢性阻塞性肺病,,,2020-01-07
6254754,chronic recurrent multifocal osteomyelitis {=CRMO},慢性復發性多灶性骨髓炎,,,2020-01-07
6254755,cicatrization,瘢痕形成；結瘢,,,2020-01-07
6254756,classical scattering,古典散射,,,2020-01-07
6254757,Clayden's effect,卡頓效應,,,2020-01-07
6254758,clearance rate,廓清率,,,2020-01-07
6254759,clearing time,廓清時間,,,2020-01-07
6254760,cleft vertebra,脊椎骨裂,,,2020-01-07
6254761,cleidocranial dysostosis,顱骨鎖骨發育不全,,,2020-01-07
6254762,clinical target volume {=CTV},臨床靶體積,,,2020-01-07
6254763,clone,殖株；選殖,,,2020-01-07
6254764,Co-60,鈷60,,,2020-01-07
6254765,cobalt calibration factor,鈷校準因子,,,2020-01-07
6254766,cobalt radiography,鈷攝影,,,2020-01-07
6254767,cobalt-60 needle,鈷-60針,,,2020-01-07
6254768,cobalt-60 teletherapy apparatus,鈷-60遠隔治療機,,,2020-01-07
6254769,cobalt-60 tube,鈷60管,,,2020-01-07
6254770,Code of Federal Regulation {=CFR},美國聯邦管制法規；聯邦規則彙編,,,2020-01-07
6254771,coefficient of homogeneity,均勻係數,,,2020-01-07
6254772,coherent scattering,同調散射,,,2020-01-07
6254773,coincidenc detection,符合偵檢,,,2020-01-07
6254774,coincidence circuit,時訊符合電路,,,2020-01-07
6254775,coincidence counting,時訊符合計數法,,,2020-01-07
6254776,coincidence detection,偶合偵測,,,2020-01-07
6254777,coincidence time window,偶合時窗,,,2020-01-07
6254778,cold abscess,冷膿瘍,,,2020-01-07
6254779,cold atom,冷原子,,,2020-01-07
6254780,cold kits,冷套組,,,2020-01-07
6254781,cold nodules,冷結節,,,2020-01-07
6254782,cold run,冷(無放射活性)運轉,,,2020-01-07
6254783,cold spot,冷區,,,2020-01-07
6254784,collapse (lung),塌陷(肺),,,2020-01-07
6254785,Colles' fracture,Colles骨折,,,2020-01-07
6254786,collimator,準直儀,,,2020-01-07
6254787,collision energy loss,碰撞能量損失,,,2020-01-07
6254788,collision loss,碰撞損失,,,2020-01-07
6254789,collision stopping power,碰撞阻止本領,,,2020-01-07
6254790,colloid,膠體,,,2020-01-07
6254791,colloidal,膠體的,,,2020-01-07
6254792,colloidal radioactive gold,放射性膠體金,,,2020-01-07
6254793,colony,群體；菌落,,,2020-01-07
6254794,colpocephaly,側腦室枕角擴大畸形,,,2020-01-07
6254795,committed dose equivalent,約定等效劑量,,,2020-01-07
6254796,committed effective dose,約定有效劑量,,,2020-01-07
6254797,committed equivalent dose,約定等價劑量,,,2020-01-07
6254798,communicated fracture,粉碎性骨折,,,2020-01-07
6254799,companion shadow,伴隨陰影,,,2020-01-07
6254800,compartments,腔室,,,2020-01-07
6254801,complementary DNA {=cDNA},互補DNA,,,2020-01-07
6254802,complexation,錯合作用,,,2020-01-07
6254803,composite dorso-plantar projection,複合式背蹠(足背足底)投影法,,,2020-01-07
6254804,Compton absorption peak,康普頓吸收峰值,,,2020-01-07
6254805,Compton atomic scattering coefficient,康普頓原子散射係數,,,2020-01-07
6254806,Compton edge,康普頓邊緣,,,2020-01-07
6254807,Compton effect,康普頓效應,,,2020-01-07
6254808,Compton electron,康普頓電子,,,2020-01-07
6254809,Compton scattering,康普頓散射,,,2020-01-07
6254810,Compton wavelength,康普頓波長,,,2020-01-07
6254811,computed tomography {=CT},電腦斷層造影檢查,,,2020-01-07
6254812,computer assisted tomography scan {=CAT scan},電腦斷層造影檢查,,,2020-01-07
6254813,condensation,縮合；濃縮,,,2020-01-07
6254814,conformal radiotherapy,順形放射治療,,,2020-01-07
6254815,congestive,鬱血性,,,2020-01-07
6254816,connective tissue disease {=CTD},結締組織疾病,,,2020-01-07
6254817,consolidated,實質化的,,,2020-01-07
6254818,consolidation,實質化,,,2020-01-07
6254819,continuous spectrum,連續光譜,,,2020-01-07
6254820,continuous X-ray,連續X光；X射線,,,2020-01-07
6254821,contraindications,禁忌,,,2020-01-07
6254822,contrast,對比,,,2020-01-07
6254823,contrast enhancement,對比增強,,,2020-01-07
6254824,contrast medium,對比劑；造影劑；顯影劑,,,2020-01-07
6254825,contrast resolution,對比解析度,,,2020-01-07
6254826,contrast scale,對比度,,,2020-01-07
6254827,contrast-enhanced images,對比增強影像,,,2020-01-07
6254828,conventional osteosarcoma,傳統骨肉瘤,,,2020-01-07
6254829,converging type,聚焦式,,,2020-01-07
6254830,convexity,凸形,,,2020-01-07
6254831,convolution method,卷積法,,,2020-01-07
6254832,coordination number,配位數,,,2020-01-07
6254833,coronal,冠狀面的,,,2020-01-07
6254834,coronal image,冠狀面影像,,,2020-01-07
6254835,coronal plane,冠狀面,,,2020-01-07
6254836,cortical dysplasia,皮質發育不全,,,2020-01-07
6254837,cortical tuber {hamartoma},腦皮質結節{缺陷瘤；錯構瘤；過誤瘤},,,2020-01-07
6254838,costophrenic angles,肋膈角,,,2020-01-07
6254839,costophrenic sulcus (angle),肋膈溝（角）,,,2020-01-07
6254840,coulomb,庫侖,,,2020-01-07
6254841,coulomb potential barrier,庫侖電壓障蔽,,,2020-01-07
6254842,coulomb's low,庫侖法則,,,2020-01-07
6254843,count per minute {=CPM},分計量,,,2020-01-07
6254844,count per second {=CPS},秒計量,,,2020-01-07
6254845,counter,計數器,,,2020-01-07
6254846,counting coefficient,計數係數,,,2020-01-07
6254847,counting efficiency,計數效率,,,2020-01-07
6254848,counting loss,計數漏失,,,2020-01-07
6254849,counting rate,計數率,,,2020-01-07
6254850,counting ratemeter,計數率器,,,2020-01-07
6254851,counting yield,計數產率,,,2020-01-07
6254852,counts/min,每分鐘總計數,,,2020-01-07
6254853,counts/s; counts/second,每秒鐘總計數,,,2020-01-07
6254854,coupling,偶合反應；偶合作用,,,2020-01-07
6254855,CR oscillator,CR振動器,,,2020-01-07
6254856,cranio-caudal direction,頭尾方向,,,2020-01-07
6254857,craniopharyngioma,顱咽管瘤,,,2020-01-07
6254858,Crentinism,呆小病,,,2020-01-07
6254859,Creutzeldt-Jakob disease {=CJD},庫賈氏症,,,2020-01-07
6254860,critical organ,關鍵器官；危急器官,,,2020-01-07
6254861,cross grid,交叉鉛柵,,,2020-01-07
6254862,cross section,橫斷面,,,2020-01-07
6254863,cryptococcal meningitis,隱球菌腦膜炎,,,2020-01-07
6254864,Csl (TI) scintillation counter,CsI (TI)閃爍計數器,,,2020-01-07
6254865,CT density,電腦斷層密度,,,2020-01-07
6254866,CT dose index {=CTDI},CT劑量指標,,,2020-01-07
6254867,"CT number {Hounsfield units, HU}",CT值,,,2020-01-07
6254868,CT simulator,電腦斷層模擬定位儀,,,2020-01-07
6254869,cubitus valgus,外翻肘,,,2020-01-07
6254870,cubitus varus,內翻肘,,,2020-01-07
6254871,cumulated activity,累積活性；累積放射性,,,2020-01-07
6254872,cumulative activity,累積放射活性,,,2020-01-07
6254873,curative radiotherapy,根治放射治療,,,2020-01-07
6254874,curie {=Ci},居里,,,2020-01-07
6254875,curiemeter,居里量器,,,2020-01-07
6254876,current amplification factor,電流增強率,,,2020-01-07
6254877,current gain,電流增益,,,2020-01-07
6254878,current GMP {=cGMP},現行藥品優良製造規範,,,2020-01-07
6254879,current-type ionization chamber,直流電離箱,,,2020-01-07
6254880,Cushing's syndrome,庫欣氏症,,,2020-01-07
6254881,cycling,周期變化,,,2020-01-07
6254882,cyclotron,迴旋加速器,,,2020-01-07
6254883,cystic degeneration,囊性病變,,,2020-01-07
6254884,cysticercosis,囊蟲病{豬肉絛蟲},,,2020-01-07
6254885,cystography,膀胱攝影,,,2020-01-07
6254886,cytokines,細胞激素,,,2020-01-07
6254887,cytomegalovirus {=CMV} infection,巨細胞病毒感染,,,2020-01-07
6254888,D0,D0,,,2020-01-07
6254889,D1,D1,,,2020-01-07
6254890,D-A convertor {digital-analog},數位類比轉換器,,,2020-01-07
6254891,Dalton,道耳頓；道耳吞,,,2020-01-07
6254892,daughter nuclide,子核種,,,2020-01-07
6254893,dead time,失效時間；停滯時間,,,2020-01-07
6254894,decacy scheme,衰變圖式,,,2020-01-07
6254895,decacy series,衰變系列,,,2020-01-07
6254896,decay,衰變,,,2020-01-07
6254897,decay constant,衰變定數,,,2020-01-07
6254898,decay form,衰變形式,,,2020-01-07
6254899,decontamination factor,除污因數,,,2020-01-07
6254900,decontamination index,除污指數,,,2020-01-07
6254901,deconvolution method,去卷積法,,,2020-01-07
6254902,decubitus position,側臥擺位,,,2020-01-07
6254903,Dee,D形電極,,,2020-01-07
6254904,deep vein thrombosis {=DVT},深層靜脈栓塞,,,2020-01-07
6254905,deep vein thrombus,深層靜脈血栓,,,2020-01-07
6254906,deep X-ray therapy,深部X射線治療,,,2020-01-07
6254907,deep-dose equivalent,深部等效劑量,,,2020-01-07
6254908,degenerative arthritis,退行性骨關節病,,,2020-01-07
6254909,degenerative joint disease　{=DJD},退化性關節疾病,,,2020-01-07
6254910,degradation,衰退,,,2020-01-07
6254911,delayed counts,延遲計數,,,2020-01-07
6254912,delayed neutron,遲延中子,,,2020-01-07
6254913,delayed union,骨折癒合延遲,,,2020-01-07
6254914,deletion,缺失,,,2020-01-07
6254915,delta rays,δ射線,,,2020-01-07
6254916,demantia with Lewy bodies {=DLB},路易氏體失智症,,,2020-01-07
6254917,denature,變性,,,2020-01-07
6254918,densitometer,照片黑度計；感光密度計,,,2020-01-07
6254919,density,密度,,,2020-01-07
6254920,dentinogenesis imperfecta,牙本質發育不全,,,2020-01-07
6254921,deoxyglucose,去氧葡萄糖,,,2020-01-07
6254922,deoxyribonucleic acid {=DNA},去氧核醣核酸,,,2020-01-07
6254923,deoxyribose glucose,去氧核醣,,,2020-01-07
6254924,depressed,凹陷的,,,2020-01-07
6254925,depression,凹陷,,,2020-01-07
6254926,depth dose,深部劑量,,,2020-01-07
6254927,depth isodose curve,深部等劑量線,,,2020-01-07
6254928,dermatitis,皮膚炎,,,2020-01-07
6254929,detecting element,偵檢元件,,,2020-01-07
6254930,detection,偵檢；探測,,,2020-01-07
6254931,detection efficiency,偵檢效率,,,2020-01-07
6254932,detector,偵檢器,,,2020-01-07
6254933,deterministic effect,確定效應,,,2020-01-07
6254934,deuterium,氘；重氫,,,2020-01-07
6254935,deuteron,氘核,,,2020-01-07
6254936,developing,(膠片)顯影,,,2020-01-07
6254937,developing agent,(膠片)顯影劑,,,2020-01-07
6254938,diamagnetic substance,反磁性物質,,,2020-01-07
6254939,diameter transversa,橫徑,,,2020-01-07
6254940,diaphragm,橫膈膜,,,2020-01-07
6254941,diastematomyelia,脊髓縱裂,,,2020-01-07
6254942,differential diagnosis,鑑別診斷,,,2020-01-07
6254943,diffuse,彌漫性,,,2020-01-07
6254944,diffuse axonal injury　{=DAI},瀰漫性軸突損傷,,,2020-01-07
6254945,diffuse idiopathic skeletal hyperostosis {=DISH},特發性瀰漫性骨質增生症,,,2020-01-07
6254946,digital image,數位影像,,,2020-01-07
6254947,digital radiography {=DR},數位放射攝影(術),,,2020-01-07
6254948,digital subtraction angiography {=DSA},數位減贅血管攝影,,,2020-01-07
6254949,digital to analog convertor,數位類比變換器,,,2020-01-07
6254950,direct action,直接作用,,,2020-01-07
6254951,direct digital radiography,直接數位放射攝影(術),,,2020-01-07
6254952,direct ionizing radiation,直接游離輻射,,,2020-01-07
6254953,directional dependence,方向依賴性；方向依存性,,,2020-01-07
6254954,discetomy,椎間盤切除術,,,2020-01-07
6254955,discography,椎間盤攝影(術),,,2020-01-07
6254956,disease-free survival,無病存活期,,,2020-01-07
6254957,disintegration rate,蛻變率,,,2020-01-07
6254958,dislocation,脫位；脫臼,,,2020-01-07
6254959,displaced fracture,錯位型骨折,,,2020-01-07
6254960,displacement,位移,,,2020-01-07
6254961,distal tubule,遠端小管,,,2020-01-07
6254962,diverging collimator,發散準直儀,,,2020-01-07
6254963,diverging type,發散式,,,2020-01-07
6254964,doclecanetetraacetic acid {=DOTA},十二烷四醋酸,,,2020-01-07
6254965,dopa,多巴,,,2020-01-07
6254966,dopamine,多巴胺,,,2020-01-07
6254967,dopamine-2-receptor,多巴胺-2-受體,,,2020-01-07
6254968,dopaminergic,多巴胺的,,,2020-01-07
6254969,Doppler ultrasound,都卜勒超音波,,,2020-01-07
6254970,dorso-plantar direction,背蹠方向；足背足底方向,,,2020-01-07
6254971,dose attenuation correction,劑量衰減校正,,,2020-01-07
6254972,dose calibrators,劑量校正儀,,,2020-01-07
6254973,dose distribution,劑量分布,,,2020-01-07
6254974,dose equivalent {=DE},劑量當量,,,2020-01-07
6254975,dose rate,劑量率,,,2020-01-07
6254976,dose rate dependence,劑量依賴性；劑量依存性,,,2020-01-07
6254977,dose rate effect,劑量率效應,,,2020-01-07
6254978,dose ratemeter,劑量率儀,,,2020-01-07
6254979,dose reduction factor {=DRF},劑量減弱係數,,,2020-01-07
6254980,dose reduction ratio,劑量減弱率,,,2020-01-07
6254981,dose response curve,劑量反應曲線,,,2020-01-07
6254982,dose volume histogram {=DVH},劑量體積直方圖,,,2020-01-07
6254983,dose-length product {=DLP},劑量-長度乘積,,,2020-01-07
6254984,dose-modifying factor {=DMF},劑量-修正係數,,,2020-01-07
6254985,dose-response curve,劑量-效應曲線,,,2020-01-07
6254986,dosimeter,劑量計,,,2020-01-07
6254987,dosimetrist,劑量師,,,2020-01-07
6254988,dosimetry,劑量測定術,,,2020-01-07
6254989,double antibody method,雙抗體法,,,2020-01-07
6254990,double contrast method,雙重對比造影法,,,2020-01-07
6254991,double focus X-ray tube,雙焦點X光管,,,2020-01-07
6254992,double fracture of shafts of ulna and radius,尺橈骨幹雙骨折,,,2020-01-07
6254993,double helix,雙螺旋,,,2020-01-07
6254994,double line sign,雙線徵,,,2020-01-07
6254995,double-contrast barium study,雙重對比鋇劑檢查,,,2020-01-07
6254996,doubling dose,倍增劑量,,,2020-01-07
6254997,doubling time,倍增時間,,,2020-01-07
6254998,dual energy subtraction,雙能減影法,,,2020-01-07
6254999,dual-isotope technique,雙同位素技術,,,2020-01-07
6255000,dummy source,假射源,,,2020-01-07
6255001,dynamic-scan,動態掃描,,,2020-01-07
6255002,dysplasia epiphyseal punctata,點狀骨骺,,,2020-01-07
6255003,dysplasia epiphysealis hemimelica {=Trevor disease},半肢骨骺發育不良; Trevor氏病,,,2020-01-07
6255004,dysplasia epiphysialis hemimelica {=DEH},半肢骨骺發育不良,,,2020-01-07
6255005,early response,早期反應,,,2020-01-07
6255006,early-response gene,早期反應基因,,,2020-01-07
6255007,eddy current,渦電流,,,2020-01-07
6255008,effect dose 50% {=ED50},50%有效劑量,,,2020-01-07
6255009,effective atomic number,有效原子序數,,,2020-01-07
6255010,effective attenuation coefficient,有效衰減係數,,,2020-01-07
6255011,effective dose,有效劑量,,,2020-01-07
6255012,effective dose equivalent,有效等效劑量,,,2020-01-07
6255013,effective focal spot,實效焦點,,,2020-01-07
6255014,effective half-life,有效半衰期,,,2020-01-07
6255015,effective neutron number,有效中子數,,,2020-01-07
6255016,effective renal plasma flow {=ERPF},有效腎血漿流量,,,2020-01-07
6255017,effusion,滲出液,,,2020-01-07
6255018,EKG/ECG-gated imaging,心電圖門控影像,,,2020-01-07
6255019,EKG-gated,心電圖門控,,,2020-01-07
6255020,elastic collision,彈性碰撞,,,2020-01-07
6255021,elastic scattering,彈性散射,,,2020-01-07
6255022,electric field,電場,,,2020-01-07
6255023,electric potential,電位,,,2020-01-07
6255024,electromagnetic wave,電磁波,,,2020-01-07
6255025,electron,電子,,,2020-01-07
6255026,electron avalanche,電子突崩,,,2020-01-07
6255027,electron beam therapy,電子束治療,,,2020-01-07
6255028,electron beams,電子(射)束,,,2020-01-07
6255029,electron capture {=EC},電子捕獲,,,2020-01-07
6255030,electron capture disintegration,電子捕獲蛻變,,,2020-01-07
6255031,electron density,電子密度,,,2020-01-07
6255032,electron volt {=eV},電子伏特,,,2020-01-07
6255033,electron-capture transitions,電子捕獲躍遷,,,2020-01-07
6255034,electronic attenuation coefficient,電子衰減係數,,,2020-01-07
6255035,electronic collision cross section,電子碰撞截面,,,2020-01-07
6255036,electrophilic fluorinating agents,親電性氟化製劑,,,2020-01-07
6255037,electrophilic fluorination,親電性氟化,,,2020-01-07
6255038,electrostatic unit,靜電單位,,,2020-01-07
6255039,eluate,洗出液,,,2020-01-07
6255040,emission computed tomography {=ECT},射出式電腦斷層造影,,,2020-01-07
6255041,emission spectrum,射出光譜,,,2020-01-07
6255042,emitter,射出體,,,2020-01-07
6255043,emphysema,氣腫,,,2020-01-07
6255044,empty sella syndrome,空蝶鞍症候群,,,2020-01-07
6255045,encapsulated,包膜的,,,2020-01-07
6255046,encephalocele,腦膨出,,,2020-01-07
6255047,encephalomalacia,腦軟化,,,2020-01-07
6255048,enchondroma,內生軟骨瘤,,,2020-01-07
6255049,endocytosis,內吞作用,,,2020-01-07
6255050,endodermal sinus tumor,內胚竇瘤,,,2020-01-07
6255051,endogenous,內生性的,,,2020-01-07
6255052,endoscopic retrograde cholangiopancreatography {=ERCP},內視鏡逆行性胰膽管攝影,,,2020-01-07
6255053,endotracheal tube,氣管內管；氣管導管,,,2020-01-07
6255054,energy absorption coefficient,能量吸收係數,,,2020-01-07
6255055,energy conversion factors,能量轉換係數,,,2020-01-07
6255056,energy dependence,能量依存,,,2020-01-07
6255057,energy fluence,能通量,,,2020-01-07
6255058,energy fluence rate,能通率,,,2020-01-07
6255059,energy flux density,能通量密度,,,2020-01-07
6255060,energy orbits,軌道能量,,,2020-01-07
6255061,energy resolution,能量解析度,,,2020-01-07
6255062,energy spectrum,能量光譜；能譜,,,2020-01-07
6255063,energy transfer coefficient,能量轉移係數,,,2020-01-07
6255064,energy window,能窗,,,2020-01-07
6255065,enhancement of image,影像增強,,,2020-01-07
6255066,enriched,高豐度,,,2020-01-07
6255067,enterovirus,腸病毒,,,2020-01-07
6255068,enzyme immunoassay,酵素免疫分析法,,,2020-01-07
6255069,enzyme-linked immunosorbent assay {=ELISA},酵素連結免疫吸附分析法,,,2020-01-07
6255070,ependymoma,室管膜瘤,,,2020-01-07
6255071,epidermoid cyst,表皮樣囊腫,,,2020-01-07
6255072,epidermoid sarcoma,表皮樣肉瘤,,,2020-01-07
6255073,epidural abscess,硬腦膜外(硬腦膜上)膿瘍,,,2020-01-07
6255074,epidural empyema,硬腦膜外(硬腦膜上)蓄膿,,,2020-01-07
6255075,epidural hematoma,硬腦膜外(硬腦膜上)血腫,,,2020-01-07
6255076,epithelioid hemangioendothelioma,上皮樣血管內皮細胞瘤,,,2020-01-07
6255077,equilibrium dose constant,劑量平衡常數,,,2020-01-07
6255078,equinovalgus,外翻足,,,2020-01-07
6255079,equinovarus (club foot),內翻足,,,2020-01-07
6255080,equivalent,當量,,,2020-01-07
6255081,equivalent dose,等效劑量,,,2020-01-07
6255082,erect,直立,,,2020-01-07
6255083,erg,爾格；耳格,,,2020-01-07
6255084,esophagography,食道影像；食道攝影,,,2020-01-07
6255085,esophagram,食道影像；食道攝影,,,2020-01-07
6255086,European Atomic Energy Community {= EURATOM},歐洲原子能共同體,,,2020-01-07
6255087,European Medicines Evaluation Agency {= EMEA},歐洲藥品管理局,,,2020-01-07
6255088,Ewing sarcoma,Ewing氏肉瘤,,,2020-01-07
6255089,ex vivo,(生物)體外,,,2020-01-07
6255090,ex vivo technique,(生物)體外技術,,,2020-01-07
6255091,excited state,激發態,,,2020-01-07
6255092,excretion,排泄,,,2020-01-07
6255093,exhaust fumehoods,排氣通風櫃,,,2020-01-07
6255094,expiration,呼氣,,,2020-01-07
6255095,expiratory,吐氣,,,2020-01-07
6255096,expiratory film,呼氣影像,,,2020-01-07
6255097,exponential attenuation,指數衰減,,,2020-01-07
6255098,exposure,曝露,,,2020-01-07
6255099,exposure calibration factor,暴露校正因子,,,2020-01-07
6255100,exposure dose,曝露劑量,,,2020-01-07
6255101,exposure rate,曝露率,,,2020-01-07
6255102,exposure rate constant,曝露率常數,,,2020-01-07
6255103,external radiotherapy,體外放射治療,,,2020-01-07
6255104,extractability,萃取率,,,2020-01-07
6255105,extraction,萃取,,,2020-01-07
6255106,extraction efficiency,萃取效率,,,2020-01-07
6255107,extranuclear electron,核外電子,,,2020-01-07
6255108,extrapleural space,肋膜外腔,,,2020-01-07
6255109,extrapontine myelinolysis {=EPM},橋腦外髓鞘溶解症,,,2020-01-07
6255110,extraskeletal myxoid chondrosarcoma,骨外黏液樣軟骨肉瘤,,,2020-01-07
6255111,facet joint,脊椎之小面關節,,,2020-01-07
6255112,Fahr disease,Fahr氏病,,,2020-01-07
6255113,fallout,落塵；輻射塵,,,2020-01-07
6255114,fan beam,扇形射束,,,2020-01-07
6255115,fast fission effect,快分裂效應,,,2020-01-07
6255116,fast neutron,快中子,,,2020-01-07
6255117,fast neutron dose,快中子劑量,,,2020-01-07
6255118,fast neutron therapy,快中子治療,,,2020-01-07
6255119,feedback control,回饋控制,,,2020-01-07
6255120,fibroblastic osteosarcoma,成纖維性骨肉瘤,,,2020-01-07
6255121,fibrous cortical defect,皮質骨碟形破壞,,,2020-01-07
6255122,fibrous dysplasia,骨纖維異常增殖症,,,2020-01-07
6255123,field,照野,,,2020-01-07
6255124,field of view {=FOV},視野；照野,,,2020-01-07
6255125,field-size effect,照野效應,,,2020-01-07
6255126,film badge,膠片佩章,,,2020-01-07
6255127,film badge dosimeter,膠片配章劑量計,,,2020-01-07
6255128,film ring,膠片指環,,,2020-01-07
6255129,filter,濾片；濾器,,,2020-01-07
6255130,filter back projection {=FBP},濾波反投影法,,,2020-01-07
6255131,filtered backprojection {=FBP},濾波反投影,,,2020-01-07
6255132,fine-needle aspiration biopsy {=FNAB},細針抽吸穿刺切片,,,2020-01-07
6255133,first pass,首渡；首過,,,2020-01-07
6255134,first pass radionuclidic ventriculographic technique,首過放射性核種心室造影術,,,2020-01-07
6255135,first-pass method,首過法；首渡法,,,2020-01-07
6255136,fission products,核分裂產物,,,2020-01-07
6255137,fissure (s),裂隙,,,2020-01-07
6255138,fistulography,瘻管攝影,,,2020-01-07
6255139,flattening filter,整平濾片,,,2020-01-07
6255140,fluence,通量,,,2020-01-07
6255141,fluence rate,通量率,,,2020-01-07
6255142,fluorescence,螢光,,,2020-01-07
6255143,fluorescence yield,螢光產率,,,2020-01-07
6255144,fluorodeoxyglucose {=FDG},氟化去氧葡萄糖,,,2020-01-07
6255145,fluoroscope radiographic apparatus,透視攝影裝置,,,2020-01-07
6255146,fluoroscopy,螢光透視檢查,,,2020-01-07
6255147,fluorosis,氟骨病,,,2020-01-07
6255148,fogging effect {in subacute infarction},模糊效應階段 {亞急性腦梗塞},,,2020-01-07
6255149,Food and Drug Administration {=FDA},食品與藥物管理局,,,2020-01-07
6255150,Food and Drug Administration Modernization Act {=FDAMA},食品藥物管理局現代化法案,,,2020-01-07
6255151,fraction,分率；分次,,,2020-01-07
6255152,fractional irradiation,分次照射,,,2020-01-07
6255153,fractionation,分次,,,2020-01-07
6255154,fragment,片段,,,2020-01-07
6255155,frame,框；節；幀,,,2020-01-07
6255156,Frankel line,Frankel氏線,,,2020-01-07
6255157,free antigen,游離抗原,,,2020-01-07
6255158,free induction decay {=FID},自由感應衰減,,,2020-01-07
6255159,free radical,自由基,,,2020-01-07
6255160,frontal,正面,,,2020-01-07
6255161,frontal view,正面影像,,,2020-01-07
6255162,full width at half maximum {=FWHM},半高全寬,,,2020-01-07
6255163,functional image,功能影像,,,2020-01-07
6255164,Ga-67 scintigraphy,鎵-67閃爍攝影,,,2020-01-07
6255165,Galeazzi fracture,Galeazzi骨折,,,2020-01-07
6255166,gallium chloride,氯化鎵,,,2020-01-07
6255167,gallium citrate,檸檬酸鎵,,,2020-01-07
6255168,gallium-68 {=Ga-68},鎵-68,,,2020-01-07
6255169,gamma camera,伽瑪攝影器,,,2020-01-07
6255170,gamma disintegration,伽瑪衰變,,,2020-01-07
6255171,gamma knife,伽瑪刀；加馬刀,,,2020-01-07
6255172,gamma ray,伽瑪射線,,,2020-01-07
6255173,gamma ray {=γ-ray},伽瑪射線；加馬射線,,,2020-01-07
6255174,gas chromatography,氣體層析術,,,2020-01-07
6255175,gated,門控,,,2020-01-07
6255176,gated equilibrium cardiac blood pool scintigraphy,門控心臟血池平衡閃爍造影,,,2020-01-07
6255177,Geiger-Muller (GM) counters,蓋格計數器,,,2020-01-07
6255178,Geiger-Muller (GM) survey meter,蓋格偵檢計,,,2020-01-07
6255179,Geiger-Muller counter,蓋革計數器,,,2020-01-07
6255180,Geiger-Muller detector,蓋革氏偵檢器,,,2020-01-07
6255181,Geiger-Nuttall's law,蓋革-史達爾法則,,,2020-01-07
6255182,generator,產生器；孳生器,,,2020-01-07
6255183,genome,基因體,,,2020-01-07
6255184,genomic library,基因體庫,,,2020-01-07
6255185,genotype,基因型；遺傳型,,,2020-01-07
6255186,genu valgus,外翻膝,,,2020-01-07
6255187,genu varus,內翻膝,,,2020-01-07
6255188,geographic,地圖樣,,,2020-01-07
6255189,germ cell tumor,生殖細胞腫瘤,,,2020-01-07
6255190,germinoma,胚細胞瘤,,,2020-01-07
6255191,giant cell astrocytoma,巨細胞星細胞瘤,,,2020-01-07
6255192,giant cell tumor,巨細胞瘤,,,2020-01-07
6255193,giant cell tumor of tendon sheath {=GCTTS},腱鞘巨細胞瘤,,,2020-01-07
6255194,gigantism,巨人症,,,2020-01-07
6255195,gladellomeatal line,眉耳孔線,,,2020-01-07
6255196,glass dosimeter,玻璃劑量計,,,2020-01-07
6255197,glioblastoma,神經膠質母細胞瘤,,,2020-01-07
6255198,glioblastoma multiforme {=GBM},多形性神經膠質母細胞瘤,,,2020-01-07
6255199,gliomatosis cerebri,大腦神經膠瘤病,,,2020-01-07
6255200,glomerular filtration rate {=GFR},腎小(絲)球過濾率,,,2020-01-07
6255201,glomerulus,腎小(絲)球,,,2020-01-07
6255202,glomus tumor,球狀血管瘤,,,2020-01-07
6255203,gluconeogenesis,醣質新生作用,,,2020-01-07
6255204,glucose transporter {=GLUT},葡萄糖轉運體,,,2020-01-07
6255205,glycogen,肝醣,,,2020-01-07
6255206,glycolysis,醣解作用,,,2020-01-07
6255207,GM counter,蓋革-彌勒計數器,,,2020-01-07
6255208,gonad dose,性腺劑量,,,2020-01-07
6255209,gonadal shield,防護(鉛)生殖器護罩,,,2020-01-07
6255210,gonads,性腺；生殖腺,,,2020-01-07
6255211,Good Manufacturing Practice {=GMP},藥品優良製造規範,,,2020-01-07
6255212,gouty arthritis,痛風性關節炎,,,2020-01-07
6255213,grade,分級；等級,,,2020-01-07
6255214,gradient coil,梯度線圈,,,2020-01-07
6255215,gradient correction,梯度修正,,,2020-01-07
6255216,gradient magnetic field,梯度磁場,,,2020-01-07
6255217,gradient magnetic field coil,梯度磁場線圈,,,2020-01-07
6255218,gray {=Gy},格雷；戈雷,,,2020-01-07
6255219,gray scale,灰階,,,2020-01-07
6255220,greater trochanter,大粗隆,,,2020-01-07
6255221,grid,鉛柵,,,2020-01-07
6255222,grid (G),柵板,,,2020-01-07
6255223,grid controlled X-ray tube,柵電位控制X光管,,,2020-01-07
6255224,grid ratio,鉛柵比,,,2020-01-07
6255225,gross tumor volume {=GTV},腫瘤體積,,,2020-01-07
6255226,ground glass,毛玻璃狀,,,2020-01-07
6255227,ground state,基態,,,2020-01-07
6255228,ground-glass attenuation,毛玻璃狀衰減,,,2020-01-07
6255229,ground-glass opacity,毛玻璃狀陰影,,,2020-01-07
6255230,growth delay,生長延遲,,,2020-01-07
6255231,growth factor,生長因子,,,2020-01-07
6255232,guide wire,導線,,,2020-01-07
6255233,guidelines,方針；規範,,,2020-01-07
6255234,gyral enhancement,腦回顯影,,,2020-01-07
6255235,gyroscope,陀螺儀,,,2020-01-07
6255236,hadatic cyst disease,包蟲病,,,2020-01-07
6255237,haemosiderosis,含鐵血紅素沉積症,,,2020-01-07
6255238,half lethal dose {=LD50},半數致死劑量,,,2020-01-07
6255239,half thickness,半厚度,,,2020-01-07
6255240,half-value layer {=HVL},半值層,,,2020-01-07
6255241,hallus valgus,外翻趾,,,2020-01-07
6255242,hallus varus,內翻趾,,,2020-01-07
6255243,hamartoma,過誤瘤；錯構瘤,,,2020-01-07
6255244,hapten,不完全抗原；半抗原,,,2020-01-07
6255245,Hashimoto's thyroiditis,橋本氏甲狀腺炎,,,2020-01-07
6255246,health physics,保健物理,,,2020-01-07
6255247,heat shock protein,熱休克蛋白,,,2020-01-07
6255248,heat unit {=HU},熱單位,,,2020-01-07
6255249,heavy charged particle,重粒子,,,2020-01-07
6255250,hemangioblastoma,血管母細胞瘤,,,2020-01-07
6255251,hemangioma,血管瘤,,,2020-01-07
6255252,hemangiopericytoma,血管外皮細胞瘤,,,2020-01-07
6255253,hematocrit,血容比,,,2020-01-07
6255254,hemimelia,半肢畸形,,,2020-01-07
6255255,hemithorax,半側胸廓；單側胸廓,,,2020-01-07
6255256,hemivertebra,半椎體,,,2020-01-07
6255257,hemothorax,血胸,,,2020-01-07
6255258,heparin,肝素,,,2020-01-07
6255259,hepatic flexure,結腸肝彎；肝曲,,,2020-01-07
6255260,hepatobiliary agents,肝膽造影劑,,,2020-01-07
6255261,hepatocytes,肝細胞,,,2020-01-07
6255262,herniated disk,椎間盤突出,,,2020-01-07
6255263,herniation of intervertebral disc {= HIVD},椎間盤突出,,,2020-01-07
6255264,herpes simplex encephalitis,單純疱疹腦炎,,,2020-01-07
6255265,Herz,赫茲,,,2020-01-07
6255266,heterogeneous,異質的,,,2020-01-07
6255267,heterotopia of gray matter,灰質異位,,,2020-01-07
6255268,hexokinase,六碳糖激酶；己醣激酶,,,2020-01-07
6255269,hiatal hernia,裂孔疝氣,,,2020-01-07
6255270,high energy X-ray therapy,高能X光線治療,,,2020-01-07
6255271,high voltage radiography,高電壓放射攝影(術)(少用),,,2020-01-07
6255272,high voltage radiography screen,高電壓攝影用增感屏,,,2020-01-07
6255273,high-performance liquid chromatography {=HPLC},高效能液相層析法,,,2020-01-07
6255274,high-resolution CT {=HRCT},高解析度電腦斷層,,,2020-01-07
6255275,hilar,肺門,,,2020-01-07
6255276,Hill-Sack lesion,Hill-Sacks損傷,,,2020-01-07
6255277,hilum,肺門,,,2020-01-07
6255278,histoplasmosis,組織漿菌症,,,2020-01-07
6255279,Hodgkin lymphoma,Hodgkin淋巴瘤,,,2020-01-07
6255280,holoprosencephaly,前腦無裂畸形,,,2020-01-07
6255281,honeycombing,蜂窩狀,,,2020-01-07
6255282,hot atom chemistry,熱原子化學,,,2020-01-07
6255283,hot atom effect,熱原子效應,,,2020-01-07
6255284,hot run,熱(有放射活性)運轉,,,2020-01-07
6255285,hot-air sterilization,熱風滅菌,,,2020-01-07
6255286,Hounsfield unit {=HU},HU值,,,2020-01-07
6255287,HSV herpes simplex virus {=HSV},單純疱疹病毒,,,2020-01-07
6255288,human anti-murine antibody {=HAMA},人類抗鼠抗體,,,2020-01-07
6255289,Hunter disease,Hunter氏病,,,2020-01-07
6255290,hybrid scanner,混合掃描器,,,2020-01-07
6255291,hybridization,雜合,,,2020-01-07
6255292,hydraencephaly,積水性無腦畸形,,,2020-01-07
6255293,hydrochloric acid {=HC1},鹽酸,,,2020-01-07
6255294,hydrolysate,水解產物,,,2020-01-07
6255295,hydrolyzed,水解的,,,2020-01-07
6255296,hydropneumothorax,水氣胸,,,2020-01-07
6255297,hydroxyapatite,羥磷灰石,,,2020-01-07
6255298,hydroxyapatite matrix,羥磷灰石基質,,,2020-01-07
6255299,hydroxymethylene diphosphonate {=HMDP or HDP},羥基亞甲基二磷酸鹽,,,2020-01-07
6255300,hyperbaric oxygen {=HBO},高壓氧,,,2020-01-07
6255301,hypercalcemia,高血鈣症,,,2020-01-07
6255302,hyperfractionated radiotherapy,高分次放射治療,,,2020-01-07
6255303,hyperinflation,過度充氣,,,2020-01-07
6255304,hyperparathyroidism,副甲狀腺功能亢進,,,2020-01-07
6255305,hyperplasia,增生,,,2020-01-07
6255306,hyperthermia,熱療法,,,2020-01-07
6255307,hyperthermia therapy,熱治療,,,2020-01-07
6255308,hyperthyroidism,甲狀腺機能亢進,,,2020-01-07
6255309,hypertrophic pulmonary osteoarthropathy,肥厚性骨關節病變,,,2020-01-07
6255310,hyperuricemia,高尿酸血症,,,2020-01-07
6255311,hypodiploid,低二倍體,,,2020-01-07
6255312,hypofractionated radiotherapy,低分次放射治療,,,2020-01-07
6255313,hypopharynx,下咽,,,2020-01-07
6255314,hypoplasia of corpus callosum,胼胝體發育不全,,,2020-01-07
6255315,hypothalamus,下視丘,,,2020-01-07
6255316,hypotonic duodenography,低張性十二指腸攝影,,,2020-01-07
6255317,hypoventilation,換氣不足,,,2020-01-07
6255318,hysterosalpingography {=HSG},子宮輸卵管攝影,,,2020-01-07
6255319,I-131 whole body scan {=131I WBS},碘-131全身掃描,,,2020-01-07
6255320,iliac arcuate line,髂骨弓狀線,,,2020-01-07
6255321,image acquisition,影像擷取,,,2020-01-07
6255322,image amplifier {=IA},影像放大器,,,2020-01-07
6255323,image contrast,影像對比,,,2020-01-07
6255324,image fusion,影像融合,,,2020-01-07
6255325,image intensifier,影像增強器,,,2020-01-07
6255326,image registration,影像對位,,,2020-01-07
6255327,imaginary lines,假想線,,,2020-01-07
6255328,imaging,成像；攝影；造影,,,2020-01-07
6255329,imaging modality,影像診斷工具,,,2020-01-07
6255330,immunofluorescence assay,免疫螢光分析法,,,2020-01-07
6255331,in vitro,試管內；體外,,,2020-01-07
6255332,in vivo,體內；活體內,,,2020-01-07
6255333,in vivo counting,活體內計數,,,2020-01-07
6255334,in vivo labeling,活體內標識,,,2020-01-07
6255335,in-air exposure,空氣曝露,,,2020-01-07
6255336,incident dose,入射劑量,,,2020-01-07
6255337,incomplete fracture,不完整性骨折,,,2020-01-07
6255338,incubation,培養,,,2020-01-07
6255339,indirect digital radiography,間接數位放射攝影(術),,,2020-01-07
6255340,indirect ionizing radiation,間接游離輻射,,,2020-01-07
6255341,inelastic collision,非彈性碰撞,,,2020-01-07
6255342,inelastic scattering,非彈性散射,,,2020-01-07
6255343,infantile cortical hyperostosis {=Caffey disease},嬰兒骨皮質增生症,,,2020-01-07
6255344,inferior vena cavography,下腔靜脈攝影(術),,,2020-01-07
6255345,infiltration,浸潤,,,2020-01-07
6255346,inspiration,吸氣,,,2020-01-07
6255347,inspiratory film,吸氣影像,,,2020-01-07
6255348,Institutional Review Board {=IRB},研究倫理規範審查小組,,,2020-01-07
6255349,insufficiency fracture,不全性骨折,,,2020-01-07
6255350,intensification,增強法,,,2020-01-07
6255351,intensifying screen,增感屏,,,2020-01-07
6255352,interlobar,肺葉間,,,2020-01-07
6255353,interlobar fissure,肺葉裂隙,,,2020-01-07
6255354,internal conversion,內轉換,,,2020-01-07
6255355,internal conversion coefficient,內轉換係數,,,2020-01-07
6255356,internal conversion process,內轉換過程,,,2020-01-07
6255357,international commission on radiation units and measurements {=ICRU},國際放射線單位及測定委員會,,,2020-01-07
6255358,international commission on radiological protection {=ICRP},國際輻射防護委員會；國際放射線防護委員會,,,2020-01-07
6255359,interphase,間期,,,2020-01-07
6255360,interstitial,間質性,,,2020-01-07
6255361,interstitial edema,間質性水腫,,,2020-01-07
6255362,interstitial implant,組織插種近接治療,,,2020-01-07
6255363,interstitial lung disease,間質性肺部疾病,,,2020-01-07
6255364,interstitial pattern,間質型態,,,2020-01-07
6255365,interstitium,間質,,,2020-01-07
6255366,interventricular foramen,腦室間孔,,,2020-01-07
6255367,intervertebral disc,椎間盤,,,2020-01-07
6255368,intracavitary implant,腔內近接治療,,,2020-01-07
6255369,intracerebral hemorrhage {=ICH},腦內出血,,,2020-01-07
6255370,intracranial aneurysm,顱內動脈瘤,,,2020-01-07
6255371,intramembranous ossification,膜內成骨,,,2020-01-07
6255372,intraoperative radiation therapy {=IORT},手術中放射治療,,,2020-01-07
6255373,intraoral radiography,口腔內X光攝影,,,2020-01-07
6255374,intravenous angiocardiography,經靜脈之心血管放射攝影(術),,,2020-01-07
6255375,intraventricular {cerebral},腦室內的,,,2020-01-07
6255376,intrinsic resolution,固有解析度,,,2020-01-07
6255377,inverse square law,平方反比定律,,,2020-01-07
6255378,inversion recovery,反轉回復,,,2020-01-07
6255379,Investigational New Drug {=IND},試驗中新藥,,,2020-01-07
6255380,involucrum,骨包膜,,,2020-01-07
6255381,Iodine 131,碘131,,,2020-01-07
6255382,ion,離子,,,2020-01-07
6255383,ion-exchange chromatography,離子交換層析法,,,2020-01-07
6255384,ionization,游離化,,,2020-01-07
6255385,ionization chamber,游離腔,,,2020-01-07
6255386,ionization chamber dosimeter,游離腔劑量計,,,2020-01-07
6255387,ionizing radiation {=IR},游離輻射,,,2020-01-07
6255388,ipsilateral,同側,,,2020-01-07
6255389,iron deposition,鐵沉積,,,2020-01-07
6255390,irradiated volume,照射體積,,,2020-01-07
6255391,irradiation,照射,,,2020-01-07
6255392,ischemic infarction,缺血性腦中風,,,2020-01-07
6255393,isobar,同重素,,,2020-01-07
6255394,isocenter,等中心點,,,2020-01-07
6255395,isodose,等劑量,,,2020-01-07
6255396,isodose curve,等劑量曲線,,,2020-01-07
6255397,isomer,同質異能素,,,2020-01-07
6255398,isomeric state,異構態,,,2020-01-07
6255399,isomeric transition {=IT},異構過渡,,,2020-01-07
6255400,isomers,異構物,,,2020-01-07
6255401,isotone,等中子素,,,2020-01-07
6255402,isotope,同位素,,,2020-01-07
6255403,isotope dilution technique,同位素稀釋技術,,,2020-01-07
6255404,isotope separator,同位素分離器,,,2020-01-07
6255405,iterative approximation,疊代近似法,,,2020-01-07
6255406,iterative reconstruction,疊代重建法,,,2020-01-07
6255407,joule,焦耳,,,2020-01-07
6255408,juxtacortical chondrosarcoma,皮質旁軟骨肉瘤,,,2020-01-07
6255409,Kaschin-Beck disease,大骨節病,,,2020-01-07
6255410,Kerley lines,克利線,,,2020-01-07
6255411,Kerma {=K},克馬,,,2020-01-07
6255412,Kerma coefficient,克馬係數,,,2020-01-07
6255413,Kerma rate {=K},克馬率,,,2020-01-07
6255414,kidney ureter bladder {=KUB},仰臥腹部攝影；腎臟輸尿管膀胱攝影,,,2020-01-07
6255415,kilovoltage{=kV},千伏特,,,2020-01-07
6255416,kinetic energy,動能,,,2020-01-07
6255417,kit,套組,,,2020-01-07
6255418,klystron,調速管；速調管,,,2020-01-07
6255419,labeling,標識；標定,,,2020-01-07
6255420,lactoferrin,乳鐵素；乳鐵蛋白,,,2020-01-07
6255421,lactoperoxidase,乳過氧化酶,,,2020-01-07
6255422,lacunar infarction,小洞性梗塞；小間隙梗塞,,,2020-01-07
6255423,Larmor frequency,拉莫[爾]頻率,,,2020-01-07
6255424,laryngography,喉頭攝影(術),,,2020-01-07
6255425,late effect,延遲性效果,,,2020-01-07
6255426,late responding tissue,晚期反應組織,,,2020-01-07
6255427,late responses,晚期反應,,,2020-01-07
6255428,latency period,潛伏期,,,2020-01-07
6255429,latent image,潛影；潛像,,,2020-01-07
6255430,lateral decubitus,側臥位,,,2020-01-07
6255431,lateral decubitus view,側臥位影像,,,2020-01-07
6255432,lateral medullary syndrome,外側延髓症候群,,,2020-01-07
6255433,lateral view,側面像,,,2020-01-07
6255434,lateral x-ray,側面X光片,,,2020-01-07
6255435,lead block,鉛阻斷,,,2020-01-07
6255436,lead encephalopathy,鉛毒腦病,,,2020-01-07
6255437,lead equivalent,鉛當量,,,2020-01-07
6255438,lead-lined,襯鉛的,,,2020-01-07
6255439,leak,漏洩,,,2020-01-07
6255440,leakage dose,洩漏劑量,,,2020-01-07
6255441,leakage radiation,滲漏輻射,,,2020-01-07
6255442,left anterior oblique (LAO) position,左前斜擺位,,,2020-01-07
6255443,left decubitus position,左側臥擺位,,,2020-01-07
6255444,left lower lobe {= LLL},左下肺葉,,,2020-01-07
6255445,left posterior oblique (LPO) position,左後斜擺位,,,2020-01-07
6255446,left upper lobe {=LUL},左上肺葉,,,2020-01-07
6255447,Lenz's law,楞次定律,,,2020-01-07
6255448,leptomeningeal carcinomatosis,軟腦膜癌病,,,2020-01-07
6255449,Leri disease,Leri氏病,,,2020-01-07
6255450,lethal dose {=LD},致死劑量,,,2020-01-07
6255451,leukodystrophy,腦白質失養症,,,2020-01-07
6255452,ligand,配位基；配位子；配位體,,,2020-01-07
6255453,ligand binding assay {=LBA},配體結合分析,,,2020-01-07
6255454,light microscope,光學顯微鏡,,,2020-01-07
6255455,ligmentum flavum,黃韌帶,,,2020-01-07
6255456,Limulus amebocyte lysate (LAL) test,鱟試劑法 {一種內毒素檢測方法},,,2020-01-07
6255457,line source,線射源,,,2020-01-07
6255458,linear accelerator {=Linac},直線加速器,,,2020-01-07
6255459,linear attenuation coefficient,直線衰減係數,,,2020-01-07
6255460,linear energy absorption coefficient,線能量吸收係數,,,2020-01-07
6255461,linear energy transfer {=LET},直線能量轉移,,,2020-01-07
6255462,linear source,線源,,,2020-01-07
6255463,linear stopping power,線性阻擋本領,,,2020-01-07
6255464,linearity,直線性；線性,,,2020-01-07
6255465,linear-quadratic (LQ) model,線性二次方模型,,,2020-01-07
6255466,lingula,舌葉,,,2020-01-07
6255467,lipoma arborescens,樹枝狀脂肪瘤,,,2020-01-07
6255468,lipomyelomeningocele,脂肪脊髓脊膜膨出,,,2020-01-07
6255469,liquid scintillation counter,液體閃爍計數器,,,2020-01-07
6255470,lissencephaly,平腦畸形,,,2020-01-07
6255471,lobar,肺葉的,,,2020-01-07
6255472,lobar atelectasis,肺葉膨脹不全,,,2020-01-07
6255473,locked scapula,肩胛絞鎖,,,2020-01-07
6255474,log book,工作記錄簿,,,2020-01-07
6255475,logging of shipment,出貨記錄,,,2020-01-07
6255476,longitudinal relaxation time,縱向鬆弛時間,,,2020-01-07
6255477,loosening,鬆脫,,,2020-01-07
6255478,low volage radiography,低電壓放射攝影(術){少用},,,2020-01-07
6255479,low-grade,低度的,,,2020-01-07
6255480,luciferase,螢光酵素,,,2020-01-07
6255481,lumbar sacralization,腰椎薦椎化,,,2020-01-07
6255482,lumbosacral transitional vertebra {=LSTV},腰薦過渡椎,,,2020-01-07
6255483,lunate dislocation,月骨半脫位,,,2020-01-07
6255484,lung markings,肺紋理,,,2020-01-07
6255485,lymphadenopathy,淋巴結腫大；淋巴結病變,,,2020-01-07
6255486,lymphoma,淋巴瘤,,,2020-01-07
6255487,lymphoscintigraphy,淋巴閃爍攝影,,,2020-01-07
6255488,lyophilization,冷凍乾燥,,,2020-01-07
6255489,lyophilized,冷凍乾燥的,,,2020-01-07
6255490,M mode,M型,,,2020-01-07
6255491,macroaggregated,大顆粒聚合,,,2020-01-07
6255492,macroaggregated albumin {=MAA},大顆粒聚合白蛋白,,,2020-01-07
6255493,magnetic (field) gradient,磁場梯度,,,2020-01-07
6255494,magnetic field,磁場,,,2020-01-07
6255495,magnetic resonance image {=MRI},磁振造影,,,2020-01-07
6255496,magnetic resonance imaging {=MRI},磁振造影,,,2020-01-07
6255497,magnetic resonance spectroscopy {=MRS},磁振頻譜,,,2020-01-07
6255498,magnetron,磁控管,,,2020-01-07
6255499,magnification radiography,放大放射攝影(術),,,2020-01-07
6255500,major fissures,大裂隙,,,2020-01-07
6255501,malignant fibrous histiocytoma {=MFH},惡性纖維組織細胞瘤,,,2020-01-07
6255502,mammogram,乳房攝影,,,2020-01-07
6255503,mammography,乳房攝影,,,2020-01-07
6255504,mantle field,斗篷照野,,,2020-01-07
6255505,marble bone disease,大理石骨病,,,2020-01-07
6255506,Maroteaux-lamy syndrome,Maroteaux-lamy氏病,,,2020-01-07
6255507,mass attenuation coefficient,質量衰減係數,,,2020-01-07
6255508,mass effect,腫塊效應,,,2020-01-07
6255509,mass energy absorption coefficient,質能吸收係數,,,2020-01-07
6255510,mass spectrometry,質譜儀,,,2020-01-07
6255511,mass stopping power,質量阻擋本領,,,2020-01-07
6255512,mastectomy,乳房切除術,,,2020-01-07
6255513,maximum intensity projection {=MIP},最大強度投影,,,2020-01-07
6255514,maximum permissible concentration {=MPC},最大許可濃度,,,2020-01-07
6255515,mean effective attenuation coefficient,平均有效衰減係數,,,2020-01-07
6255516,Meckel's diverticulum,梅克爾氏憩室,,,2020-01-07
6255517,median-sagital plane,正中矢狀面,,,2020-01-07
6255518,mediastinal shift,縱膈移位,,,2020-01-07
6255519,medical cyclotron,醫用迴旋加速器,,,2020-01-07
6255520,medical dosimetrist,醫學劑量師,,,2020-01-07
6255521,medical exposure,醫療曝露,,,2020-01-07
6255522,medical internal radiation dose {=MIRD},醫學內照射劑量,,,2020-01-07
6255523,medical physicist,醫學物理師,,,2020-01-07
6255524,mediolateral projection,內外位投影,,,2020-01-07
6255525,medium energy collimator,中級能量用準直儀,,,2020-01-07
6255526,medulloblastoma,髓母細胞瘤,,,2020-01-07
6255527,mega cisterna magna,巨大腦大池畸形,,,2020-01-07
6255528,melanoma,黑色素瘤,,,2020-01-07
6255529,"MELAS {mitochondrial myopathy, encephalopathy, lactic acidosis, strokes syndrome}",MELAS症候群 {粒線體異常引發之肌肉病變、腦病變、乳酸中毒、中風症候群},,,2020-01-07
6255530,melorheostosis,蠟淚樣骨病,,,2020-01-07
6255531,meningioma,腦膜瘤,,,2020-01-07
6255532,meningoencephalocele,腦膜腦膨出,,,2020-01-07
6255533,meniscus,半月板,,,2020-01-07
6255534,MERRF {Myoclonic Epilepsy with Ragged Red Fibers},MERRF症候群 {肌抽躍癲癇合併紅色襤褸肌纖維症},,,2020-01-07
6255535,mesenchymal chondrosarcoma,間葉型軟骨肉瘤,,,2020-01-07
6255536,mesothelioma,間皮瘤,,,2020-01-07
6255537,metabolic encephalopathy,代謝性腦病變,,,2020-01-07
6255538,metachromatic leukodystrophy,異染性白質失養症,,,2020-01-07
6255539,metaphyseal chondrodysplasia,幹骺端軟骨發育不全,,,2020-01-07
6255540,metastable state,介穩態；亞穩定態,,,2020-01-07
6255541,metastasis,轉移,,,2020-01-07
6255542,methylene diphosphonate {=MDP},亞甲基二磷酸鹽,,,2020-01-07
6255543,microaggregates,微凝體,,,2020-01-07
6255544,microcurie {=μCi},微居里,,,2020-01-07
6255545,microdosimetry,微劑量學,,,2020-01-07
6255546,microsievert {=μSv},微西弗,,,2020-01-07
6255547,midcarpal dislocation,中腕關節脫位,,,2020-01-07
6255548,middle cerebral artery infarction,中大腦動脈梗塞,,,2020-01-07
6255549,miliary nodules,粟粒狀結節,,,2020-01-07
6255550,milicurie {=mCi},毫居里,,,2020-01-07
6255551,milking,擠取,,,2020-01-07
6255552,million electron volts {=MeV},百萬電子伏特,,,2020-01-07
6255553,"minimum intensity projection {=mIP, MinIP}",最小強度投影,,,2020-01-07
6255554,minisievert {=mSv},毫西弗,,,2020-01-07
6255555,minor fissure,小裂隙,,,2020-01-07
6255556,mitochondrial encephalopathy,粒線體腦病變,,,2020-01-07
6255557,mixed connective tissue disease {=MCTD},混合性結締組織疾病,,,2020-01-07
6255558,Mobile X-Ray System,移動型X光攝影系統,,,2020-01-07
6255559,mobile X-ray unit,移動型X光裝置,,,2020-01-07
6255560,modified in vivo method,修正的體內標誌法,,,2020-01-07
6255561,modulation transfer function {=MTF},調制轉換函數,,,2020-01-07
6255562,molecular imaging,分子影像,,,2020-01-07
6255563,molybdenum {=Mo},鉬,,,2020-01-07
6255564,molybdenum target,鉬靶,,,2020-01-07
6255565,monochromatic X-ray,單波X射線,,,2020-01-07
6255566,monoclonal antibody {=Mab},單株抗體,,,2020-01-07
6255567,Monteggia fracture,Monteggia骨折,,,2020-01-07
6255568,Morquio syndrome,Morquio氏病,,,2020-01-07
6255569,moth eaten,蟲蝕狀破壞,,,2020-01-07
6255570,moving grid {Potter-Bucky grids},移動式鉛柵,,,2020-01-07
6255571,moyamoya disease,毛毛樣血管疾病,,,2020-01-07
6255572,MR tractography,磁振神經束造影,,,2020-01-07
6255573,mrem,毫侖目,,,2020-01-07
6255574,mucopolysaccharidosis,黏多醣病,,,2020-01-07
6255575,mucosa-associated lymphoid tissue lymphoma{=MALToma},黏膜相關淋巴組織淋巴瘤,,,2020-01-07
6255576,mucositis,黏膜炎,,,2020-01-07
6255577,multicentric osteosarcoma,多發骨肉瘤,,,2020-01-07
6255578,multichannel pulse height analyzer,多頻道脈高分析器,,,2020-01-07
6255579,multi-detector,多排偵測器,,,2020-01-07
6255580,multifocal,多處局部,,,2020-01-07
6255581,multigated acquisition {=MUGA},多門控擷取法,,,2020-01-07
6255582,multiple epiphyseal dysplasia,多發性骨骺發育不良,,,2020-01-07
6255583,multiple myeloma,多發性骨髓瘤,,,2020-01-07
6255584,multiple sclerosis,多發性硬化症,,,2020-01-07
6255585,multiple system atrophy {=MSA},多系統萎縮,,,2020-01-07
6255586,multislice,多切面,,,2020-01-07
6255587,multi-slice CT,多切面電腦斷層造影儀,,,2020-01-07
6255588,muscle strain,肌肉扭傷,,,2020-01-07
6255589,muscular dystrophy,肌肉失養症,,,2020-01-07
6255590,myelination process,髓鞘形成過程；髓鞘化過程,,,2020-01-07
6255591,myelofibrosis,骨髓纖維化,,,2020-01-07
6255592,myelography,脊髓腔攝影,,,2020-01-07
6255593,myelomalacia,脊髓軟化,,,2020-01-07
6255594,myelomeningocele,脊髓脊髓膜膨出,,,2020-01-07
6255595,myocardial strain,心肌應變；心肌應力,,,2020-01-07
6255596,Nal (TI) crystal,碘化鈉(鉈)晶體,,,2020-01-07
6255597,Nal (TI) scintillation detector,碘化鈉(鉈)晶體偵檢器,,,2020-01-07
6255598,Nal (TI) scintillation surveymeter,碘化鈉(鉈)晶體勘檢器,,,2020-01-07
6255599,nanomolar,奈米莫耳,,,2020-01-07
6255600,nasogastric tube (NG tube),鼻胃管,,,2020-01-07
6255601,nasopharyngeal carcinoma {=NPC},鼻咽癌,,,2020-01-07
6255602,National Council on Radiation Protection and Measurement {=NCRP},美國輻射防護與度量委員會,,,2020-01-07
6255603,N-chlorobenzenesulfonamide,氮-氯苯磺醯胺氧化劑,,,2020-01-07
6255604,negative contrast medium,負性對比劑,,,2020-01-07
6255605,nerve sheath tumor,神經鞘瘤,,,2020-01-07
6255606,neurinoma,神經鞘瘤,,,2020-01-07
6255607,neuroblastoma,神經母細胞瘤,,,2020-01-07
6255608,neurodegeneration with brain iron accumulation {=NBIA},腦內鐵沉積性神經系統退化症,,,2020-01-07
6255609,neuroendocrine tumor,神經內分泌腫瘤,,,2020-01-07
6255610,neurofibroma,神經纖維瘤,,,2020-01-07
6255611,neurofibromatosis,神經纖維瘤病,,,2020-01-07
6255612,neuroreceptor,神經受體,,,2020-01-07
6255613,neutrinos,微中子,,,2020-01-07
6255614,neutron {=n},中子,,,2020-01-07
6255615,neutron capture,中子捕獲,,,2020-01-07
6255616,neutron rich,富中子；多中子,,,2020-01-07
6255617,New Drug Application {=NDA},新藥申請,,,2020-01-07
6255618,no carrier added {=NCA},無附加載體,,,2020-01-07
6255619,nodular,結節的,,,2020-01-07
6255620,nodule,結節,,,2020-01-07
6255621,non-caseating necrosis,非乾酪壞死,,,2020-01-07
6255622,nondiffusible,非擴散性的,,,2020-01-07
6255623,non-Hodgkin's lymphoma {=NHL},非何杰金氏淋巴癌,,,2020-01-07
6255624,non-ionizing radiation,非游離輻射,,,2020-01-07
6255625,non-isotopic carrier,非同位素載體,,,2020-01-07
6255626,non-magnetic substance,非磁性物質,,,2020-01-07
6255627,nonobstructive,非阻塞性,,,2020-01-07
6255628,non-small cell lung carcinoma,非小細胞肺癌,,,2020-01-07
6255629,nonspecific,非特異性的,,,2020-01-07
6255630,non-stochastic effects,非機率效應,,,2020-01-07
6255631,nonunion,骨折不癒合,,,2020-01-07
6255632,normal distribution,常態分布,,,2020-01-07
6255633,normal pressure hydrocephalus {=NPH},常壓性水腦症,,,2020-01-07
6255634,normalization,標準化,,,2020-01-07
6255635,nuclear binding energy,核束縛能；核結合能,,,2020-01-07
6255636,nuclear disintegration,核蛻變,,,2020-01-07
6255637,nuclear fission,核分裂,,,2020-01-07
6255638,nuclear fission product,核分裂衍生物,,,2020-01-07
6255639,nuclear fission reaction,核分裂反應,,,2020-01-07
6255640,nuclear fusion,核融合,,,2020-01-07
6255641,nuclear isomer,異構核,,,2020-01-07
6255642,nuclear magnetic resonance {=NMR},核磁共振,,,2020-01-07
6255643,nuclear pharmacy,核藥學,,,2020-01-07
6255644,nuclear reaction,核反應,,,2020-01-07
6255645,nuclear reactor,核子反應爐,,,2020-01-07
6255646,Nuclear Regulatory Commission {=NRC},核管理委員會,,,2020-01-07
6255647,nuclear spallation,核散裂,,,2020-01-07
6255648,nuclear stability,核穩定,,,2020-01-07
6255649,nuclear transformation,核變化,,,2020-01-07
6255650,nucleon,核子,,,2020-01-07
6255651,nucleophilic fluorination,親核性氟化,,,2020-01-07
6255652,nucleus,原子核,,,2020-01-07
6255653,nuclide,核種；核素,,,2020-01-07
6255654,obstruction,阻塞；梗塞,,,2020-01-07
6255655,obstructive,阻塞的；梗塞的,,,2020-01-07
6255656,ochronosis,褐黃病,,,2020-01-07
6255657,ochronotic arthritis,褐黃病性關節炎,,,2020-01-07
6255658,oligodendroglioma,寡樹突神經膠細胞瘤,,,2020-01-07
6255659,olivo-ponto-cerebellar atrophy {=OPCA},橄欖體橋腦小腦萎縮,,,2020-01-07
6255660,oncocytoma,嗜酸細胞瘤,,,2020-01-07
6255661,oncogene,致癌基因,,,2020-01-07
6255662,oncologist,腫瘤科醫師,,,2020-01-07
6255663,oncology,腫瘤學,,,2020-01-07
6255664,opacification,不透明,,,2020-01-07
6255665,opaque,不透光的,,,2020-01-07
6255666,opiate agonist,鴉片受體活化劑,,,2020-01-07
6255667,optical density,光學密度,,,2020-01-07
6255668,oral contrast medium,經口造影劑,,,2020-01-07
6255669,orbital electron,軌道電子,,,2020-01-07
6255670,orbitomeatal line,OM線；眶聽線,,,2020-01-07
6255671,organification,有機化,,,2020-01-07
6255672,organized hematoma,組織化的血腫,,,2020-01-07
6255673,organizing hematoma,組織化中血腫,,,2020-01-07
6255674,orogastric tube,口胃管,,,2020-01-07
6255675,oscillation,振盪,,,2020-01-07
6255676,osmolality,滲透壓,,,2020-01-07
6255677,osmotic demyelination syndrome {=ODS},滲透性脫髓鞘症候群,,,2020-01-07
6255678,ossification,骨化,,,2020-01-07
6255679,ossified hemangioma,骨化血管瘤,,,2020-01-07
6255680,ossifying hemangioma,骨化性血管瘤,,,2020-01-07
6255681,osteitis fibrosa cystica,纖維囊性骨炎,,,2020-01-07
6255682,osteoblastic metastasis,成骨性骨轉移,,,2020-01-07
6255683,osteochondritis,骨軟骨炎,,,2020-01-07
6255684,osteochondroma,骨軟骨瘤,,,2020-01-07
6255685,osteogenesis imperfecta,先天性成骨不全症,,,2020-01-07
6255686,osteoid matrix,骨樣基質,,,2020-01-07
6255687,osteoid osteoma,骨樣骨瘤,,,2020-01-07
6255688,osteolysis,骨溶解,,,2020-01-07
6255689,osteolytic metastases,溶骨性骨轉移,,,2020-01-07
6255690,osteomalacia,骨質軟化症,,,2020-01-07
6255691,osteomyelitis,骨髓炎,,,2020-01-07
6255692,osteopathia striata,條紋狀骨病,,,2020-01-07
6255693,osteopoikilosis,骨斑點症,,,2020-01-07
6255694,osteoporosis,骨質疏鬆,,,2020-01-07
6255695,osteoradionecrosis,放射性骨壞死,,,2020-01-07
6255696,osteosarcoma,骨肉瘤,,,2020-01-07
6255697,ovary cancer,卵巢癌,,,2020-01-07
6255698,oxygen enhancement ratio {=OER},增氧比,,,2020-01-07
6255699,oxygen quenching,氧氣猝滅,,,2020-01-07
6255700,pachydermoperiostosis,厚皮性骨膜病,,,2020-01-07
6255701,Paget disease,Paget氏症,,,2020-01-07
6255702,pair production,成對發生,,,2020-01-07
6255703,palliative radiotherapy,姑息性放射治療,,,2020-01-07
6255704,panniculitis,脂膜炎,,,2020-01-07
6255705,pannus,血管翳,,,2020-01-07
6255706,panoramagraphy,頷骨全景攝影,,,2020-01-07
6255707,paper chromatography,紙層析法,,,2020-01-07
6255708,paragonimiasis,肺吸蟲病,,,2020-01-07
6255709,parallel-hole collimator,平行孔準直儀,,,2020-01-07
6255710,paramagnetic substance,順磁性物質,,,2020-01-07
6255711,parietal pleura,壁層胸膜,,,2020-01-07
6255712,Parkinsonism,巴金森症候群,,,2020-01-07
6255713,Parkinson-plus syndrome,巴金森附加症候群,,,2020-01-07
6255714,Parkinson's disease,巴金森氏症,,,2020-01-07
6255715,parosteal osteosarcoma,骨旁骨肉瘤,,,2020-01-07
6255716,partial linear attenuation coefficient,部分線性衰減係數,,,2020-01-07
6255717,partial volume effect,部分體積效應,,,2020-01-07
6255718,particle,粒子；微粒,,,2020-01-07
6255719,particle accelerator,粒子加速器,,,2020-01-07
6255720,particle therapy,粒子治療,,,2020-01-07
6255721,partition coefficient,分配係數,,,2020-01-07
6255722,pathological calcification,病理性鈣化,,,2020-01-07
6255723,pattern,類型；型態,,,2020-01-07
6255724,pectineal line,恥骨梳,,,2020-01-07
6255725,Pelkan spur,Pelkan骨刺,,,2020-01-07
6255726,penumbra,半影區,,,2020-01-07
6255727,peptide receptor radionuclide therapy {=PRRT},胜肽受體放射性核種治療,,,2020-01-07
6255728,percent window,能窗百分比,,,2020-01-07
6255729,percentage depth dose {=PDD},百分深度劑量,,,2020-01-07
6255730,percentage depth dose curve,百分深度劑量曲線,,,2020-01-07
6255731,perfusion,灌流,,,2020-01-07
6255732,perfusion scan,灌流掃描,,,2020-01-07
6255733,peribronchovascular bundle,支氣管血管周邊束,,,2020-01-07
6255734,pericardial effusion,心包膜積液,,,2020-01-07
6255735,pericardium,心包膜,,,2020-01-07
6255736,perilunate dislocation,月骨周圍脫位,,,2020-01-07
6255737,periodic table of elements,元素週期表,,,2020-01-07
6255738,periosteal reaction,骨膜反應,,,2020-01-07
6255739,periostitis,骨膜炎,,,2020-01-07
6255740,peripheral arteriography,周邊血管攝影(術),,,2020-01-07
6255741,peritonitis,腹膜炎,,,2020-01-07
6255742,periventricular leukomalacia {=PVL},腦室周圍白質軟化症,,,2020-01-07
6255743,periventricular white matter hyperintensity,腦室旁白質白斑,,,2020-01-07
6255744,permeative destruction,侵潤破壞,,,2020-01-07
6255745,phagocytosis,吞噬作用,,,2020-01-07
6255746,phantom,假體,,,2020-01-07
6255747,phase shift,相位差,,,2020-01-07
6255748,pheochromocytoma,嗜鉻細胞瘤,,,2020-01-07
6255749,phlebolith,靜脈石,,,2020-01-07
6255750,photodynamic therapy {=PDT},光動力治療,,,2020-01-07
6255751,photoelectric absorption coefficient,光電吸收係數,,,2020-01-07
6255752,photoelectric effect,光電效應,,,2020-01-07
6255753,photoelectron,光電子,,,2020-01-07
6255754,photoelectron energy,光電子能量,,,2020-01-07
6255755,photographic film dosimeters,感光膠片劑量計,,,2020-01-07
6255756,photoluminescence,光發光,,,2020-01-07
6255757,photomultiplier tube {=PMT},光電倍增管,,,2020-01-07
6255758,photon,光子,,,2020-01-07
6255759,photoneutron,光(激)中子,,,2020-01-07
6255760,photonuclear reaction,光核反應,,,2020-01-07
6255761,photopeak,能峰,,,2020-01-07
6255762,physical effective half-life,物理有效半衰期,,,2020-01-07
6255763,physical half-life {=T1/2p},物理半衰期,,,2020-01-07
6255764,physiological calcification,生理性鈣化,,,2020-01-07
6255765,picture archiving and communication system {=PACS},醫療影像儲傳系統,,,2020-01-07
6255766,pigmented villonodular synovitis {=PVNS},色素絨毛結節性滑膜炎,,,2020-01-07
6255767,pilocytic astrocytoma,毛狀星細胞瘤,,,2020-01-07
6255768,pinhole,針孔,,,2020-01-07
6255769,pinhole collimator,針孔準直儀,,,2020-01-07
6255770,pituitary adenoma,腦下垂體腺瘤,,,2020-01-07
6255771,Pituitary apoplexy,腦下垂體中風,,,2020-01-07
6255772,pituitary fossa,腦下垂體窩,,,2020-01-07
6255773,pituitary microadenoma,腦下垂體微小腺瘤,,,2020-01-07
6255774,pixel,像素,,,2020-01-07
6255775,Planck's constant,布朗克常數,,,2020-01-07
6255776,plane,切面；斷面,,,2020-01-07
6255777,planning target volume {=PTV},計畫靶體積,,,2020-01-07
6255778,plasmacytoma,漿細胞瘤,,,2020-01-07
6255779,platinum target,白金靶,,,2020-01-07
6255780,pleura,肋(胸)膜,,,2020-01-07
6255781,pleural,胸膜的；肋膜的,,,2020-01-07
6255782,pleural effusion,胸膜積水,,,2020-01-07
6255783,pleural fluid,肋膜積液,,,2020-01-07
6255784,pneumocystis jiroveci pneumonia {=PJP},肺囊蟲肺炎,,,2020-01-07
6255785,pneumoencephalography {=PEG},氣腦攝影(術),,,2020-01-07
6255786,pneumoencephalus,氣顱,,,2020-01-07
6255787,pneumomediastinum,氣縱膈；縱膈積氣,,,2020-01-07
6255788,pneumonia,肺炎,,,2020-01-07
6255789,pneumoretroperitoniography {=PRP},後腹膜氣腹攝影(術),,,2020-01-07
6255790,pneumothorax,氣胸,,,2020-01-07
6255791,pocket dosimeter,口袋劑量計,,,2020-01-07
6255792,point A dose,A點劑量,,,2020-01-07
6255793,point B dose,B點劑量,,,2020-01-07
6255794,point source,點射源,,,2020-01-07
6255795,polyarthritis,多發性關節炎,,,2020-01-07
6255796,polyclonal antibodies,多株抗體,,,2020-01-07
6255797,polyostotic fibrous dysplasia,多發性纖維性發育不全,,,2020-01-07
6255798,polytomography,多層斷層攝影(術),,,2020-01-07
6255799,porencephaly,孔洞腦,,,2020-01-07
6255800,portable X-ray unit,手持式X光裝置,,,2020-01-07
6255801,portography,門脈攝影,,,2020-01-07
6255802,positioning,擺位,,,2020-01-07
6255803,positron,正子,,,2020-01-07
6255804,positron decay,正子蛻變；衰變,,,2020-01-07
6255805,positron emission computed tomography {=PET},正子斷層造影,,,2020-01-07
6255806,positron emitter neucleus,正子釋出核種,,,2020-01-07
6255807,positron range,正子射程,,,2020-01-07
6255808,posterior cruciate ligament,後十字韌帶,,,2020-01-07
6255809,posterior projection,後投影,,,2020-01-07
6255810,posteroanterior {=PA} projection,後前位投影,,,2020-01-07
6255811,potentially lethal damage {=PLD},潛在致死傷害,,,2020-01-07
6255812,precession,旋進,,,2020-01-07
6255813,precursor,先驅物；前驅物,,,2020-01-07
6255814,pressure effect,壓力效應,,,2020-01-07
6255815,presynaptic,突觸前,,,2020-01-07
6255816,primary aldosteronism,原發性高醛固酮症；原發性皮質醛酮症,,,2020-01-07
6255817,primary coil,主線圈,,,2020-01-07
6255818,primary ossification center,初級骨化中心,,,2020-01-07
6255819,primary trabeculae,初級骨小樑,,,2020-01-07
6255820,primary tumor,原發腫瘤,,,2020-01-07
6255821,primitive neuroectodermal tumor {=PNET},原始神經外胚層腫瘤,,,2020-01-07
6255822,probe,探針,,,2020-01-07
6255823,prognosis,預後,,,2020-01-07
6255824,progressive diaphyseal dysplasia,進行性骨幹發育不良,,,2020-01-07
6255825,progressive supranuclear palsy {=PSP},進行性核上神經麻痺症,,,2020-01-07
6255826,progressive systemic sclerosis,全身性硬化症,,,2020-01-07
6255827,prompt counts,即時計數,,,2020-01-07
6255828,pronation,內轉,,,2020-01-07
6255829,proportional counters,比例計數器,,,2020-01-07
6255830,prostate cancer,前列腺癌；攝護腺癌,,,2020-01-07
6255831,protective apron,防護(鉛)衣；圍裙,,,2020-01-07
6255832,protective device,防護(鉛)用具,,,2020-01-07
6255833,protective gloves,防護(鉛)手套,,,2020-01-07
6255834,protective goggles,防護(鉛)護目鏡,,,2020-01-07
6255835,protective neck shield,防護(鉛)護頸,,,2020-01-07
6255836,protocol,協定；程序,,,2020-01-07
6255837,proton,質子,,,2020-01-07
6255838,proton therapy,質子治療,,,2020-01-07
6255839,proto-oncogene,原癌基因；原致癌基因,,,2020-01-07
6255840,protruding disk,椎間盤突出,,,2020-01-07
6255841,proximal tubule,近端小管,,,2020-01-07
6255842,pseudoachondroplastic dysplasia,假性軟骨發育不全,,,2020-01-07
6255843,pseudofracture,假骨折,,,2020-01-07
6255844,pseudogout,假痛風,,,2020-01-07
6255845,pseudohypertrophy,假性肥大,,,2020-01-07
6255846,pseudomeningocele,假性腦脊髓膜膨出,,,2020-01-07
6255847,pseudotumor,假性腫瘤,,,2020-01-07
6255848,psoriasis,乾癬,,,2020-01-07
6255849,psoriatic arthritis,乾癬性關節炎,,,2020-01-07
6255850,pulmonary,肺部,,,2020-01-07
6255851,pulmonary {=cavitary},肺部空洞化,,,2020-01-07
6255852,pulmonary arteriovenous malformation,肺動靜脈畸形,,,2020-01-07
6255853,pulmonary artery,肺動脈,,,2020-01-07
6255854,pulmonary edema,肺水腫,,,2020-01-07
6255855,pulmonary emboli,肺栓塞,,,2020-01-07
6255856,pulmonary fibrosis,肺部纖維化,,,2020-01-07
6255857,pulmonary infarction,肺梗塞,,,2020-01-07
6255858,pulmonary lobule,肺小葉,,,2020-01-07
6255859,pulmonary markings,肺部紋路,,,2020-01-07
6255860,pulmonary nodule,肺部結節,,,2020-01-07
6255861,pulmonary osteoarthropathy,肺性骨關節病,,,2020-01-07
6255862,pulmonary perfusion,肺部灌流,,,2020-01-07
6255863,pulmonary vein,肺靜脈,,,2020-01-07
6255864,pulmonary vessel,肺部血管,,,2020-01-07
6255865,pulse height analyzer {=PHA},脈高分析器,,,2020-01-07
6255866,pulse sequence,脈衝序列,,,2020-01-07
6255867,pyelography,腎盂攝影(術),,,2020-01-07
6255868,pyogenic spondylitis,化膿性脊柱炎,,,2020-01-07
6255869,pyomyositis,化膿性肌炎,,,2020-01-07
6255870,pyrogen test,熱原試驗,,,2020-01-07
6255871,pyrogen-free,無熱原,,,2020-01-07
6255872,quality factor,射質因素,,,2020-01-07
6255873,quasithreshold dose {=Dq},準閾值劑量,,,2020-01-07
6255874,quench,淬熄,,,2020-01-07
6255875,radiation,輻射；放射,,,2020-01-07
6255876,radiation absorbed dose {=rad},雷得,,,2020-01-07
6255877,radiation dose,輻射劑量,,,2020-01-07
6255878,radiation dosimetry,輻射劑量測定法,,,2020-01-07
6255879,radiation effect,輻射效應；放射效應,,,2020-01-07
6255880,radiation exposure,輻射曝露；放射曝露,,,2020-01-07
6255881,radiation field,放射照野；輻射照野,,,2020-01-07
6255882,radiation hazard,輻射危害,,,2020-01-07
6255883,radiation hepatitis,放射性肝炎,,,2020-01-07
6255884,radiation induced cancer,放射誘導癌病變,,,2020-01-07
6255885,radiation induced leukemia,放射誘導白血病,,,2020-01-07
6255886,radiation induced malignancy,放射誘導癌病變,,,2020-01-07
6255887,radiation injury of brain,放射性腦損傷,,,2020-01-07
6255888,radiation intensifying medicine,放射增敏藥物,,,2020-01-07
6255889,radiation lethal effect,輻射致死效應；放射致死效應,,,2020-01-07
6255890,radiation necrosis,放射性壞死,,,2020-01-07
6255891,radiation oncologist,放射腫瘤科醫師,,,2020-01-07
6255892,radiation osteomyelitis,放射性骨髓炎,,,2020-01-07
6255893,radiation pneumonities,放射性肺炎,,,2020-01-07
6255894,radiation protection,輻射防護,,,2020-01-07
6255895,radiation pulmonary fibrosis,放射性肺纖維化,,,2020-01-07
6255896,radiation sensitivity,輻射敏感度；輻射敏感性,,,2020-01-07
6255897,radiation sensitizer,放射增敏劑,,,2020-01-07
6255898,radiation survey meter,輻射偵檢計；輻射測量計；輻射偵測儀,,,2020-01-07
6255899,radiation therapy,放射(線)治療,,,2020-01-07
6255900,Radiation Therapy Oncology Group　{=RTOG},美國放射腫瘤研究群,,,2020-01-07
6255901,radiation weighting factor {=WR},輻射加權因數,,,2020-01-07
6255902,radiation-induced liver disease {=RILD},放射誘導肝病變,,,2020-01-07
6255903,radioactive colloid,放射性膠體,,,2020-01-07
6255904,radioactive isotope {=RI},放射性同位素,,,2020-01-07
6255905,radioactive isotope angiography,放射性同位素血管攝影(術),,,2020-01-07
6255906,radioactive nuclide,放射性核種,,,2020-01-07
6255907,radioactive substance,放射性物質,,,2020-01-07
6255908,radioactive waste,放射性廢棄物,,,2020-01-07
6255909,radioactivity,放射活性,,,2020-01-07
6255910,radiobinding assay {=RBA},放射結合分析,,,2020-01-07
6255911,radiobiology,輻射生物學,,,2020-01-07
6255912,radiochemical analysis,放化分析；放射化學分析,,,2020-01-07
6255913,radiochemical purity,放化純度；放射化學純度,,,2020-01-07
6255914,radiochemistry,放射化學,,,2020-01-07
6255915,radiodiagnostic agent,放射性診斷劑,,,2020-01-07
6255916,radiofrequency {=RF},射頻,,,2020-01-07
6255917,radio-gas chromatography,放射性氣體層析法,,,2020-01-07
6255918,radioimmunoassay {=RIA},放射免疫分析,,,2020-01-07
6255919,radioimmunology,放射免疫學,,,2020-01-07
6255920,radioiodinated serum albumin {=RISA},放射性碘化血清白蛋白,,,2020-01-07
6255921,radioiodine uptake,放射性碘攝取,,,2020-01-07
6255922,radioisotope {=RI},放射性同位素,,,2020-01-07
6255923,radioisotope generator,放射性同位素發生器；放射性同位素孳生器,,,2020-01-07
6255924,radiolabeled probe,放射性標誌探針,,,2020-01-07
6255925,radioligand binding assay,放射配體結合分析,,,2020-01-07
6255926,radiological technologist,醫事放射師,,,2020-01-07
6255927,radiologist,放射科醫師；放射線科醫師,,,2020-01-07
6255928,radiology,放射線學,,,2020-01-07
6255929,radiolucency; radiolucent,放射線可透性,,,2020-01-07
6255930,radiolysis,輻射分解,,,2020-01-07
6255931,radionecrosis,放射性壞死,,,2020-01-07
6255932,radionuclide,放射性核種,,,2020-01-07
6255933,radionuclide computed tomography {=RCT},放射性核種；核素電腦斷層造影,,,2020-01-07
6255934,radionuclide dose callibrator,放射性劑量校正器,,,2020-01-07
6255935,radionuclide generator,放射性核種產生器,,,2020-01-07
6255936,radionuclide purity,放射性核種純度,,,2020-01-07
6255937,radionuclide therapy,放射性核種治療,,,2020-01-07
6255938,radionuclide ventriculography {=RNV},放射性同位素腦室攝影,,,2020-01-07
6255939,radiopacity; radiopaque,放射線不透性,,,2020-01-07
6255940,radiopharmaceutical,放射性藥品,,,2020-01-07
6255941,radiopharmacy,放射性藥物學,,,2020-01-07
6255942,radio-photoluminescence glass dosimeter {=RPLGD},放射光發光玻璃劑量器(計),,,2020-01-07
6255943,radioprotector,輻射保護劑；放射保護劑,,,2020-01-07
6255944,radioresistance,放射抗性,,,2020-01-07
6255945,radioresponsiveness,放射反應性,,,2020-01-07
6255946,radiosensitivity,輻射敏感性；放射敏感性,,,2020-01-07
6255947,radiosensitizer,放射増敏劑,,,2020-01-07
6255948,radiotherapy,放射治療,,,2020-01-07
6255949,radiotracer,放射性示蹤劑,,,2020-01-07
6255950,radioulnar dissociation,尺橈關節鬆弛,,,2020-01-07
6255951,radioulnar instability,尺橈關節不穩症,,,2020-01-07
6255952,radioulnar projection,橈尺位投影,,,2020-01-07
6255953,radium {=Ra},鐳,,,2020-01-07
6255954,radon {=Rn},氡,,,2020-01-07
6255955,range,射程；範圍,,,2020-01-07
6255956,Rasmussen encephalitis,Rasmussen氏腦炎,,,2020-01-07
6255957,reaction cross section,反應截面,,,2020-01-07
6255958,reactive arthritis,反應性關節,,,2020-01-07
6255959,recessive,隱性,,,2020-01-07
6255960,recombinant thyroid-stimulating hormone {=rhTSH-Tg},基因重組人工甲促素,,,2020-01-07
6255961,recovery,回收(率)；回復,,,2020-01-07
6255962,rectilinear scan,直線掃描,,,2020-01-07
6255963,rectilinear scanner,直線掃描器,,,2020-01-07
6255964,recurrence,復發,,,2020-01-07
6255965,redistribution,再分布,,,2020-01-07
6255966,region of interest {=ROI},感興趣區域,,,2020-01-07
6255967,Reiter's syndrome,Reiter氏症候群,,,2020-01-07
6255968,relapse,復發；再發,,,2020-01-07
6255969,relative absorption coefficient,相對吸收係數,,,2020-01-07
6255970,relative biological effectiveness {=RBE},相對生物效應,,,2020-01-07
6255971,relaxation,鬆弛,,,2020-01-07
6255972,relaxation time,鬆弛時間,,,2020-01-07
6255973,rem,侖目,,,2020-01-07
6255974,REM {roentgen equivalent man},侖目{輻射劑量單位},,,2020-01-07
6255975,remission,緩解,,,2020-01-07
6255976,remote afterloading brachytherapy,遙控後荷式近接[放射]治療,,,2020-01-07
6255977,renal tubule,腎小管,,,2020-01-07
6255978,renin-angiotensin system,腎素-血管緊縮素系統,,,2020-01-07
6255979,renogram,腎臟攝影,,,2020-01-07
6255980,renography,腎臟攝影,,,2020-01-07
6255981,reoxygenation,再氧化,,,2020-01-07
6255982,repair,修復,,,2020-01-07
6255983,repopulation,再增生,,,2020-01-07
6255984,reproducibility,再現性,,,2020-01-07
6255985,resolution,解析度,,,2020-01-07
6255986,resolving hematoma,吸收中的血腫,,,2020-01-07
6255987,resonance frequency,共振頻率,,,2020-01-07
6255988,respiratory distress syndrome {=RDS},呼吸窘迫症候群,,,2020-01-07
6255989,respiratory-gated,呼吸門控,,,2020-01-07
6255990,restricted area,管制區,,,2020-01-07
6255991,retention time,滯留時間,,,2020-01-07
6255992,reticuloendothelial cell,網狀內皮細胞,,,2020-01-07
6255993,retrocardiac area,心臟後方,,,2020-01-07
6255994,retrograde pyelography,逆行性腎盂攝影,,,2020-01-07
6255995,retrolisthesis,脊椎後滑脫,,,2020-01-07
6255996,retrosternal space,胸骨後區,,,2020-01-07
6255997,reverse Bankart lesion,反班卡式損傷,,,2020-01-07
6255998,revese Hill-Sachs lesion,反希爾沙克損傷,,,2020-01-07
6255999,rhabdomyosarcoma,橫紋肌肉瘤,,,2020-01-07
6256000,rheumatoid arthritis,類風濕性關節炎,,,2020-01-07
6256001,rhinorrhea,鼻漏,,,2020-01-07
6256002,ribs,肋骨,,,2020-01-07
6256003,right,右側,,,2020-01-07
6256004,right anterior oblique (RAO) position,右前斜擺位,,,2020-01-07
6256005,right decubitus position,右側臥擺位,,,2020-01-07
6256006,right heart border,右心緣,,,2020-01-07
6256007,right lateral,右側面,,,2020-01-07
6256008,right lower lobe {=RLL},右下肺葉,,,2020-01-07
6256009,right middle lobe {=RML},右中肺葉,,,2020-01-07
6256010,right posterior oblique (RPO) position,右後斜擺位,,,2020-01-07
6256011,right upper lobe {=RUL},右上肺葉,,,2020-01-07
6256012,Roentgen {=R},侖琴,,,2020-01-07
6256013,roentgen equivalent physical {=REP},物理侖琴當量,,,2020-01-07
6256014,roentgen ray,侖琴射線 (X光),,,2020-01-07
6256015,roentgen to rad conversion factor,侖琴雷德轉換(換算)係數,,,2020-01-07
6256016,rotating anode X-ray tube,旋轉陽極X光管,,,2020-01-07
6256017,saber shin,軍刀狀脛,,,2020-01-07
6256018,sacral lumbarization,薦椎腰椎化,,,2020-01-07
6256019,sagittal image,矢狀像,,,2020-01-07
6256020,sagittal plane,矢狀面,,,2020-01-07
6256021,Salter Harris classification,骨骺損傷分類,,,2020-01-07
6256022,Sanfilippo,Sanfilippo氏病,,,2020-01-07
6256023,sarcoma,肉瘤,,,2020-01-07
6256024,scan,掃描,,,2020-01-07
6256025,scatter radiation,散射輻射,,,2020-01-07
6256026,scattered radiation,散射輻射,,,2020-01-07
6256027,schizencephaly,裂腦症,,,2020-01-07
6256028,Schmorl node,Schmorl結節,,,2020-01-07
6256029,Schmorl's node,Schmorl氏結節,,,2020-01-07
6256030,scintigraphy,閃爍攝影,,,2020-01-07
6256031,scintilation counter,閃爍計數器,,,2020-01-07
6256032,scintillation camera,閃爍攝影儀,,,2020-01-07
6256033,scintillation dosimeters,閃爍劑量計,,,2020-01-07
6256034,scintillation scanner,閃爍掃描器,,,2020-01-07
6256035,scintillation surveymeter,閃爍勘檢器,,,2020-01-07
6256036,scintillator,閃爍體,,,2020-01-07
6256037,scleroderma,硬皮病,,,2020-01-07
6256038,scout view,探查性視圖,,,2020-01-07
6256039,scurvy,壞血病,,,2020-01-07
6256040,secondary cancer,次發性腫瘤,,,2020-01-07
6256041,secondary ossification center,次級骨化中心,,,2020-01-07
6256042,Seldinger method,Seldinger法,,,2020-01-07
6256043,selective angiography,選擇性血管攝影(術),,,2020-01-07
6256044,selective excitation pulse {=SEP},選擇性激發脈衝,,,2020-01-07
6256045,selective hypotonic duodenography,選擇性低張十二指腸攝影,,,2020-01-07
6256046,semiconductor dosimeters,半導體劑量計,,,2020-01-07
6256047,sentinel lymph node {=SLN},前哨淋巴結,,,2020-01-07
6256048,septa,中隔,,,2020-01-07
6256049,septo-optic dysplasia,腦室中隔缺損合併視神經發育不全,,,2020-01-07
6256050,sequestrated disk,椎間盤斷離,,,2020-01-07
6256051,sequestrum,壞骨片,,,2020-01-07
6256052,seronegative arthritis,血清反應陰性關節炎,,,2020-01-07
6256053,seronegative spondyloarthropathy,血清陰性脊椎關節病變,,,2020-01-07
6256054,shaking baby syndrome,嬰兒搖晃症候群,,,2020-01-07
6256055,shallow-dose equivalent,淺部等效劑量,,,2020-01-07
6256056,shelf life,保存期限,,,2020-01-07
6256057,Shenton's line,Shenton氏線,,,2020-01-07
6256058,shielding,屏蔽,,,2020-01-07
6256059,shielding method,屏蔽法,,,2020-01-07
6256060,shimming,優化填補,,,2020-01-07
6256061,shoulder instability,肩關節不穩定,,,2020-01-07
6256062,sialography,唾液腺攝影,,,2020-01-07
6256063,sialoscintigraphy,唾液腺閃爍攝影,,,2020-01-07
6256064,side effect,副作用,,,2020-01-07
6256065,siderophore,螯鐵蛋白,,,2020-01-07
6256066,sievert {=Sv},西弗,,,2020-01-07
6256067,sign,徵象,,,2020-01-07
6256068,signal intensity,訊號強度,,,2020-01-07
6256069,signal to noise ratio {=SNR},訊雜比；訊噪比,,,2020-01-07
6256070,silhouette sign,輪廓徵象,,,2020-01-07
6256071,single channel pulse height analyzer,單頻道脈高分析器,,,2020-01-07
6256072,single photon emission computed tomography {=SPECT},單光子射出電腦斷層造影,,,2020-01-07
6256073,Single-Channel Analyzer {=SCA},單頻道分析儀,,,2020-01-07
6256074,sinusoids,竇狀隙,,,2020-01-07
6256075,skull base,顱底,,,2020-01-07
6256076,Smith fracture,Smith骨折,,,2020-01-07
6256077,solid phase (radio) immunoassay,固相放射免疫測定法,,,2020-01-07
6256078,somatostatin,體抑素,,,2020-01-07
6256079,somatostatin receptor scintigraphy,體抑素受體攝影,,,2020-01-07
6256080,somatostatin receptors {=SSTRs},體抑素受體,,,2020-01-07
6256081,sonography,超音波檢查,,,2020-01-07
6256082,souce-tumor distance {=STD},射源腫瘤距離,,,2020-01-07
6256083,source-skin distance {=SSD},射源皮膚距離,,,2020-01-07
6256084,space charge,空間電荷,,,2020-01-07
6256085,sparganosis,動裂頭絛蟲症,,,2020-01-07
6256086,spatial resolution,空間解析度,,,2020-01-07
6256087,specific activity,比活性；比活度,,,2020-01-07
6256088,specific γ -ray constant,比伽瑪[射線]常數,,,2020-01-07
6256089,spectrometer,分光計；光譜儀,,,2020-01-07
6256090,spin echo,自旋回波,,,2020-01-07
6256091,spin quantum number,自旋量子數,,,2020-01-07
6256092,spina bifida,脊柱裂,,,2020-01-07
6256093,spinal canal stenosis,椎管狹窄,,,2020-01-07
6256094,spinal muscular atrophy {=SMA},脊髓性肌肉萎縮症,,,2020-01-07
6256095,spine metastasis,脊柱轉移,,,2020-01-07
6256096,spin-lattice relaxation time,自旋-晶格鬆弛時間,,,2020-01-07
6256097,spin-spin relaxation time,自旋-自旋鬆弛時間,,,2020-01-07
6256098,spleen scintigraphy,脾臓閃爍攝影,,,2020-01-07
6256099,splenic flexure,結腸脾彎；脾曲,,,2020-01-07
6256100,spondylitis,椎體炎,,,2020-01-07
6256101,spondylodiscitis,脊椎間盤炎,,,2020-01-07
6256102,spondyloepiphyseal dysplasia {=SED},脊椎骨骺發育不全,,,2020-01-07
6256103,spondylolisthesis,脊椎滑脫,,,2020-01-07
6256104,spondylolysis,椎弓斷裂,,,2020-01-07
6256105,spondylolytic spondylolisthesis,椎弓斷裂性的脊椎滑脫,,,2020-01-07
6256106,spontaneous fission,自發分裂,,,2020-01-07
6256107,stage,分期,,,2020-01-07
6256108,standard curve,標準曲線,,,2020-01-07
6256109,standing abdomen,站立腹部攝影,,,2020-01-07
6256110,standing position,直立擺位,,,2020-01-07
6256111,static magnetic fields,靜磁場,,,2020-01-07
6256112,stationary anode X-ray tube,固定陽極形X光管,,,2020-01-07
6256113,stem cells,幹細胞,,,2020-01-07
6256114,Still disease,Still氏病,,,2020-01-07
6256115,stochastic effects,機率效應,,,2020-01-07
6256116,stomach bubble,胃氣泡,,,2020-01-07
6256117,stopping power,阻擋本領,,,2020-01-07
6256118,stress fracture,應力性骨折,,,2020-01-07
6256119,Strontium 90,鍶-90 {=90Sr},,,2020-01-07
6256120,stunning phenomenon,擊暈現象,,,2020-01-07
6256121,subacute sclerosing panencephalitis {=SSPE},亞急性硬化性泛腦炎,,,2020-01-07
6256122,subarachnoid hemorrhage {=SAH},蜘蛛膜下出血,,,2020-01-07
6256123,subcortical arteriosclerotic encephalopathy {=SAE},皮質下動脈硬化性腦病變,,,2020-01-07
6256124,subcutaneous emphysema,皮下氣腫,,,2020-01-07
6256125,subdiaphragm,橫膈膜下,,,2020-01-07
6256126,subdural effusion,硬膜下積液,,,2020-01-07
6256127,subdural empyema,硬膜下蓄膿,,,2020-01-07
6256128,subdural hematoma,硬膜下血腫,,,2020-01-07
6256129,subependymal giant cell astrocytoma {=SEGA},室管膜下巨細胞星狀瘤,,,2020-01-07
6256130,subfalcine herniation,大腦鐮下腦疝脫,,,2020-01-07
6256131,sublethal dose,亞致死劑量,,,2020-01-07
6256132,subluxation,半脫位,,,2020-01-07
6256133,subperioteal absccess,骨膜下膿瘍,,,2020-01-07
6256134,subpulmonic,肺下的；肺底的,,,2020-01-07
6256135,subtraction,減影,,,2020-01-07
6256136,superior accessory fissure,上副裂隙,,,2020-01-07
6256137,superior vena cava,上腔靜脈,,,2020-01-07
6256138,superior vena cavography,上腔靜脈攝影(術),,,2020-01-07
6256139,superscan,超級骨掃描,,,2020-01-07
6256140,superselective angiography,超選擇性血管攝影(術),,,2020-01-07
6256141,supination,外旋,,,2020-01-07
6256142,supine position,仰臥擺位,,,2020-01-07
6256143,supine view,仰臥影像,,,2020-01-07
6256144,surface dose,表面劑量,,,2020-01-07
6256145,survey meter,偵測儀,,,2020-01-07
6256146,surveymeter,勘檢器,,,2020-01-07
6256147,survival curve,存活曲線,,,2020-01-07
6256148,survival rate,存活率,,,2020-01-07
6256149,synchronous multicentric osteosarcoma,同存多中心骨肉瘤,,,2020-01-07
6256150,synchrotron,同步加速器,,,2020-01-07
6256151,synovitis,滑膜炎,,,2020-01-07
6256152,syringomyelia {syrinx},脊髓空洞症,,,2020-01-07
6256153,systemic lupus erythematosus {=SLE},全身性紅斑狼瘡,,,2020-01-07
6256154,tandem applicator,串聯裝療器,,,2020-01-07
6256155,tangential fields,相切照野,,,2020-01-07
6256156,tangential irradiation,相切照射；切線照射,,,2020-01-07
6256157,target,靶,,,2020-01-07
6256158,target body,靶體,,,2020-01-07
6256159,target materials,靶材,,,2020-01-07
6256160,targeted radionuclide therapy,放射性核種標靶治療,,,2020-01-07
6256161,TB meningitis,結核性腦膜炎,,,2020-01-07
6256162,TB spondylodiscitis {=TB spine},結核性脊椎炎,,,2020-01-07
6256163,Tc-99m methyl diphosphonate {=Tc-99m MDP},鎝-99m甲基雙磷酸鹽,,,2020-01-07
6256164,Technecium 99m-DTPA,鎝99m-DTPA,,,2020-01-07
6256165,Technegas generator,鎝氣產生器；孳生器,,,2020-01-07
6256166,teleradiotherapy,遠隔放射治療,,,2020-01-07
6256167,teletherapy,遠隔治療,,,2020-01-07
6256168,templates,模版,,,2020-01-07
6256169,temporal resolution,時間解析度,,,2020-01-07
6256170,tension pneumothorax,張力性氣胸,,,2020-01-07
6256171,teratoma,畸胎瘤,,,2020-01-07
6256172,terminal steam sterilization,終端蒸氣滅菌,,,2020-01-07
6256173,tethered cord,脊髓粘連,,,2020-01-07
6256174,The American Association of Physicists in Medicine (AAPM),美國醫學物理學會,,,2020-01-07
6256175,thermal neutron,熱中子,,,2020-01-07
6256176,thermal neutron therapy,熱中子治療,,,2020-01-07
6256177,thermal relaxation time,熱鬆弛時間,,,2020-01-07
6256178,thermoluminescence,熱螢光,,,2020-01-07
6256179,thermoluminescence dosimeter,熱螢光劑量計,,,2020-01-07
6256180,thermoluminescence dosimeter {=TLD},熱發光劑量計：熱螢光劑量計,,,2020-01-07
6256181,thermoluminescent dosimeter {=TLD},熱發光劑量計,,,2020-01-07
6256182,thin-layer chromatography {=TLC},薄層層析法,,,2020-01-07
6256183,Thomson scattering,湯姆森散射,,,2020-01-07
6256184,three-dimensional view,三維影像,,,2020-01-07
6256185,threshold,閾值,,,2020-01-07
6256186,threshold dose,閾值劑量,,,2020-01-07
6256187,Thromboangiitis obliterans {=TAO},血栓閉塞性脈管炎,,,2020-01-07
6256188,thyroglobulin {=Tg},甲狀腺球蛋白,,,2020-01-07
6256189,thyroid scan,甲狀腺掃描,,,2020-01-07
6256190,thyroid scintigraphy,甲狀腺閃爍攝影,,,2020-01-07
6256191,thyroid uptake,甲狀腺攝取,,,2020-01-07
6256192,thyroid-stimulating hormone {=TSH},促甲狀腺激素,,,2020-01-07
6256193,thyrotropin,促甲狀腺素,,,2020-01-07
6256194,thyroxine {=T4},甲狀腺素,,,2020-01-07
6256195,thyroxine-binding globulin {=TBG},甲狀腺素結合球蛋白,,,2020-01-07
6256196,time activity curve,時間活性曲線,,,2020-01-07
6256197,time constant,時間常數,,,2020-01-07
6256198,time factor,時間因子,,,2020-01-07
6256199,tissue compensating filter,組織補償濾器,,,2020-01-07
6256200,tissue dose,組織劑量,,,2020-01-07
6256201,tissue equivalent ionization chamber,組織等價游離腔,,,2020-01-07
6256202,tissue equivatlent material,組織等價物質,,,2020-01-07
6256203,tissue weighting factor {=WT},組織加權因數,,,2020-01-07
6256204,tissuse-air ratio {=TAR},組織空氣比,,,2020-01-07
6256205,tolerance dose,耐受劑量,,,2020-01-07
6256206,Tolosa-Hunt syndrome {painful ophthalmoplegia syndrome},Tolosa-Hunt症候群{痛性眼肌麻痹症候群},,,2020-01-07
6256207,tonsilar herniation,小腦扁桃體疝脫,,,2020-01-07
6256208,topogram,探查性視圖,,,2020-01-07
6256209,total attenuation coefficient,總衰減係數,,,2020-01-07
6256210,total body irradiation {=TBI},全身照射,,,2020-01-07
6256211,total effective dose equivalent {=TEDE},總有效等效劑量,,,2020-01-07
6256212,total iron-binding capcity {=TIBC},總鐵結合能力/容量,,,2020-01-07
6256213,total mass attenuation coefficient,總質量衰減係數,,,2020-01-07
6256214,Towne view,Towne像{後顱窩正面像},,,2020-01-07
6256215,toxic demyelination,毒性髓鞘脫失,,,2020-01-07
6256216,toxic encephalopathy,中毒性腦病變,,,2020-01-07
6256217,toxoplasmosis,弓蟲症,,,2020-01-07
6256218,tracer,示蹤劑,,,2020-01-07
6256219,tracheostomy,氣管造口術,,,2020-01-07
6256220,transcatheter arterial embolization {=TAE},經導管動脈栓塞術,,,2020-01-07
6256221,transferrin,運鐵蛋白,,,2020-01-07
6256222,transforming growth factor alpha {=TGF-α},轉化生長因子α,,,2020-01-07
6256223,transforming growth factor beta {=TGF-β},轉化生長因子β,,,2020-01-07
6256224,transient equilibrium,過渡平衡,,,2020-01-07
6256225,transit time,通過時間,,,2020-01-07
6256226,translation,轉譯,,,2020-01-07
6256227,translocation,易位,,,2020-01-07
6256228,transmethylation,轉甲基化,,,2020-01-07
6256229,transmission,傳送/傳輸,,,2020-01-07
6256230,transport index {=TI},運輸指數,,,2020-01-07
6256231,transscaphoid perilunate dislocation,經舟骨月骨周圍脫位,,,2020-01-07
6256232,transtentorial herniation,小腦幕腦疝脫,,,2020-01-07
6256233,transverse plane,橫斷面,,,2020-01-07
6256234,transverse relaxation time,橫向鬆弛時間,,,2020-01-07
6256235,trapping phenomenon,捕捉/捕獲現象,,,2020-01-07
6256236,treatment applicator,治療裝療器,,,2020-01-07
6256237,treatment planning system {=TPS},治療計劃系統,,,2020-01-07
6256238,triangular fibrocartilage,三角纖維軟骨,,,2020-01-07
6256239,Trigger delay,延遲觸發,,,2020-01-07
6256240,triiodothyroxine {=T3},三碘甲狀腺素,,,2020-01-07
6256241,trismus,牙關緊閉,,,2020-01-07
6256242,Trummerfeld space,Trummerfeld氏帶,,,2020-01-07
6256243,TSH-releasing hormone {=TRH},促甲狀腺素釋素,,,2020-01-07
6256244,tube current,管電流,,,2020-01-07
6256245,tube voltage,管電壓,,,2020-01-07
6256246,tuberculoma,結核瘤,,,2020-01-07
6256247,tuberculosis,結核,,,2020-01-07
6256248,tuberous sclerosis,結節性硬化症,,,2020-01-07
6256249,tumor,腫瘤,,,2020-01-07
6256250,tumor control dose,腫瘤控制劑量,,,2020-01-07
6256251,tumor necrosis factor {=TNF},腫瘤壞死因子,,,2020-01-07
6256252,tumor scintigraphy,腫瘤閃爍攝影,,,2020-01-07
6256253,tumor suppressor gene,抑癌基因/腫瘤抑制基因,,,2020-01-07
6256254,tumoral calcinosis,腫瘤樣鈣化,,,2020-01-07
6256255,Tungsten,鎢,,,2020-01-07
6256256,tungsten filament,鎢絲,,,2020-01-07
6256257,tyrosine,酪胺酸,,,2020-01-07
6256258,U.S. Pharmacopeia {=USP},美國藥典,,,2020-01-07
6256259,European Pharmacopoeia,歐洲藥典,,,2020-01-07
6256260,ulnar impingement syndrome,尺骨撞擊綜合徵,,,2020-01-07
6256261,ultraselective angiography,極選擇性血管攝影(術),,,2020-01-07
6256262,ultrasonography,超音波掃描術；超音波掃描檢查,,,2020-01-07
6256263,ultrasound,超音波,,,2020-01-07
6256264,uncal herniation,鉤回疝脫,,,2020-01-07
6256265,unit dose,單一劑量,,,2020-01-07
6256266,unknown primary tumor {=UPT},原發部位不明腫瘤,,,2020-01-07
6256267,unrestricted area,非管制區,,,2020-01-07
6256268,uptake,吸收/攝取,,,2020-01-07
6256269,uptake ratio,攝取率,,,2020-01-07
6256270,uracil,尿嘧啶,,,2020-01-07
6256271,uremic encephalopathy,尿毒性腦病變,,,2020-01-07
6256272,urethrography,尿道攝影(術),,,2020-01-07
6256273,UV monitor,紫外線監測器,,,2020-01-07
6256274,vaccum phenomenon,真空現象,,,2020-01-07
6256275,valence,價,,,2020-01-07
6256276,valence electron,價電子,,,2020-01-07
6256277,valence shell,價殼/價層,,,2020-01-07
6256278,varicella encephalitis,水痘腦炎,,,2020-01-07
6256279,vascular endothelial growth factor {=VEGF},血管內皮生長因子,,,2020-01-07
6256280,vasography,精管攝影(術),,,2020-01-07
6256281,vaso-vesiculography,精管精囊攝影(術),,,2020-01-07
6256282,venous infarction,靜脈梗塞,,,2020-01-07
6256283,venous malformation,靜脈畸形,,,2020-01-07
6256284,ventilation,換氣/通氣,,,2020-01-07
6256285,ventilation perfusion ratio {VP ratio},通氣灌流比,,,2020-01-07
6256286,ventricular peritoneal shunt {=VP shunt} patency study,腦室腹腔分流通暢檢查,,,2020-01-07
6256287,ventriculomegaly,腦室擴大,,,2020-01-07
6256288,ventriculoperitoneal shunt {V-P shunt},腦室腹腔分流術,,,2020-01-07
6256289,vertebral compression fracture,椎體壓迫骨折,,,2020-01-07
6256290,viral thymidine kinase,病毒胸苷激酶,,,2020-01-07
6256291,visceral,臓層,,,2020-01-07
6256292,visceral pleura,臓層肋膜,,,2020-01-07
6256293,visceral peritoneum,臟層腹膜,,,2020-01-07
6256294,volume effect,體積效應,,,2020-01-07
6256295,volume loss,容積減少,,,2020-01-07
6256296,Voorhoeve disease,福爾胡弗症,,,2020-01-07
6256297,washin,灌入,,,2020-01-07
6256298,washout,流出,,,2020-01-07
6256299,water equivalent,水等效,,,2020-01-07
6256300,Water's view,瓦特氏(顱骨)像,,,2020-01-07
6256301,wavelength,波長,,,2020-01-07
6256302,wedge filter,楔形濾器,,,2020-01-07
6256303,well counter,井型計數器,,,2020-01-07
6256304,Western blot method,西方墨點法,,,2020-01-07
6256305,white matter edema,白質水腫,,,2020-01-07
6256306,white matter hyperintensity,腦白質白斑,,,2020-01-07
6256307,whole-body imaging,全身造影,,,2020-01-07
6256308,wild type,野生型,,,2020-01-07
6256309,Willis' circle (cerebral arterial circle),威利氏環(大腦動脈環),,,2020-01-07
6256310,Wilson's disease,威爾森氏病,,,2020-01-07
6256311,Wimberger ring,溫伯格環,,,2020-01-07
6256312,window level,窗值；窗位,,,2020-01-07
6256313,window width,窗幅；窗寬,,,2020-01-07
6256314,woven bone,編織骨,,,2020-01-07
6256315,xanthoma,腱性黃瘤,,,2020-01-07
6256316,xerostomia,口乾症,,,2020-01-07
6256317,X-linked adrenoleukodystrophy,腎上腺腦白質失養症,,,2020-01-07
6256318,X-ray,X光；X射線,,,2020-01-07
6256319,X-ray high voltage generator,X光高壓產生器,,,2020-01-07
6256320,X-ray simulator,光模擬定位儀,,,2020-01-07
6256321,X-ray tube,X光管,,,2020-01-07
6256322,Y-90 glass microspheres,釔-90玻璃微球體,,,2020-01-07
6256323,Y-90 resin microspheres,釔-90樹脂微球體,,,2020-01-07
6256324,yield,產率,,,2020-01-07
6256325,young onset psoriatic arthritis,青少年發作性牛皮癬性關節炎,,,2020-01-07
6256326,young onset rheumatoid arthritis,青少年發作型類風濕性關節炎,,,2020-01-07
6256327,young stroke,年輕型中風,,,2020-01-07
6256328,yttrium-90,釔-90 {=90Y},,,2020-01-07
6256329,α particle,α粒子,,,2020-01-07
6256330,α ray,α射線,,,2020-01-07
6256331,α/β ratio,α/β比值,,,2020-01-07
6256332,β+decay,β+衰變,,,2020-01-07
6256333,β-decay,β-衰變,,,2020-01-07
6256334,β-galactosidase,半乳糖酶,,,2020-01-07
6256335,β-ray,β射線,,,2020-01-07
