ID,英文名稱,中文名稱,圖片,作曲家,更新日期
3192868,Duke Bluebeard's Castle,藍鬍子公爵的城堡,,"Bartók, Béla",2017-07-28
3192869,Fidelio,費黛里奧,,"Beethoven, Ludwig van",2017-07-28
3192870,Beatrice di Tenda,滕達的貝阿特麗切,,"Bellini, Vincenzo",2017-07-28
3192871,I Puritani,清教徒,,"Bellini, Vincenzo",2017-07-28
3192872,Il pirata,海盜,,"Bellini, Vincenzo",2017-07-28
3192873,l Capuleti e l Montecchi,卡普雷提與蒙泰奇家族｛羅密歐與茱麗葉｝,,"Bellini, Vincenzo",2017-07-28
3192874,La Sonnambula,夢遊女,,"Bellini, Vincenzo",2017-07-28
3192875,Norma,諾瑪,,"Bellini, Vincenzo",2017-07-28
3192876,Adelson e Salvini,阿德頌和薩維妮,,"Bellini, Vincenzo",2017-07-28
3192877,Bianca e Fernando,比安卡和費南多,,"Bellini, Vincenzo",2017-07-28
3192878,La straniera,異國人,,"Bellini, Vincenzo",2017-07-28
3192879,Zaira,柴菈,,"Bellini, Vincenzo",2017-07-28
3192880,Lulu,露露,,"Berg, Alban",2017-07-28
3192881,Wozzeck,伍采克,,"Berg, Alban",2017-07-28
3192882,Béatrice et Bénédict,貝阿特麗絲和貝內迪克｛無事生非｝,,"Berlioz, Hector",2017-07-28
3192883,Benvenuto Cellini,本威奴托˙切利尼,,"Berlioz, Hector",2017-07-28
3192884,La Damnation de Faust,浮士德的天譴,,"Berlioz, Hector",2017-07-28
3192885,Les Troyens,特洛伊人,,"Berlioz, Hector",2017-07-28
3192886,Carmen,卡門,,"Bizet, Georges",2017-07-28
3192887,Les Pêcheurs des Perles,採珠者,,"Bizet, Georges",2017-07-28
3192888,Djamileh,迪亞米雷,,"Bizet, Georges",2017-07-28
3192889,Don Procopio,唐˙波科皮歐,,"Bizet, Georges",2017-07-28
3192890,Ivan IV,伊凡四世,,"Bizet, Georges",2017-07-28
3192891,La jolie fille de Perth,貝城佳麗,,"Bizet, Georges",2017-07-28
3192892,Le docteur Miracle,神奇醫生,,"Bizet, Georges",2017-07-28
3192893,Mefistofele,梅菲斯特,,"Boito, Arrigo",2017-07-28
3192894,Prince Igor,伊果王子,,"Borodin, Alexander Porphyrevitch",2017-07-28
3192895,A Midsummer Night's Dream,仲夏夜之夢,,"Britten, Benjamin",2017-07-28
3192896,Albert Herring,艾伯特˙賀林,,"Britten, Benjamin",2017-07-28
3192897,Death in Venice,魂斷威尼斯,,"Britten, Benjamin",2017-07-28
3192898,"Let's Make an Opera ""The Little Sweep""",讓我們來作歌劇「小煙囪工」,,"Britten, Benjamin",2017-07-28
3192899,Peter Grimes,彼得˙葛萊姆,,"Britten, Benjamin",2017-07-28
3192900,The Rape of Lucretia,魯克麗緹雅的凌辱,,"Britten, Benjamin",2017-07-28
3192901,The Turn of the Screw,旋螺絲{碧廬冤孽},,"Britten, Benjamin",2017-07-28
3192902,Paul Bunyan,保羅本揚,,"Britten, Benjamin",2017-07-28
3192903,The Beggar's Opera,乞丐歌劇,,"Britten, Benjamin",2017-07-28
3192904,Billy Budd,比利巴德,,"Britten, Benjamin",2017-07-28
3192905,Gloriana,葛羅里亞娜,,"Britten, Benjamin",2017-07-28
3192906,Noye's Fludde,諾亞的洪水,,"Britten, Benjamin",2017-07-28
3192907,Owen Wingrave,歐文溫格瑞夫,,"Britten, Benjamin",2017-07-28
3192908,La Wally,瓦莉姑娘,,"Catalani, Alfredo",2017-07-28
3192909,Louise,露伊絲,,"Charpentier, Gustave",2017-07-28
3192910,Medea（Médée）,美迪亞,,"Cherubini, Maria Luigi",2017-07-28
3192911,Olimpiade,奧林匹亞德,,"Cherubini, Maria Luigi",2017-07-28
3192912,La finta principessa,假公主,,"Cherubini, Maria Luigi",2017-07-28
3192913,Ifigenia in Aulide,伊菲潔尼雅在奧利德,,"Cherubini, Maria Luigi",2017-07-28
3192914,Lodoïska,洛多伊斯卡,,"Cherubini, Maria Luigi",2017-07-28
3192915,"Eliza, ou Le voyage aux glaciers du Mont Saint Bernard",埃麗莎,,"Cherubini, Maria Luigi",2017-07-28
3192916,Le porteur d'eau,挑水伕,,"Cherubini, Maria Luigi",2017-07-28
3192917,L'amour fugitif,曇花一現的愛情,,"Cherubini, Maria Luigi",2017-07-28
3192918,"Les Abencérages, ou L'étendard de Grenade",阿邦賽拉惹,,"Cherubini, Maria Luigi",2017-07-28
3192919,Adriana Lecouvreur,阿德麗安娜˙雷庫弗勒,,"Cilèa, Francesco",2017-07-28
3192920,L'Arlesiana,阿萊城姑娘,,"Cilèa, Francesco",2017-07-28
3192921,Gina,吉娜,,"Cilèa, Francesco",2017-07-28
3192922,La Tilda,娣達,,"Cilèa, Francesco",2017-07-28
3192923,Gloria,葛羅莉亞,,"Cilèa, Francesco",2017-07-28
3192924,Il Matrimonio Segreto,秘密婚姻,,"Cimarosa, Domenic",2017-07-28
3192925,Pelléas et Mélisande,貝利亞與梅麗桑,,"Debussy, Claude Achille",2017-07-28
3192926,Lakmé,拉克美,,"Delibes, Léo",2017-07-28
3192927,Anna Bolena,安娜˙波蕾納,,"Donizetti, Gaetano",2017-07-28
3192928,Don Pasquale,唐˙巴斯瓜雷,,"Donizetti, Gaetano",2017-07-28
3192929,La Favorita,寵姬,,"Donizetti, Gaetano",2017-07-28
3192930,La Fille du Régiment,聯隊之花,,"Donizetti, Gaetano",2017-07-28
3192931,L'Elisir d'Amore,愛情靈藥,,"Donizetti, Gaetano",2017-07-28
3192932,Linda di Chamounix,夏摩尼的琳達,,"Donizetti, Gaetano",2017-07-28
3192933,Lucia di Lammermoor,拉梅默的露琪亞,,"Donizetti, Gaetano",2017-07-28
3192934,Lucrezia Borgia,路克蕾琪亞˙波吉亞,,"Donizetti, Gaetano",2017-07-28
3192935,Maria di Rohan,羅旺的瑪麗亞,,"Donizetti, Gaetano",2017-07-28
3192936,Maria Padilla,瑪麗亞帕迪拉,,"Donizetti, Gaetano",2017-07-28
3192937,Maria Stuarda,瑪莉亞司徒阿達,,"Donizetti, Gaetano",2017-07-28
3192938,Parisina,巴黎女郎,,"Donizetti, Gaetano",2017-07-28
3192939,Poliuto[see also Les martyrs],波琉托,,"Donizetti, Gaetano",2017-07-28
3192940,Rita,莉塔,,"Donizetti, Gaetano",2017-07-28
3192941,Roberto Devereux,羅貝托德弗勒,,"Donizetti, Gaetano",2017-07-28
3192942,La zingara,吉普賽女郎,,"Donizetti, Gaetano",2017-07-28
3192943,Rusalka,魯莎卡,,"Dvořák, Antonín",2017-07-28
3192944,El Retablo de Maese Pedro,貝得羅師傅的傀儡戲,,"Falla, Manuel de",2017-07-28
3192945,La vida breve,短促的人生,,"Falla, Manuel de",2017-07-28
3192946,Martha,瑪塔,,"Flotow, Friedrich von",2017-07-28
3192947,Stradella,斯特拉台拉,,"Flotow, Friedrich von",2017-07-28
3192948,Le naufrage de la Méduse,美杜莎號歷險記,,"Flotow, Friedrich von",2017-07-28
3192949,Porgy and Bess,波吉與貝絲,,"Gershwin, George",2017-07-28
3192950,Andrea Chénier,安德雷亞˙謝涅,,"Giordano, Umberto",2017-07-28
3192951,Fedora,費朵拉,,"Giordano, Umberto",2017-07-28
3192952,Marina (1888),水手,,"Giordano, Umberto",2017-07-28
3192953,Mala Vita,惡運,,"Giordano, Umberto",2017-07-28
3192954,Regina Diaz,迪阿茲女皇,,"Giordano, Umberto",2017-07-28
3192955,Marcella,馬切拉,,"Giordano, Umberto",2017-07-28
3192956,Madame Sans-Gêne,桑珍夫人,,"Giordano, Umberto",2017-07-28
3192957,Giove a Pompei,喬維在龐貝,,"Giordano, Umberto",2017-07-28
3192958,Il re,國王,,"Giordano, Umberto",2017-07-28
3192959,La festa del Nilo (incomplete),尼羅河慶典,,"Giordano, Umberto",2017-07-28
3192960,Ivan Sussanin,伊凡˙蘇沙寧,,"Glinka, Mikhail Ivanovitch",2017-07-28
3192961,Orfeo ed Euridice,奧菲歐和尤麗蒂切,,"Gluck, Christoph Willibald von",2017-07-28
3192962,Artaserse,雅塔賽瑟,,"Gluck, Christoph Willibald von",2017-07-28
3192963,Il re pastore,牧羊人之王,,"Gluck, Christoph Willibald von",2017-07-28
3192964,Alceste (Italian),阿切斯特,,"Gluck, Christoph Willibald von",2017-07-28
3192965,Paride ed Elena,帕里德和艾蕾娜,,"Gluck, Christoph Willibald von",2017-07-28
3192966,Iphigénie en Aulide,伊菲傑妮在歐利德,,"Gluck, Christoph Willibald von",2017-07-28
3192967,Orphée et Euridice (French),奧菲歐和尤麗蒂切,,"Gluck, Christoph Willibald von",2017-07-28
3192968,Armide,阿米德,,"Gluck, Christoph Willibald von",2017-07-28
3192969,Iphigénie en Tauride,伊菲傑妮在托里德,,"Gluck, Christoph Willibald von",2017-07-28
3192970,Faust,浮士德,,"Gounod, Charles Francois",2017-07-28
3192971,Roméo et Juliette,羅密歐和茱麗葉,,"Gounod, Charles Francois",2017-07-28
3192972,Alcina,阿契娜,,"Händel, Georg Friedrich",2017-07-28
3192973,Ariodante,阿里歐丹特,,"Händel, Georg Friedrich",2017-07-28
3192974,Julius Caesar,凱撒大帝,,"Händel, Georg Friedrich",2017-07-28
3192975,Daphne (Die verwandelte Daphne),達夫內,,"Händel, Georg Friedrich",2017-07-28
3192976,Agrippina,阿格莉皮娜,,"Händel, Georg Friedrich",2017-07-28
3192977,Rinaldo,李納多,,"Händel, Georg Friedrich",2017-07-28
3192978,Teseo,提賽歐,,"Händel, Georg Friedrich",2017-07-28
3192979,Radamisto,拉達密斯托,,"Händel, Georg Friedrich",2017-07-28
3192980,Ottone,歐托內,,"Händel, Georg Friedrich",2017-07-28
3192981,Flavio,弗拉維歐,,"Händel, Georg Friedrich",2017-07-28
3192982,Giulio Cesare,凱薩大帝,,"Händel, Georg Friedrich",2017-07-28
3192983,Tamerlano,塔梅蘭諾,,"Händel, Georg Friedrich",2017-07-28
3192984,Rodelinda,羅德琳達,,"Händel, Georg Friedrich",2017-07-28
3192985,Riccardo Primo,李卡多一世,,"Händel, Georg Friedrich",2017-07-28
3192986,Partenope,帕滕諾珮,,"Händel, Georg Friedrich",2017-07-28
3192987,Poro,波羅王,,"Händel, Georg Friedrich",2017-07-28
3192988,Ezio,艾奇歐,,"Händel, Georg Friedrich",2017-07-28
3192989,Orlando,歐蘭多,,"Händel, Georg Friedrich",2017-07-28
3192990,Ariodante,阿里歐丹特,,"Händel, Georg Friedrich",2017-07-28
3192991,Atalanta,阿塔蘭塔,,"Händel, Georg Friedrich",2017-07-28
3192992,Giustino,朱斯提諾,,"Händel, Georg Friedrich",2017-07-28
3192993,Berenice,貝蕾妮切,,"Händel, Georg Friedrich",2017-07-28
3192994,Faramondo,法拉蒙多,,"Händel, Georg Friedrich",2017-07-28
3192995,Serse,賽瑟王,,"Händel, Georg Friedrich",2017-07-28
3192996,Acis and Galatea,阿西斯和加拉蒂亞,,"Händel, Georg Friedrich",2017-07-28
3192997,Il Mondo della Luna,月的世界,,"Haydn, Franz Joseph",2017-07-28
3192998,La Fedeltà Premiata,善有善報,,"Haydn, Franz Joseph",2017-07-28
3192999,Lo Speziale,藥劑師,,"Haydn, Franz Joseph",2017-07-28
3193000,Acide e Galatea,阿西德和加拉蒂亞,,"Haydn, Franz Joseph",2017-07-28
3193001,L'Infedeltá delusa,不忠實的謊言,,"Haydn, Franz Joseph",2017-07-28
3193002,L'Incontro improvviso,不期而遇,,"Haydn, Franz Joseph",2017-07-28
3193003,Orlando Paladino,歐蘭多帕拉迪諾,,"Haydn, Franz Joseph",2017-07-28
3193004,Armida,阿米達,,"Haydn, Franz Joseph",2017-07-28
3193005,L'Anima del Filosofo - Orfeo ed Euridice,奧菲歐和尤麗蒂切-哲學家的靈魂,,"Haydn, Franz Joseph",2017-07-28
3193006,Boulevard Solitude,孤寂大道,,"Henze, Hans Werner",2017-07-28
3193007,Elegie für junge Liebende,情侶悲歌,,"Henze, Hans Werner",2017-07-28
3193008,Jeanne d'Arc au Bûcher,火刑台上的貞德,,"Honegger, Arthur",2017-07-28
3193009,Hänsel und Gretel,韓賽兒與葛麗特,,"Humperdinck, Engelbert",2017-07-28
3193010,Jenůfa,顏如花,,"Janáček, Leoš",2017-07-28
3193011,Katya Kabanová（Kat'a Kabanová）,卡嘉˙卡芭諾娃,,"Janáček, Leoš",2017-07-28
3193012,Příhody Lišky Bystrousky,狡猾的母狐狸,,"Janáček, Leoš",2017-07-28
3193013,Věc Makropulos,馬克羅普洛斯事件,,"Janáček, Leoš",2017-07-28
3193014,Z mrtvého domu,死屋,,"Janáček, Leoš",2017-07-28
3193015,"Osud, ""Destiny""",命運,,"Janáček, Leoš",2017-07-28
3193016,"Výlety páně Broučkovy, ""The Excursions of Mr. Broucek"",",布魯切克先生歷險記,,"Janáček, Leoš",2017-07-28
3193017,Eine Nacht in Venedig,威尼斯之夜,,Johann Strauss,2017-07-28
3193018,Háry János,哈利˙雅諾斯,,"Kodály, Zoltán",2017-07-28
3193019,Székelyfonó (The Spinning Room),紡織房,,"Kodály, Zoltán",2017-07-28
3193020,Das Land des Lächelns,微笑王國,,"Lehár, Franz",2017-07-28
3193021,Die lustige Witwe,風流寡婦,,"Lehár, Franz",2017-07-28
3193022,Kukuška,小布穀鳥,,"Lehár, Franz",2017-07-28
3193023,"Arabella, der Kubanerin",古巴女郎阿拉貝拉,,"Lehár, Franz",2017-07-28
3193024,Der Klavierstimmer (Wiener Frauen),鋼琴調音師,,"Lehár, Franz",2017-07-28
3193025,Der Schlüssel zum Paradies (revised version of Der Klavierstimmer),天堂之鑰,,"Lehár, Franz",2017-07-28
3193026,Rosenstock und Edelweiss,玫瑰花束與小白花,,"Lehár, Franz",2017-07-28
3193027,Die ideale Gattin (revised version of Der Göttergatte),天賜良妻,,"Lehár, Franz",2017-07-28
3193028,Der Sterngucker,觀星者,,"Lehár, Franz",2017-07-28
3193029,"Where the Lark Sings (Hungarian: A pacsirta, German: Wo die Lerche singt)",雲雀歌唱之處,,"Lehár, Franz",2017-07-28
3193030,Frühling,春天,,"Lehár, Franz",2017-07-28
3193031,Pagliacci,丑角,,"Leoncavallo, Ruggiero",2017-07-28
3193032,La bohème,藝術家的生涯,,"Leoncavallo, Ruggiero",2017-07-28
3193033,Zazà,札札,,"Leoncavallo, Ruggiero",2017-07-28
3193034,Zingari,吉普賽人,,"Leoncavallo, Ruggiero",2017-07-28
3193035,Zar und Zimmermann,沙皇與木匠,,"Lortzing, Gustav",2017-07-28
3193036,Cavalleria Rusticana,鄉村騎士,,"Mascagni, Pietro",2017-07-28
3193037,L'amico Fritz,友人弗立茲,,"Mascagni, Pietro",2017-07-28
3193038,Iris,伊莉絲,,"Mascagni, Pietro",2017-07-28
3193039,Le maschere,面具,,"Mascagni, Pietro",2017-07-28
3193040,Don Quichotte,唐˙吉訶德,,"Massenet, Jules",2017-07-28
3193041,La Navarraise,納瓦拉姑娘,,"Massenet, Jules",2017-07-28
3193042,Manon,瑪儂,,"Massenet, Jules",2017-07-28
3193043,Thais,泰伊絲,,"Massenet, Jules",2017-07-28
3193044,Werther,維特,,"Massenet, Jules",2017-07-28
3193045,Hérodiade; rev. as: Erodiade,艾羅迪雅德,,"Massenet, Jules",2017-07-28
3193046,Le Cid,席德,,"Massenet, Jules",2017-07-28
3193047,Esclarmonde,艾絲克拉蒙德,,"Massenet, Jules",2017-07-28
3193048,Sapho,莎芙,,"Massenet, Jules",2017-07-28
3193049,Cendrillon,灰姑娘,,"Massenet, Jules",2017-07-28
3193050,Grisélidis,格里賽莉蒂,,"Massenet, Jules",2017-07-28
3193051,Le jongleur de Notre-Dame,聖母院雜耍人,,"Massenet, Jules",2017-07-28
3193052,Chérubin,謝呂班,,"Massenet, Jules",2017-07-28
3193053,Amahl and the Night Visitors,阿瑪與夜訪者,,"Menotti, Gian Carlo",2017-07-28
3193054,Amelia al Ballo,阿梅麗亞赴舞會,,"Menotti, Gian Carlo",2017-07-28
3193055,The Consul,領事,,"Menotti, Gian Carlo",2017-07-28
3193056,The Medium,靈媒,,"Menotti, Gian Carlo",2017-07-28
3193057,The Telephone,電話,,"Menotti, Gian Carlo",2017-07-28
3193058,"The Old Maid and the Thief, radio opera (1939)",老處女與小偷,,"Menotti, Gian Carlo",2017-07-28
3193059,The Island God (1942),島神,,"Menotti, Gian Carlo",2017-07-28
3193060,The Saint of Bleecker Street (1954),布利克街的聖人,,"Menotti, Gian Carlo",2017-07-28
3193061,Maria Golovin (1958),瑪莉亞葛洛文,,"Menotti, Gian Carlo",2017-07-28
3193062,"Labyrinth, television opera (1963)",迷宮,,"Menotti, Gian Carlo",2017-07-28
3193063,The Last Savage (1963),最後的野人,,"Menotti, Gian Carlo",2017-07-28
3193064,Martin's Lie (1964),馬丁的謊言,,"Menotti, Gian Carlo",2017-07-28
3193065,"Help, Help, the Globolinks! (1968)",救命，救命，天外人！,,"Menotti, Gian Carlo",2017-07-28
3193066,The Most Important Man (1971),最重要的人,,"Menotti, Gian Carlo",2017-07-28
3193067,Tamu-Tamu (1973),塔姆-塔姆,,"Menotti, Gian Carlo",2017-07-28
3193068,The Egg (1976),蛋,,"Menotti, Gian Carlo",2017-07-28
3193069,The Hero (1976),英雄,,"Menotti, Gian Carlo",2017-07-28
3193070,The Trial of the Gypsy (1978),吉普賽的審判,,"Menotti, Gian Carlo",2017-07-28
3193071,La loca (1979),狂人,,"Menotti, Gian Carlo",2017-07-28
3193072,A Bride from Pluto (1982),來自冥府的新娘,,"Menotti, Gian Carlo",2017-07-28
3193073,The Boy Who Grew Too Fast (1982),成長太快的男孩,,"Menotti, Gian Carlo",2017-07-28
3193074,Goya (1986),戈雅,,"Menotti, Gian Carlo",2017-07-28
3193075,The Wedding (Giorno da Nozze) (1988),婚禮,,"Menotti, Gian Carlo",2017-07-28
3193076,The Singing Child (1993),歌唱的孩子,,"Menotti, Gian Carlo",2017-07-28
3193077,Les Huguenots,胡格諾教徒,,"Meyerbeer, Giacomo",2017-07-28
3193078,Robert le diable,惡魔羅伯,,"Meyerbeer, Giacomo",2017-07-28
3193079,Le Prophète,先知,,"Meyerbeer, Giacomo",2017-07-28
3193080,L'Africaine,非洲女郎,,"Meyerbeer, Giacomo",2017-07-28
3193081,l'étoile du nord,北方之星,,"Meyerbeer, Giacomo",2017-07-28
3193082,"Dinorah (1859, Opera Comique)",迪諾拉,,"Meyerbeer, Giacomo",2017-07-28
3193083,L'Incoronazione di Poppea,波佩亞的加冕,,"Monteverdi, Claudio",2017-07-28
3193084,Orfeo,奧菲歐,,"Monteverdi, Claudio",2017-07-28
3193085,"L'Arianna,",阿里安娜,,"Monteverdi, Claudio",2017-07-28
3193086,"Il ritorno d'Ulisse in patria,",烏利賽返鄉,,"Monteverdi, Claudio",2017-07-28
3193087,Bastien und Bastienne,巴斯汀和巴斯汀娜｛可愛的牧羊女｝,,"Mozart, Wolfgang Amadeus",2017-07-28
3193088,Così fan tutte,女人皆如此,,"Mozart, Wolfgang Amadeus",2017-07-28
3193089,Der Schauspieldirektor,劇院經理,,"Mozart, Wolfgang Amadeus",2017-07-28
3193090,Die Entführung aus dem Serail,後宮誘逃,,"Mozart, Wolfgang Amadeus",2017-07-28
3193091,Die Zauberflöte,魔笛,,"Mozart, Wolfgang Amadeus",2017-07-28
3193092,Don Giovanni,唐˙喬望尼,,"Mozart, Wolfgang Amadeus",2017-07-28
3193093,Idomeneo,伊多梅尼歐,,"Mozart, Wolfgang Amadeus",2017-07-28
3193094,La Clemeza di Tito,狄托王的仁慈,,"Mozart, Wolfgang Amadeus",2017-07-28
3193095,La finta giardiniera,偽裝女園丁,,"Mozart, Wolfgang Amadeus",2017-07-28
3193096,Le nozze di Figaro,費加洛婚禮,,"Mozart, Wolfgang Amadeus",2017-07-28
3193097,"Mitridate, rè di Ponto",彭特王米特里達特,,"Mozart, Wolfgang Amadeus",2017-07-28
3193098,Zaide,柴德,,"Mozart, Wolfgang Amadeus",2017-07-28
3193099,Die Schuldigkeit des ersten Gebots Part I,第一戒律的罪愆,,"Mozart, Wolfgang Amadeus",2017-07-28
3193100,Apollo et Hyacinthus,阿波羅與雅辛托斯,,"Mozart, Wolfgang Amadeus",2017-07-28
3193101,La finta semplice,單純的偽裝,,"Mozart, Wolfgang Amadeus",2017-07-28
3193102,Ascanio in Alba,阿爾巴的阿斯卡尼歐,,"Mozart, Wolfgang Amadeus",2017-07-28
3193103,Il sogno di Scipione,西皮歐內的夢,,"Mozart, Wolfgang Amadeus",2017-07-28
3193104,Lucio Silla,盧奇歐席拉,,"Mozart, Wolfgang Amadeus",2017-07-28
3193105,La finta giardiniera,冒牌女園丁,,"Mozart, Wolfgang Amadeus",2017-07-28
3193106,"Thamos, König in Ägypten",埃及王塔莫斯,,"Mozart, Wolfgang Amadeus",2017-07-28
3193107,L'oca del Cairo,開羅的鵝,,"Mozart, Wolfgang Amadeus",2017-07-28
3193108,Lo sposo deluso,受騙的丈夫,,"Mozart, Wolfgang Amadeus",2017-07-28
3193109,Boris Godounov,鮑利斯˙戈多諾夫,,"Musorgsky, Modest Petrovich",2017-07-28
3193110,Khovanshchina,賀萬席奇納,,"Musorgsky, Modest Petrovich",2017-07-28
3193111,Die lustigen Weiber von Windsor,溫莎的俏娘兒們,,"Nicolai, Carl Otto",2017-07-28
3193112,La figlia abbandonata,被遺棄的女兒,,"Nicolai, Carl otto",2017-07-28
3193113,Rosmonda d'Inghilterra,英格蘭的羅斯蒙達,,"Nicolai, Carl otto",2017-07-28
3193114,Il templario,聖殿,,"Nicolai, Carl otto",2017-07-28
3193115,Gildippe ed Odoardo,吉蒂珮和愛德華,,"Nicolai, Carl otto",2017-07-28
3193116,Il proscritto,被放逐者,,"Nicolai, Carl otto",2017-07-28
3193117,Die Heimkehr des Verbannten (revision of Il proscritto),被放逐者,,"Nicolai, Carl otto",2017-07-28
3193118,Der Tempelritter (revision of Il templario),聖殿,,"Nicolai, Carl otto",2017-07-28
3193119,Les Contes d'Hoffmann,霍夫曼的故事,,"Offenbach, Jacques",2017-07-28
3193120,Orphée aux Enfers,天堂與地獄,,"Offenbach, Jacques",2017-07-28
3193121,Les deux aveugles,兩個盲人,,"Offenbach, Jacques",2017-07-28
3193123,Mesdames de la Halle,哈勒的女士,,"Offenbach, Jacques",2017-07-28
3193124,Orpheus in the Underworld,天堂與地獄,,"Offenbach, Jacques",2017-07-28
3193125,Jacqueline,賈桂琳,,"Offenbach, Jacques",2017-07-28
3193126,Il signor Fagotto,不修邊幅的男士,,"Offenbach, Jacques",2017-07-28
3193127,La belle Hélène,傾城佳人 (美麗的海倫),,"Offenbach, Jacques",2017-07-28
3193128,Les bergers,牧羊人,,"Offenbach, Jacques",2017-07-28
3193129,Barbe-bleue,藍鬍子,,"Offenbach, Jacques",2017-07-28
3193130,La vie parisienne,巴黎生活,,"Offenbach, Jacques",2017-07-28
3193131,La Grande-Duchesse de Gérolstein,熱羅斯坦公爵夫人,,"Offenbach, Jacques",2017-07-28
3193132,Robinson Crusoé,魯賓遜漂流記,,"Offenbach, Jacques",2017-07-28
3193133,La Périchole,貝莉秀勒,,"Offenbach, Jacques",2017-07-28
3193134,Les brigands,群盜,,"Offenbach, Jacques",2017-07-28
3193135,Madame Favart,法瓦爾夫人,,"Offenbach, Jacques",2017-07-28
3193136,Der Mond,月亮,,"Orff, Carl",2017-07-28
3193137,Die Kluge,伶俐姑娘,,"Orff, Carl",2017-07-28
3193138,Il Barbiere di Siviglia,塞維里亞的理髮師,,"Paisiello, Giovanni",2017-07-28
3193139,Socrate immaginario,想像中的蘇格拉底,,"Paisiello, Giovanni",2017-07-28
3193140,Achille in Sciro,在希羅的阿基雷,,"Paisiello, Giovanni",2017-07-28
3193141,L'amor contrastato,不合身分的戀愛(又名磨坊女郎),,"Paisiello, Giovanni",2017-07-28
3193142,Catone in Utica,在尤悌卡的卡托內,,"Paisiello, Giovanni",2017-07-28
3193143,"Nina, o sia La pazza per amore",尼娜，噢！為愛瘋狂,,"Paisiello, Giovanni",2017-07-28
3193144,I zingari in fiera,市集裡的吉普賽人,,"Paisiello, Giovanni",2017-07-28
3193145,La molinara,磨坊女郎(又名不合身分的戀愛),,"Paisiello, Giovanni",2017-07-28
3193146,La Serva Padrona,管家女僕,,"Pergolesi, Giovanni Battista",2017-07-28
3193147,"Il prigionier superbo,",自豪的囚犯,,"Pergolesi, Giovanni Battista",2017-07-28
3193148,Palestrina,帕勒斯特利納,,"Pfitzner, Hans",2017-07-28
3193149,Der arme Heinrich,可憐的海因利希,,"Pfitzner, Hans",2017-07-28
3193150,Die Rose vom Liebesgarten,愛情花園的玫瑰,,"Pfitzner, Hans",2017-07-28
3193151,Das Christ-Elflein,克利斯艾芙蘭,,"Pfitzner, Hans",2017-07-28
3193152,Das Herz,心,,"Pfitzner, Hans",2017-07-28
3193153,La Gioconda,喬空達,,"Ponchielli, Amilcare",2017-07-28
3193154,Les Mamelles de Tirésias,提雷西亞斯的乳房,,"Poulenc, Francis",2017-07-28
3193155,Lyubov'k trem apel'sinam（The Love for Three Oranges）,三個橘子之戀,,"Prokofiev,  Sergei Sergeyevich",2017-07-28
3193156,Voina i Mir（War and Peace）,戰爭與和平,,"Prokofiev,  Sergei Sergeyevich",2017-07-28
3193157,Gianni Schicchi,強尼˙史基基,,"Puccini, Giacomo",2017-07-28
3193158,Il Tabarro,外套,,"Puccini, Giacomo",2017-07-28
3193159,La Bohème,藝術家的生涯,,"Puccini, Giacomo",2017-07-28
3193160,La Fanciulla del West,西部姑娘,,"Puccini, Giacomo",2017-07-28
3193161,La Rondine,燕子,,"Puccini, Giacomo",2017-07-28
3193162,Madama Butterfly,蝴蝶夫人,,"Puccini, Giacomo",2017-07-28
3193163,Manon Lescaut,瑪儂˙雷斯可,,"Puccini, Giacomo",2017-07-28
3193164,Suor Angelica,安潔莉卡修女,,"Puccini, Giacomo",2017-07-28
3193165,Tosca,托斯卡,,"Puccini, Giacomo",2017-07-28
3193166,Turandot,杜蘭朵公主,,"Puccini, Giacomo",2017-07-28
3193167,Le Villi,群妖圍舞,,"Puccini, Giacomo",2017-07-28
3193168,Edgar,愛德嘉,,"Puccini, Giacomo",2017-07-28
3193169,Il trittico,三連劇,,"Puccini, Giacomo",2017-07-28
3193170,Dido and Aeneas,戴多和艾尼亞斯,,"Purcell, Henry",2017-07-28
3193171,Aleko,阿列科,,"Rachmaninoff, Sergey Vassilievitch",2017-07-28
3193172,L'Enfant et les Sortilèges,頑童與魔法,,"Ravel, Maurice",2017-07-28
3193173,L'Heure Espagnole,西班牙時間,,"Ravel, Maurice",2017-07-28
3193174,Arabella,阿拉貝拉,,Richard Strauss,2017-07-28
3193175,Ariadne auf Naxos,納索斯島的阿麗亞德妮,,Richard Strauss,2017-07-28
3193176,Capriccio,隨想曲,,Richard Strauss,2017-07-28
3193177,Der Rosenkavalier,玫瑰騎士,,Richard Strauss,2017-07-28
3193178,Die Frau ohne Schatten,沒有影子的女人,,Richard Strauss,2017-07-28
3193179,Die schweigsame Frau,沉默的女人,,Richard Strauss,2017-07-28
3193180,Elektra,艾蕾克特拉,,Richard Strauss,2017-07-28
3193181,Salome,莎樂美,,Richard Strauss,2017-07-28
3193182,Sadko,薩德科,,"Rimsky-Korsakov, Nicolai Andreievitch",2017-07-28
3193183,Tsarskaya Nevesta,沙皇的新娘,,"Rimsky-Korsakov, Nicolai Andreievitch",2017-07-28
3193184,Zolotoi Petushok,金雞,,"Rimsky-Korsakov, Nicolai Andreievitch",2017-07-28
3193185,The Student Prince,學生王子,,"Romborg, Sigmund",2017-07-28
3193186,"Elisabetta, Regina d'Inghilterra",英國女王伊麗莎白,,"Rossini, Gioacchino",2017-07-28
3193187,Guglielmo Tell(Guillaume Tell),威廉泰爾,,"Rossini, Gioacchino",2017-07-28
3193188,Il Barbiere di Siviglia,塞維里亞的理髮師,,"Rossini, Gioacchino",2017-07-28
3193189,Il Turco in Italia,義大利的土耳其人,,"Rossini, Gioacchino",2017-07-28
3193190,La Cenerentola,灰姑娘,,"Rossini, Gioacchino",2017-07-28
3193191,L'Italiana in Algeri,阿爾及利亞的義大利女郎,,"Rossini, Gioacchino",2017-07-28
3193192,Semiramide,賽米拉米德,,"Rossini, Gioacchino",2017-07-28
3193193,Demetrio e Polibio,德美特利歐和波利畢歐,,"Rossini, Gioacchino",2017-07-28
3193194,La cambiale di matrimonio,交換的婚姻,,"Rossini, Gioacchino",2017-07-28
3193195,L'equivoco stravagante,奇異的誤解,,"Rossini, Gioacchino",2017-07-28
3193196,L'inganno felice,幸福的欺騙,,"Rossini, Gioacchino",2017-07-28
3193197,"Ciro in Babilonia, ossia La caduta di Baldassare",在巴比倫的奇羅，或巴德薩雷的毀滅,,"Rossini, Gioacchino",2017-07-28
3193198,La scala di seta,絹絲樓梯,,"Rossini, Gioacchino",2017-07-28
3193199,La pietra del paragone,試金石,,"Rossini, Gioacchino",2017-07-28
3193200,"L'occasione fa il ladro, ossia Il cambio della valigia",偷天換日,,"Rossini, Gioacchino",2017-07-28
3193201,"Il signor Bruschino, ossia Il figlio per azzardo",布魯斯奇諾先生，或冒充之子,,"Rossini, Gioacchino",2017-07-28
3193202,Tancredi,唐克雷第,,"Rossini, Gioacchino",2017-07-28
3193203,Aureliano in Palmira,在帕米拉的奧雷里亞諾,,"Rossini, Gioacchino",2017-07-28
3193204,Torvaldo e Dorliska,托瓦多和多莉絲卡,,"Rossini, Gioacchino",2017-07-28
3193205,"La gazzetta, ossia Il matrimonio per concorso",徵婚啟事，或競爭的婚姻,,"Rossini, Gioacchino",2017-07-28
3193206,"Otello, ossia Il Moro di Venezia",奧泰羅,,"Rossini, Gioacchino",2017-07-28
3193207,La gazza ladra,鵲賊,,"Rossini, Gioacchino",2017-07-28
3193208,Armida,阿米達,,"Rossini, Gioacchino",2017-07-28
3193209,"Adelaide di Borgogna, ossia Ottone, re d'Italia",波哥尼亞的阿德萊德，或義大利國王歐托內,,"Rossini, Gioacchino",2017-07-28
3193210,Mosè in Egitto,在埃及的摩西,,"Rossini, Gioacchino",2017-07-28
3193211,"Adina, ossia Il califfo di Bagdad",阿蒂娜，或巴格達的王,,"Rossini, Gioacchino",2017-07-28
3193212,Ricciardo e Zoraide,李奇阿多和佐萊伊德,,"Rossini, Gioacchino",2017-07-28
3193213,Ermione,艾繆內,,"Rossini, Gioacchino",2017-07-28
3193214,Eduardo e Cristina,愛德華和克莉絲提娜,,"Rossini, Gioacchino",2017-07-28
3193215,La donna del lago,湖上女郎,,"Rossini, Gioacchino",2017-07-28
3193216,"Bianca e Falliero, ossia Il consiglio dei tre",比安卡和法里耶羅，或三個忠告,,"Rossini, Gioacchino",2017-07-28
3193217,Maometto II,毛梅多二世,,"Rossini, Gioacchino",2017-07-28
3193218,Zelmira,柴米拉,,"Rossini, Gioacchino",2017-07-28
3193219,"Il viaggio a Reims, ossia L'albergo del Giglio d'Oro",萊姆斯之旅，或吉里歐的客棧,,"Rossini, Gioacchino",2017-07-28
3193220,L'assedio di Corinto (Le siège de Corinthe),哥林多被圍,,"Rossini, Gioacchino",2017-07-28
3193221,"Moïse et Pharaon, ou Le passage de la mer rouge",摩西和法老，或摩西過紅海,,"Rossini, Gioacchino",2017-07-28
3193222,Le comte Ory,奧里伯爵,,"Rossini, Gioacchino",2017-07-28
3193223,Samson et Dalila,參孫和達莉拉,,"Saint-Saëns, Camille",2017-07-28
3193224,Erwartung,期待,,"Schönberg, Arnold",2017-07-28
3193225,Moses und Aron,摩西與亞倫,,"Schönberg, Arnold",2017-07-28
3193226,Lady Macbeth Mtsenskogo Uyezda,慕真斯克郡的馬克白夫人,,"Shostakovitch, Dmitri",2017-07-28
3193227,Nose,鼻子,,"Shostakovitch, Dmitri",2017-07-28
3193228,Prodaná nevěsta,被出賣的新娘,,"Smetana, Bedrich",2017-07-28
3193229,Der Zigeunerbaron,吉普賽男爵,,"Strauss, Johann",2017-07-28
3193230,Die Fledermaus,蝙蝠,,"Strauss, Johann",2017-07-28
3193231,Wiener Blut,維也納氣質,,"Strauss, Johann",2017-07-28
3193232,Oedipus Rex,伊底帕斯王,,"Stravinsky, Igor",2017-07-28
3193233,The Rake's Progress,浪子的歷程,,"Stravinsky, Igor",2017-07-28
3193234,Boccaccio,薄伽丘,,"Suppe, Franz von",2017-07-28
3193235,Die schöne Galatea,美麗的嘉拉蒂雅,,"Suppe, Franz von",2017-07-28
3193236,Evgeny Onegin,尤金˙奧涅金,,"Tchaikovsky, Piotr Ilytch",2017-07-28
3193237,Jeanne d'Arc,聖女貞德,,"Tchaikovsky, Piotr Ilytch",2017-07-28
3193238,Pikovaya Dama,黑桃皇后,,"Tchaikovsky, Piotr Ilytch",2017-07-28
3193239,Pimpinone,平皮諾內,,"Telemann, Georg Philipp",2017-07-28
3193240,Mignon,迷孃,,"Thomas, Ambroise",2017-07-28
3193241,Attila,阿提拉,,"Verdi, Giuseppe",2017-07-28
3193242,Ernani,艾納尼,,"Verdi, Giuseppe",2017-07-28
3193243,I Lombardi alla prima Crociata,第一次十字軍東征的隆巴第人,,"Verdi, Giuseppe",2017-07-28
3193244,I Masnadieri,強盜,,"Verdi, Giuseppe",2017-07-28
3193245,Macbeth,馬克白,,"Verdi, Giuseppe",2017-07-28
3193246,Nabucco,納布果,,"Verdi, Giuseppe",2017-07-28
3193247,Un Giorno di Regno,一日國王,,"Verdi, Giuseppe",2017-07-28
3193248,Aida,阿伊達,,"Verdi, Giuseppe",2017-07-28
3193249,Don Carlo,唐˙卡羅,,"Verdi, Giuseppe",2017-07-28
3193250,Falstaff,法斯塔夫,,"Verdi, Giuseppe",2017-07-28
3193251,I Vespri Siciliani,西西里晚禱,,"Verdi, Giuseppe",2017-07-28
3193252,Il Trovatore,遊唱詩人,,"Verdi, Giuseppe",2017-07-28
3193253,La Forza del Destino,命運之力,,"Verdi, Giuseppe",2017-07-28
3193254,La Traviata,茶花女,,"Verdi, Giuseppe",2017-07-28
3193255,Luisa Miller,露易莎˙米勒,,"Verdi, Giuseppe",2017-07-28
3193256,Otello,奧泰羅,,"Verdi, Giuseppe",2017-07-28
3193257,Rigoletto,弄臣,,"Verdi, Giuseppe",2017-07-28
3193258,Simon Boccanegra,西蒙˙玻卡內格拉,,"Verdi, Giuseppe",2017-07-28
3193259,Stiffelio,斯第費里歐,,"Verdi, Giuseppe",2017-07-28
3193260,Un Ballo in Maschera,假面舞會,,"Verdi, Giuseppe",2017-07-28
3193261,Oberto,奧伯多,,"Verdi, Giuseppe",2017-07-28
3193262,I due Foscari,父子情深,,"Verdi, Giuseppe",2017-07-28
3193263,Giovanna d'Arco,聖女貞德,,"Verdi, Giuseppe",2017-07-28
3193264,Alzira,阿奇拉,,"Verdi, Giuseppe",2017-07-28
3193265,Jérusalem,耶路薩冷,,"Verdi, Giuseppe",2017-07-28
3193266,Il corsaro,海盜,,"Verdi, Giuseppe",2017-07-28
3193267,La battaglia di Legnano,雷尼亞諾戰役,,"Verdi, Giuseppe",2017-07-28
3193268,Les vêpres siciliennes,西西里晚禱,,"Verdi, Giuseppe",2017-07-28
3193269,Aroldo (A major revision of Stiffelio),阿洛多,,"Verdi, Giuseppe",2017-07-28
3193270,Das Rheingold,萊茵的黃金,,"Wagner, Richard",2017-07-28
3193271,Der fliegende Holländer,漂泊的荷蘭人,,"Wagner, Richard",2017-07-28
3193272,Der Ring des Niebelungen,尼貝龍指環,,"Wagner, Richard",2017-07-28
3193273,Die Feen,仙女,,"Wagner, Richard",2017-07-28
3193274,Die Meistersinger von Nürnberg,紐倫堡的名歌手,,"Wagner, Richard",2017-07-28
3193275,Die Walküre,女武神,,"Wagner, Richard",2017-07-28
3193276,Götterdämmerung,諸神的黃昏,,"Wagner, Richard",2017-07-28
3193277,Lohengrin,羅恩格林,,"Wagner, Richard",2017-07-28
3193278,Parsifal,帕西法爾,,"Wagner, Richard",2017-07-28
3193279,Rienzi,黎恩濟,,"Wagner, Richard",2017-07-28
3193280,Siegfried,齊格菲,,"Wagner, Richard",2017-07-28
3193281,Tannhäuser,唐懷瑟,,"Wagner, Richard",2017-07-28
3193282,Tristan und Isolde,崔斯坦與伊索德,,"Wagner, Richard",2017-07-28
3193283,Der Freischütz,魔彈射手,,"Weber, Carl Maria von",2017-07-28
3193284,Euryanthe,歐麗安特,,"Weber, Carl Maria von",2017-07-28
3193285,Oberon,歐伯龍,,"Weber, Carl Maria von",2017-07-28
3193286,Die Macht der Liebe und des Weins,愛情與美酒,,"Weber, Carl Maria von",2017-07-28
3193287,Das (stumme) Waldmädchen,森林少女,,"Weber, Carl Maria von",2017-07-28
3193288,Rübezahl,森林精靈,,"Weber, Carl Maria von",2017-07-28
3193289,Peter Schmoll und seine Nachbarn,彼得舒摩和他的鄰居,,"Weber, Carl Maria von",2017-07-28
3193290,Silvana,席瓦娜,,"Weber, Carl Maria von",2017-07-28
3193291,Indigo und die vierzig Räuber,因第戈與四十大盜,,"Strauss, Johann",2017-07-28
3193292,Der Karneval in Rom,羅馬狂歡節,,"Strauss, Johann",2017-07-28
3193293,Cagliostro in Wien,卡里歐斯特在維也納,,"Strauss, Johann",2017-07-28
3193294,Prinz Methusalem,梅杜撒冷王子,,"Strauss, Johann",2017-07-28
3193295,Blindekuh,捉迷藏,,"Strauss, Johann",2017-07-28
3193296,Das Spitzentuch der Königin,皇后的蕾絲披肩,,"Strauss, Johann",2017-07-28
3193297,Der lustige Krieg,歡樂戰爭,,"Strauss, Johann",2017-07-28
3193298,Lo frate 'nnamorato (The brother in love）,兄弟之愛,,"Pergolesi,  Giovanni Battista",2017-07-28
3193299,The Fairy-Queen,仙后,,"Purcell,  Henry",2017-07-28
3193300,The Indian Queen,印度皇后,,"Purcell,  Henry",2017-07-28
3193301,King Arthur,亞瑟王,,"Purcell,  Henry",2017-07-28
3193302,Hamlet,哈姆雷特,,"Thomas,  Ambroise",2017-07-28
3193303,Hippolyte et Aricie,伊伯利特與阿莉西,,"Rameau,  Jean-Philippe",2017-07-28
3193304,Castor et Pollux,卡斯托與波路克斯,,"Rameau,  Jean-Philippe",2017-07-28
3193305,Dardanus,達爾達奴斯,,"Rameau,  Jean-Philippe",2017-07-28
3193306,Zoroastre,索羅阿斯特,,"Rameau,  Jean-Philippe",2017-07-28
3193307,Les Boréades,波雷亞的子民,,"Rameau,  Jean-Philippe",2017-07-28
3193308,Platée,普拉蒂耶（天賜良緣）,,"Rameau,  Jean-Philippe",2017-07-28
3193309,Les Paladins,遊俠騎士,,"Rameau,  Jean-Philippe",2017-07-28
